[
  {
    "unitid":101569,
    "name":"Lawson State Community College",
    "state":"AL",
    "city":"Livingston"
  },
  {
    "unitid":101602,
    "name":"Lurleen B Wallace Community College",
    "state":"AL",
    "city":"Marion"
  },
  {
    "unitid":106342,
    "name":"Lyon College",
    "state":"AR",
    "city":"Fayetteville"
  },
  {
    "unitid":117104,
    "name":"Life Pacific University",
    "state":"CA",
    "city":"Oakland"
  },
  {
    "unitid":117168,
    "name":"Laguna College of Art and Design",
    "state":"CA",
    "city":"Riverside"
  },
  {
    "unitid":117195,
    "name":"Lake Tahoe Community College",
    "state":"CA",
    "city":"Loma Linda"
  },
  {
    "unitid":117238,
    "name":"Lancaster Beauty School",
    "state":"CA",
    "city":"Long Beach"
  },
  {
    "unitid":117247,
    "name":"Laney College",
    "state":"CA",
    "city":"Whittier"
  },
  {
    "unitid":117274,
    "name":"Lassen Community College",
    "state":"CA",
    "city":"Wilmington"
  },
  {
    "unitid":117283,
    "name":"Latin American Bible Institute",
    "state":"CA",
    "city":"Woodland Hills"
  },
  {
    "unitid":117520,
    "name":"Life Chiropractic College West",
    "state":"CA",
    "city":"Los Angeles"
  },
  {
    "unitid":117557,
    "name":"Lincoln University",
    "state":"CA",
    "city":"Los Angeles"
  },
  {
    "unitid":117627,
    "name":"La Sierra University",
    "state":"CA",
    "city":"Santa Clarita"
  },
  {
    "unitid":117636,
    "name":"Loma Linda University",
    "state":"CA",
    "city":"Los Angeles"
  },
  {
    "unitid":117645,
    "name":"Long Beach City College",
    "state":"CA",
    "city":"Los Angeles"
  },
  {
    "unitid":117681,
    "name":"Los Angeles Community College District Office",
    "state":"CA",
    "city":"Pittsburg"
  },
  {
    "unitid":117690,
    "name":"Los Angeles Harbor College",
    "state":"CA",
    "city":"Los Angeles"
  },
  {
    "unitid":117706,
    "name":"Los Angeles Pierce College",
    "state":"CA",
    "city":"Ventura"
  },
  {
    "unitid":117715,
    "name":"Los Angeles Southwest College",
    "state":"CA",
    "city":"Bakersfield"
  },
  {
    "unitid":117724,
    "name":"Los Angeles Trade Technical College",
    "state":"CA",
    "city":"Fresno"
  },
  {
    "unitid":117733,
    "name":"Los Angeles Valley College",
    "state":"CA",
    "city":"Santa Rosa"
  },
  {
    "unitid":117788,
    "name":"Los Angeles City College",
    "state":"CA",
    "city":"Kentfield"
  },
  {
    "unitid":117803,
    "name":"Los Angeles County College of Nursing and Allied Health",
    "state":"CA",
    "city":"Ukiah"
  },
  {
    "unitid":117867,
    "name":"Los Angeles Mission College",
    "state":"CA",
    "city":"Atherton"
  },
  {
    "unitid":117894,
    "name":"Los Medanos College",
    "state":"CA",
    "city":"Merced"
  },
  {
    "unitid":117900,
    "name":"Los Rios Community College District Office",
    "state":"CA",
    "city":"Oakland"
  },
  {
    "unitid":117946,
    "name":"Loyola Marymount University",
    "state":"CA",
    "city":"Oceanside"
  },
  {
    "unitid":117955,
    "name":"Lu Ross Academy",
    "state":"CA",
    "city":"Santa Clara"
  },
  {
    "unitid":118134,
    "name":"Lyle's College of Beauty",
    "state":"CA",
    "city":"Oxnard"
  },
  {
    "unitid":118143,
    "name":"Lyle's College of  Beauty",
    "state":"CA",
    "city":"Modesto"
  },
  {
    "unitid":118161,
    "name":"Lytles Redwood Empire Beauty College",
    "state":"CA",
    "city":"Oakland"
  },
  {
    "unitid":126951,
    "name":"Lincoln College of Technology-Denver",
    "state":"CO",
    "city":"Denver"
  },
  {
    "unitid":127389,
    "name":"Lamar Community College",
    "state":"CO",
    "city":"Gunnison"
  },
  {
    "unitid":129181,
    "name":"Lincoln Technical Institute-East Windsor",
    "state":"CT",
    "city":"Waterbury"
  },
  {
    "unitid":129923,
    "name":"Lincoln Technical Institute-New Britain",
    "state":"DE",
    "city":"Dover"
  },
  {
    "unitid":132657,
    "name":"Lynn University",
    "state":"FL",
    "city":"Tampa"
  },
  {
    "unitid":133155,
    "name":"Lorenzo Walker Technical College",
    "state":"FL",
    "city":"Gainesville"
  },
  {
    "unitid":135142,
    "name":"La Belle Beauty School",
    "state":"FL",
    "city":"West Palm Beach"
  },
  {
    "unitid":135179,
    "name":"Lake Technical College",
    "state":"FL",
    "city":"New Port Richey"
  },
  {
    "unitid":135188,
    "name":"Lake-Sumter State College",
    "state":"FL",
    "city":"Pensacola"
  },
  {
    "unitid":135276,
    "name":"Lively Technical College",
    "state":"FL",
    "city":"Winter Haven"
  },
  {
    "unitid":135294,
    "name":"Lindsey Hopkins Technical College",
    "state":"FL",
    "city":"Milton"
  },
  {
    "unitid":135337,
    "name":"Loraines Academy & Spa",
    "state":"FL",
    "city":"Boynton Beach"
  },
  {
    "unitid":135364,
    "name":"Luther Rice College & Seminary",
    "state":"FL",
    "city":"Winter Haven"
  },
  {
    "unitid":140234,
    "name":"LaGrange College",
    "state":"GA",
    "city":"Valdosta"
  },
  {
    "unitid":140243,
    "name":"Lanier Technical College",
    "state":"GA",
    "city":"Valdosta"
  },
  {
    "unitid":140252,
    "name":"Life University",
    "state":"GA",
    "city":"Macon"
  },
  {
    "unitid":141811,
    "name":"Leeward Community College",
    "state":"IL",
    "city":"Belleville"
  },
  {
    "unitid":142328,
    "name":"Lewis-Clark State College",
    "state":"IL",
    "city":"Galesburg"
  },
  {
    "unitid":146481,
    "name":"Lake Forest College",
    "state":"IL",
    "city":"Niles"
  },
  {
    "unitid":146490,
    "name":"Lake Forest Graduate School of Management",
    "state":"IL",
    "city":"Naperville"
  },
  {
    "unitid":146506,
    "name":"Lake Land College",
    "state":"IL",
    "city":"Chicago"
  },
  {
    "unitid":146533,
    "name":"Lakeview College of Nursing",
    "state":"IL",
    "city":"Lisle"
  },
  {
    "unitid":146603,
    "name":"Lewis and Clark Community College",
    "state":"IL",
    "city":"Dekalb"
  },
  {
    "unitid":146612,
    "name":"Lewis University",
    "state":"IL",
    "city":"Evanston"
  },
  {
    "unitid":146667,
    "name":"Lincoln Christian University",
    "state":"IL",
    "city":"Chicago"
  },
  {
    "unitid":146685,
    "name":"Lincoln Land Community College",
    "state":"IL",
    "city":"Des Plaines"
  },
  {
    "unitid":146700,
    "name":"Lincoln College of Technology-Melrose Park",
    "state":"IL",
    "city":"East Peoria"
  },
  {
    "unitid":146719,
    "name":"Loyola University Chicago",
    "state":"IL",
    "city":"Bourbonnais"
  },
  {
    "unitid":146728,
    "name":"Lutheran School of Theology at Chicago",
    "state":"IL",
    "city":"Champaign"
  },
  {
    "unitid":151661,
    "name":"Lincoln College of Technology-Indianapolis",
    "state":"IA",
    "city":"Cedar Rapids"
  },
  {
    "unitid":153746,
    "name":"La James International College-Cedar Falls",
    "state":"IA",
    "city":"Fayette"
  },
  {
    "unitid":153764,
    "name":"La James International College-Johnston",
    "state":"IA",
    "city":"Forest City"
  },
  {
    "unitid":153773,
    "name":"La James College of Hairstyling and Cosmetology",
    "state":"IA",
    "city":"Waverly"
  },
  {
    "unitid":153782,
    "name":"La James International College-Ft Dodge",
    "state":"IA",
    "city":"Dubuque"
  },
  {
    "unitid":153825,
    "name":"Loras College",
    "state":"IA",
    "city":"Cedar Falls"
  },
  {
    "unitid":153834,
    "name":"Luther College",
    "state":"IA",
    "city":"Sioux City"
  },
  {
    "unitid":154332,
    "name":"La James International College-Davenport",
    "state":"KS",
    "city":"Emporia"
  },
  {
    "unitid":155450,
    "name":"Labette Community College",
    "state":"KY",
    "city":"Bowling Green"
  },
  {
    "unitid":157207,
    "name":"Lexington Theological Seminary",
    "state":"LA",
    "city":"Baton Rouge"
  },
  {
    "unitid":157216,
    "name":"Lindsey Wilson College",
    "state":"LA",
    "city":"Bossier City"
  },
  {
    "unitid":157298,
    "name":"Louisville Presbyterian Theological Seminary",
    "state":"LA",
    "city":"West Monroe"
  },
  {
    "unitid":159373,
    "name":"Louisiana State University Health Sciences Center-New Orleans",
    "state":"LA",
    "city":"New Orleans"
  },
  {
    "unitid":159382,
    "name":"Louisiana State University-Alexandria",
    "state":"LA",
    "city":"Hammond"
  },
  {
    "unitid":159391,
    "name":"Louisiana State University and Agricultural & Mechanical College",
    "state":"LA",
    "city":"Baton Rouge"
  },
  {
    "unitid":159407,
    "name":"Louisiana State University-Eunice",
    "state":"LA",
    "city":"New Orleans"
  },
  {
    "unitid":159416,
    "name":"Louisiana State University-Shreveport",
    "state":"LA",
    "city":"Shreveport"
  },
  {
    "unitid":159531,
    "name":"Louisiana Academy of Beauty",
    "state":"LA",
    "city":"New Orleans"
  },
  {
    "unitid":159568,
    "name":"Louisiana Christian University",
    "state":"LA",
    "city":"New Orleans"
  },
  {
    "unitid":159647,
    "name":"Louisiana Tech University",
    "state":"ME",
    "city":"Lewiston"
  },
  {
    "unitid":159656,
    "name":"Loyola University New Orleans",
    "state":"ME",
    "city":"Bangor"
  },
  {
    "unitid":160472,
    "name":"LaSalle Tech",
    "state":"ME",
    "city":"Presque Isle"
  },
  {
    "unitid":163028,
    "name":"Lincoln College of Technology-Columbia",
    "state":"MA",
    "city":"Marlborough"
  },
  {
    "unitid":163046,
    "name":"Loyola University Maryland",
    "state":"MA",
    "city":"Worcester"
  },
  {
    "unitid":165264,
    "name":"Laboure College of Healthcare",
    "state":"MA",
    "city":"Boston"
  },
  {
    "unitid":165556,
    "name":"Lincoln Technical Institute-Somerville",
    "state":"MA",
    "city":"Cambridge"
  },
  {
    "unitid":166391,
    "name":"Lasell University",
    "state":"MA",
    "city":"Chicopee"
  },
  {
    "unitid":166407,
    "name":"Lawrence Memorial Hospital School of Nursing",
    "state":"MA",
    "city":"Weston"
  },
  {
    "unitid":166452,
    "name":"Lesley University",
    "state":"MA",
    "city":"Quincy"
  },
  {
    "unitid":166489,
    "name":"Longy School of Music of Bard College",
    "state":"MA",
    "city":"Worcester"
  },
  {
    "unitid":166498,
    "name":"Lowell Academy Hairstyling Institute",
    "state":"MA",
    "city":"Weston"
  },
  {
    "unitid":170620,
    "name":"Lake Michigan College",
    "state":"MI",
    "city":"Port Huron"
  },
  {
    "unitid":170639,
    "name":"Lake Superior State University",
    "state":"MI",
    "city":"Dowagiac"
  },
  {
    "unitid":170657,
    "name":"Lansing Community College",
    "state":"MI",
    "city":"Spring Arbor"
  },
  {
    "unitid":170675,
    "name":"Lawrence Technological University",
    "state":"MI",
    "city":"Plainwell"
  },
  {
    "unitid":173461,
    "name":"Lake Superior College",
    "state":"MN",
    "city":"Rochester"
  },
  {
    "unitid":173896,
    "name":"Luther Seminary",
    "state":"MN",
    "city":"Bloomington"
  },
  {
    "unitid":177931,
    "name":"Lex La-Ray Technical Center",
    "state":"MO",
    "city":"Bridgeton"
  },
  {
    "unitid":177940,
    "name":"Lincoln University",
    "state":"KS",
    "city":"Leawood"
  },
  {
    "unitid":177968,
    "name":"Lindenwood University",
    "state":"MO",
    "city":"Bolivar"
  },
  {
    "unitid":177986,
    "name":"Logan University",
    "state":"MO",
    "city":"Saint Louis"
  },
  {
    "unitid":180328,
    "name":"Little Big Horn College",
    "state":"NE",
    "city":"Lincoln"
  },
  {
    "unitid":182148,
    "name":"Las Vegas College",
    "state":"NJ",
    "city":"Mays Landing"
  },
  {
    "unitid":183123,
    "name":"Lakes Region Community College",
    "state":"NJ",
    "city":"Sewell"
  },
  {
    "unitid":184056,
    "name":"Lincoln Technical Institute-Iselin",
    "state":"NJ",
    "city":"Princeton"
  },
  {
    "unitid":184427,
    "name":"Lincoln Technical Institute-South Plainfield",
    "state":"NJ",
    "city":"Camden"
  },
  {
    "unitid":185396,
    "name":"Lincoln Technical Institute-Union",
    "state":"NJ",
    "city":"Cranford"
  },
  {
    "unitid":192271,
    "name":"LIM College",
    "state":"NY",
    "city":"New York"
  },
  {
    "unitid":192323,
    "name":"Le Moyne College",
    "state":"NY",
    "city":"New York"
  },
  {
    "unitid":192448,
    "name":"Long Island University",
    "state":"NY",
    "city":"Sanborn"
  },
  {
    "unitid":192484,
    "name":"Long Island Beauty School-Hempstead",
    "state":"NY",
    "city":"Niagara University"
  },
  {
    "unitid":192509,
    "name":"Long Island Business Institute",
    "state":"NY",
    "city":"Peekskill"
  },
  {
    "unitid":198808,
    "name":"Lees-McRae College",
    "state":"NC",
    "city":"Lumberton"
  },
  {
    "unitid":198817,
    "name":"Lenoir Community College",
    "state":"NC",
    "city":"Wentworth"
  },
  {
    "unitid":198835,
    "name":"Lenoir-Rhyne University",
    "state":"NC",
    "city":"Salisbury"
  },
  {
    "unitid":198844,
    "name":"Leons Beauty School Inc",
    "state":"NC",
    "city":"Raleigh"
  },
  {
    "unitid":198862,
    "name":"Livingstone College",
    "state":"NC",
    "city":"Winston-Salem"
  },
  {
    "unitid":198871,
    "name":"Louisburg College",
    "state":"NC",
    "city":"Clinton"
  },
  {
    "unitid":200192,
    "name":"Lake Region State College",
    "state":"OH",
    "city":"Independence"
  },
  {
    "unitid":203580,
    "name":"Lake Erie College",
    "state":"OH",
    "city":"Lima"
  },
  {
    "unitid":203599,
    "name":"Lakeland Community College",
    "state":"OH",
    "city":"Columbus"
  },
  {
    "unitid":203748,
    "name":"Lorain County Community College",
    "state":"OH",
    "city":"Chillicothe"
  },
  {
    "unitid":203757,
    "name":"Lourdes University",
    "state":"OH",
    "city":"Ironton"
  },
  {
    "unitid":207209,
    "name":"Langston University",
    "state":"OR",
    "city":"Portland"
  },
  {
    "unitid":209038,
    "name":"Lane Community College",
    "state":"PA",
    "city":"Pittsburgh"
  },
  {
    "unitid":209056,
    "name":"Lewis & Clark College",
    "state":"PA",
    "city":"Meadville"
  },
  {
    "unitid":209065,
    "name":"Linfield University",
    "state":"PA",
    "city":"Whitehall"
  },
  {
    "unitid":209074,
    "name":"Linn-Benton Community College",
    "state":"PA",
    "city":"Center Valley"
  },
  {
    "unitid":213358,
    "name":"La Roche University",
    "state":"PA",
    "city":"Malvern"
  },
  {
    "unitid":213367,
    "name":"La Salle University",
    "state":"PA",
    "city":"New Kensington"
  },
  {
    "unitid":213376,
    "name":"Lackawanna College",
    "state":"PA",
    "city":"Sharon"
  },
  {
    "unitid":213385,
    "name":"Lafayette College",
    "state":"PA",
    "city":"Dallas"
  },
  {
    "unitid":213400,
    "name":"Lancaster Bible College",
    "state":"PA",
    "city":"Dunmore"
  },
  {
    "unitid":213446,
    "name":"Lancaster Theological Seminary",
    "state":"PA",
    "city":"Center Valley"
  },
  {
    "unitid":213455,
    "name":"Lancaster School of Cosmetology & Therapeutic Bodywork",
    "state":"PA",
    "city":"Altoona"
  },
  {
    "unitid":213473,
    "name":"Lansdale School of Business",
    "state":"PA",
    "city":"Monaca"
  },
  {
    "unitid":213491,
    "name":"Lansdale School of Cosmetology Inc",
    "state":"PA",
    "city":"Reading"
  },
  {
    "unitid":213507,
    "name":"Lebanon Valley College",
    "state":"PA",
    "city":"Middletown"
  },
  {
    "unitid":213525,
    "name":"Lehigh Carbon Community College",
    "state":"PA",
    "city":"Media"
  },
  {
    "unitid":213543,
    "name":"Lehigh University",
    "state":"PA",
    "city":"Lemont Furnace"
  },
  {
    "unitid":213570,
    "name":"Lincoln Technical Institute-Allentown",
    "state":"PA",
    "city":"Hazleton"
  },
  {
    "unitid":213589,
    "name":"Lincoln Technical Institute-Philadelphia",
    "state":"PA",
    "city":"University Park"
  },
  {
    "unitid":213598,
    "name":"Lincoln University",
    "state":"PA",
    "city":"McKeesport"
  },
  {
    "unitid":213659,
    "name":"Luzerne County Community College",
    "state":"PA",
    "city":"Schuylkill Haven"
  },
  {
    "unitid":213668,
    "name":"Lycoming College",
    "state":"PA",
    "city":"York"
  },
  {
    "unitid":215992,
    "name":"Laurel Technical Institute",
    "state":"RI",
    "city":"Providence"
  },
  {
    "unitid":218229,
    "name":"Lander University",
    "state":"SD",
    "city":"Aberdeen"
  },
  {
    "unitid":218238,
    "name":"Limestone University",
    "state":"SD",
    "city":"Kyle"
  },
  {
    "unitid":219143,
    "name":"Lake Area Technical College",
    "state":"TN",
    "city":"Chattanooga"
  },
  {
    "unitid":219976,
    "name":"Lipscomb University",
    "state":"TN",
    "city":"Pulaski"
  },
  {
    "unitid":220598,
    "name":"Lane College",
    "state":"TN",
    "city":"Nashville"
  },
  {
    "unitid":220604,
    "name":"Le Moyne-Owen College",
    "state":"TN",
    "city":"Cookeville"
  },
  {
    "unitid":220613,
    "name":"Lee University",
    "state":"TN",
    "city":"Nashville"
  },
  {
    "unitid":220631,
    "name":"Lincoln Memorial University",
    "state":"TN",
    "city":"Blountville"
  },
  {
    "unitid":221148,
    "name":"Lincoln College of Technology-Nashville",
    "state":"TX",
    "city":"Houston"
  },
  {
    "unitid":226091,
    "name":"Lamar University",
    "state":"TX",
    "city":"San Antonio"
  },
  {
    "unitid":226107,
    "name":"Lamar State College-Orange",
    "state":"TX",
    "city":"Pasadena"
  },
  {
    "unitid":226116,
    "name":"Lamar State College-Port Arthur",
    "state":"TX",
    "city":"Kerrville"
  },
  {
    "unitid":226125,
    "name":"Laredo Beauty College Inc",
    "state":"TX",
    "city":"Seguin"
  },
  {
    "unitid":226134,
    "name":"Laredo College",
    "state":"TX",
    "city":"San Antonio"
  },
  {
    "unitid":226204,
    "name":"Lee College",
    "state":"TX",
    "city":"Corpus Christi"
  },
  {
    "unitid":226231,
    "name":"LeTourneau University",
    "state":"TX",
    "city":"Houston"
  },
  {
    "unitid":226277,
    "name":"Lincoln College of Technology-Grand Prairie",
    "state":"TX",
    "city":"Weslaco"
  },
  {
    "unitid":226383,
    "name":"Lubbock Christian University",
    "state":"TX",
    "city":"McAllen"
  },
  {
    "unitid":227182,
    "name":"Lone Star College System",
    "state":"TX",
    "city":"Temple"
  },
  {
    "unitid":232557,
    "name":"Liberty University",
    "state":"VA",
    "city":"Richmond"
  },
  {
    "unitid":232566,
    "name":"Longwood University",
    "state":"VA",
    "city":"Charlottesville"
  },
  {
    "unitid":232575,
    "name":"Laurel Ridge Community College",
    "state":"VA",
    "city":"Lexington"
  },
  {
    "unitid":235699,
    "name":"Lake Washington Institute of Technology",
    "state":"WV",
    "city":"Huntington"
  },
  {
    "unitid":235750,
    "name":"Lower Columbia College",
    "state":"WV",
    "city":"Martinsburg"
  },
  {
    "unitid":238980,
    "name":"Lakeland University",
    "state":"WY",
    "city":"Sheridan"
  },
  {
    "unitid":239008,
    "name":"Lakeshore Technical College",
    "state":"WY",
    "city":"Rock Springs"
  },
  {
    "unitid":239017,
    "name":"Lawrence University",
    "state":"WY",
    "city":"Cheyenne"
  },
  {
    "unitid":240620,
    "name":"Laramie County Community College",
    "state":"PR",
    "city":"San Juan"
  },
  {
    "unitid":242820,
    "name":"Liceo de Arte y Tecnologia",
    "state":"PA",
    "city":"Scranton"
  },
  {
    "unitid":247649,
    "name":"Landmark College",
    "state":"MO",
    "city":"St. Louis"
  },
  {
    "unitid":250027,
    "name":"Laurel Business Institute",
    "state":"OK",
    "city":"Ardmore"
  },
  {
    "unitid":260372,
    "name":"Lac Courte Oreilles Ojibwe University",
    "state":"MI",
    "city":"Roosevelt Park"
  },
  {
    "unitid":363633,
    "name":"Luna Community College",
    "state":"NY",
    "city":"Liverpool"
  },
  {
    "unitid":366401,
    "name":"Las Positas College",
    "state":"CA",
    "city":"Los Angeles"
  },
  {
    "unitid":374574,
    "name":"Lincoln Technical Institute-Moorestown",
    "state":"CA",
    "city":"Oxnard"
  },
  {
    "unitid":376330,
    "name":"Liceo de Arte-Dise-O y Comercio",
    "state":"HI",
    "city":"Hilo"
  },
  {
    "unitid":383163,
    "name":"La Belle Beauty Academy",
    "state":"PR",
    "city":"Bayamon"
  },
  {
    "unitid":383297,
    "name":"Long Island Beauty School-Hauppauge",
    "state":"PR",
    "city":"Juana Diaz"
  },
  {
    "unitid":400558,
    "name":"Los Angeles Pacific College",
    "state":"GA",
    "city":"Athens"
  },
  {
    "unitid":403478,
    "name":"Lincoln Trail College",
    "state":"OH",
    "city":"Oberlin"
  },
  {
    "unitid":407629,
    "name":"Lake Erie College of Osteopathic Medicine",
    "state":"CA",
    "city":"Ventura"
  },
  {
    "unitid":408729,
    "name":"Laurel Technical Institute",
    "state":"MO",
    "city":"West Plains"
  },
  {
    "unitid":409591,
    "name":"Lorain County Joint Vocational School District",
    "state":"NY",
    "city":"Plattsburgh"
  },
  {
    "unitid":413626,
    "name":"Leech Lake Tribal College",
    "state":"OH",
    "city":"Newark"
  },
  {
    "unitid":418515,
    "name":"Lenape Technical School Practical Nursing Program",
    "state":"CA",
    "city":"Fresno"
  },
  {
    "unitid":418533,
    "name":"Lancaster County Career and Technology Center",
    "state":"CA",
    "city":"Riverside"
  },
  {
    "unitid":418542,
    "name":"Lebanon County Area Vocational Technical School",
    "state":"FL",
    "city":"Hialeah"
  },
  {
    "unitid":420343,
    "name":"Lincoln Technical Institute-Mahwah",
    "state":"WV",
    "city":"Charleston"
  },
  {
    "unitid":427335,
    "name":"Lia Schorr Institute of Cosmetic Skin Care Training",
    "state":"LA",
    "city":"Metairie"
  },
  {
    "unitid":433101,
    "name":"Lincoln Technical Institute-Lincoln",
    "state":"PR",
    "city":"Carolina"
  },
  {
    "unitid":434016,
    "name":"Little Priest Tribal College",
    "state":"IL",
    "city":"Skokie"
  },
  {
    "unitid":434159,
    "name":"Lincoln College of Technology-Marietta",
    "state":"CA",
    "city":"Los Angeles"
  },
  {
    "unitid":435000,
    "name":"Louisiana State University Health Sciences Center-Shreveport",
    "state":"GU",
    "city":"Mangilao"
  },
  {
    "unitid":436429,
    "name":"Los Angeles Film School",
    "state":"OK",
    "city":"Shawnee"
  },
  {
    "unitid":441618,
    "name":"Leon Studio One School of Beauty Knowledge",
    "state":"PR",
    "city":"Hato Rey"
  },
  {
    "unitid":441760,
    "name":"Lamar Institute of Technology",
    "state":"IL",
    "city":"Chicago"
  },
  {
    "unitid":442073,
    "name":"Lincoln Technical Institute-Paramus",
    "state":"CA",
    "city":"San Diego"
  },
  {
    "unitid":444228,
    "name":"LeGrand Institute of Cosmetology Inc",
    "state":"AZ",
    "city":"Tucson"
  },
  {
    "unitid":444468,
    "name":"Lawrenceburg Technical College",
    "state":"MI",
    "city":"Port Huron"
  },
  {
    "unitid":444732,
    "name":"Leston College",
    "state":"FL",
    "city":"Ormond Beach"
  },
  {
    "unitid":445911,
    "name":"Lincoln Technical Institute-Shelton",
    "state":"CA",
    "city":"El Dorado Hills"
  },
  {
    "unitid":446385,
    "name":"Los Angeles College of Music",
    "state":"PA",
    "city":"Bethlehem"
  },
  {
    "unitid":447731,
    "name":"Los Angeles College of Aesthetics",
    "state":"NJ",
    "city":"Lakewood"
  },
  {
    "unitid":448594,
    "name":"Lemoore College",
    "state":"PA",
    "city":"Pittsburgh"
  },
  {
    "unitid":449320,
    "name":"Lincoln Technical Institute-Whitestone",
    "state":"FL",
    "city":"Miami Springs"
  },
  {
    "unitid":449612,
    "name":"Louisiana Culinary Institute",
    "state":"NJ",
    "city":"Lakewood"
  },
  {
    "unitid":450632,
    "name":"Lexington Healing Arts Academy",
    "state":"OH",
    "city":"Columbus"
  },
  {
    "unitid":451291,
    "name":"Lakewood School of Therapeutic Massage",
    "state":"FL",
    "city":"Delray Beach"
  },
  {
    "unitid":454786,
    "name":"Laurus College",
    "state":"AZ",
    "city":"Mesa"
  },
  {
    "unitid":456214,
    "name":"Lamson Institute",
    "state":"OH",
    "city":"Archbold"
  },
  {
    "unitid":457633,
    "name":"L'esprit Academy",
    "state":"MI",
    "city":"Grand Rapids"
  },
  {
    "unitid":458007,
    "name":"Love Beauty School Inc",
    "state":"DC",
    "city":"Washington"
  },
  {
    "unitid":461722,
    "name":"Lindsey Institute of Cosmetology",
    "state":"NY",
    "city":"Geneva"
  },
  {
    "unitid":461838,
    "name":"Long Island Nail Skin & Hair Institute",
    "state":"NY",
    "city":"New York"
  },
  {
    "unitid":474863,
    "name":"Los Angeles Pacific University",
    "state":"MI",
    "city":"Brighton"
  },
  {
    "unitid":475574,
    "name":"Lil Lou's Beauty and Barber College",
    "state":"AZ",
    "city":"Scottsdale"
  },
  {
    "unitid":476489,
    "name":"Larry's Barber College",
    "state":"TX",
    "city":"Austin"
  },
  {
    "unitid":481298,
    "name":"Lawrence & Company College of Cosmetology",
    "state":"IL",
    "city":"Lombard"
  },
  {
    "unitid":482246,
    "name":"Lynnes Welding Training",
    "state":"FL",
    "city":"Jacksonville"
  },
  {
    "unitid":483212,
    "name":"Louisiana Delta Community College",
    "state":"NY",
    "city":"Cheektowaga"
  },
  {
    "unitid":483221,
    "name":"Learnet Academy Inc",
    "state":"OH",
    "city":"Sylvania"
  },
  {
    "unitid":483726,
    "name":"Luckes Beauty Academy LLC",
    "state":"CA",
    "city":"Los Angeles"
  },
  {
    "unitid":483920,
    "name":"LaBarberia Institute of Hair",
    "state":"MN",
    "city":"Minneapolis"
  },
  {
    "unitid":483957,
    "name":"Lawrence & Company College of Cosmetology",
    "state":"CA",
    "city":"Hollywood"
  },
  {
    "unitid":484172,
    "name":"Lee Professional Institute",
    "state":"WV",
    "city":"Elkins"
  },
  {
    "unitid":485485,
    "name":"Latin Beauty Academy",
    "state":"OH",
    "city":"Cuyahoga Falls"
  },
  {
    "unitid":485519,
    "name":"Lionel University",
    "state":"WA",
    "city":"Vancouver"
  },
  {
    "unitid":486503,
    "name":"Laredo CHI Academy Beauty School",
    "state":"TN",
    "city":"Knoxville"
  },
  {
    "unitid":490124,
    "name":"Los Angeles Academy of Figurative Art",
    "state":"TX",
    "city":"Houston"
  },
  {
    "unitid":490717,
    "name":"L Makeup Institute",
    "state":"FL",
    "city":"Sarasota"
  },
  {
    "unitid":491677,
    "name":"Lehigh Valley Barber School",
    "state":"NJ",
    "city":"Edison"
  },
  {
    "unitid":494029,
    "name":"Lil Lou's Beauty and Barber College-Hammond",
    "state":"PR",
    "city":"Aguadilla"
  },
  {
    "unitid":494621,
    "name":"Lotus Professional College",
    "state":"CA",
    "city":"Elk Grove"
  },
  {
    "unitid":495387,
    "name":"Larry's Barber College",
    "state":"TX",
    "city":"Greenville"
  },
  {
    "unitid":496706,
    "name":"Lakewood University",
    "state":"TX",
    "city":"Houston"
  },
  {
    "unitid":496964,
    "name":"Larry's Barber College-Joliet",
    "state":"GA",
    "city":"Alpharetta"
  },
  {
    "unitid":497365,
    "name":"Legends Barber College",
    "state":"CA",
    "city":"Emeryville"
  },
  {
    "unitid":498234,
    "name":"Larkin University",
    "state":"FL",
    "city":"Tampa"
  },
  {
    "unitid":498739,
    "name":"Lehigh Career & Technical Institute",
    "state":"IN",
    "city":"Muncie"
  }
]