[
  {
    "unitid":100751,
    "name":"The University of Alabama",
    "state":"AL",
    "city":"Alexander City"
  },
  {
    "unitid":102298,
    "name":"Talladega College",
    "state":"AL",
    "city":"Montgomery"
  },
  {
    "unitid":102368,
    "name":"Troy University",
    "state":"AL",
    "city":"Tuskegee"
  },
  {
    "unitid":102377,
    "name":"Tuskegee University",
    "state":"AL",
    "city":"Daphne"
  },
  {
    "unitid":104665,
    "name":"The School of Architecture",
    "state":"AZ",
    "city":"Phoenix"
  },
  {
    "unitid":117751,
    "name":"The Master's University and Seminary",
    "state":"CA",
    "city":"Sacramento"
  },
  {
    "unitid":123448,
    "name":"Trinity Law School",
    "state":"CA",
    "city":"Los Angeles"
  },
  {
    "unitid":124113,
    "name":"Taft College",
    "state":"CA",
    "city":"Escondido"
  },
  {
    "unitid":124292,
    "name":"Thomas Aquinas College",
    "state":"CA",
    "city":"Whittier"
  },
  {
    "unitid":125037,
    "name":"The Colleges of Law at Ventura",
    "state":"CO",
    "city":"Littleton"
  },
  {
    "unitid":126012,
    "name":"The Wright Institute",
    "state":"CO",
    "city":"Aurora"
  },
  {
    "unitid":126049,
    "name":"Thomas Jefferson School of Law",
    "state":"CO",
    "city":"Delta"
  },
  {
    "unitid":126915,
    "name":"Technical College of the Rockies",
    "state":"CO",
    "city":"Denver"
  },
  {
    "unitid":128258,
    "name":"Trinidad State College",
    "state":"CT",
    "city":"Hartford"
  },
  {
    "unitid":129808,
    "name":"Three Rivers Community College",
    "state":"DE",
    "city":"Dover"
  },
  {
    "unitid":130590,
    "name":"Trinity College",
    "state":"DC",
    "city":"Washington"
  },
  {
    "unitid":131283,
    "name":"The Catholic University of America",
    "state":"FL",
    "city":"Marianna"
  },
  {
    "unitid":131876,
    "name":"Trinity Washington University",
    "state":"FL",
    "city":"Boca Raton"
  },
  {
    "unitid":133960,
    "name":"The College of the Florida Keys",
    "state":"FL",
    "city":"Eustis"
  },
  {
    "unitid":135522,
    "name":"Traviss Technical College",
    "state":"FL",
    "city":"Winter Park"
  },
  {
    "unitid":135610,
    "name":"Trinity International University-Florida",
    "state":"FL",
    "city":"Saint Leo"
  },
  {
    "unitid":137759,
    "name":"Tallahassee Community College",
    "state":"GA",
    "city":"Cuthbert"
  },
  {
    "unitid":137777,
    "name":"Talmudic College of Florida",
    "state":"GA",
    "city":"Atlanta"
  },
  {
    "unitid":137847,
    "name":"The University of Tampa",
    "state":"GA",
    "city":"Atlanta"
  },
  {
    "unitid":137865,
    "name":"Tom P. Haney Technical College",
    "state":"GA",
    "city":"Atlanta"
  },
  {
    "unitid":137953,
    "name":"Trinity Baptist College",
    "state":"GA",
    "city":"Atlanta"
  },
  {
    "unitid":137962,
    "name":"Trinity College of Florida",
    "state":"GA",
    "city":"Atlanta"
  },
  {
    "unitid":138813,
    "name":"The Art Institute of Atlanta",
    "state":"GA",
    "city":"Swainsboro"
  },
  {
    "unitid":141167,
    "name":"Thomas University",
    "state":"ID",
    "city":"Pocatello"
  },
  {
    "unitid":141185,
    "name":"Toccoa Falls College",
    "state":"ID",
    "city":"Moscow"
  },
  {
    "unitid":141237,
    "name":"Truett McConnell University",
    "state":"ID",
    "city":"Caldwell"
  },
  {
    "unitid":142294,
    "name":"The College of Idaho",
    "state":"IL",
    "city":"Oak Forest"
  },
  {
    "unitid":143978,
    "name":"The Chicago School at Chicago",
    "state":"IL",
    "city":"Evanston"
  },
  {
    "unitid":144573,
    "name":"Tricoci University of Beauty Culture",
    "state":"IL",
    "city":"Bloomington"
  },
  {
    "unitid":146755,
    "name":"Trinity College of Nursing & Health Sciences",
    "state":"IL",
    "city":"Chicago Heights"
  },
  {
    "unitid":149310,
    "name":"Taylor Business Institute",
    "state":"IN",
    "city":"Winona Lake"
  },
  {
    "unitid":149329,
    "name":"Telshe Yeshiva-Chicago",
    "state":"IN",
    "city":"Hanover"
  },
  {
    "unitid":149505,
    "name":"Trinity Christian College",
    "state":"IN",
    "city":"Notre Dame"
  },
  {
    "unitid":149514,
    "name":"Trinity International University-Illinois",
    "state":"IN",
    "city":"Clarksville"
  },
  {
    "unitid":149532,
    "name":"Triton College",
    "state":"IN",
    "city":"Huntington"
  },
  {
    "unitid":150303,
    "name":"Tricoci University of Beauty Culture-Highland",
    "state":"IN",
    "city":"Indianapolis"
  },
  {
    "unitid":151564,
    "name":"Taylor Institute of Cosmetology II",
    "state":"IA",
    "city":"Storm Lake"
  },
  {
    "unitid":151607,
    "name":"Tricoci University of Beauty Culture-Lafayette",
    "state":"IA",
    "city":"Dubuque"
  },
  {
    "unitid":152530,
    "name":"Taylor University",
    "state":"IA",
    "city":"Mt. Pleasant"
  },
  {
    "unitid":152567,
    "name":"Trine University",
    "state":"IA",
    "city":"Ottumwa"
  },
  {
    "unitid":154545,
    "name":"The Salon Professional Academy-Cedar Falls",
    "state":"KS",
    "city":"Independence"
  },
  {
    "unitid":155973,
    "name":"Tabor College",
    "state":"KY",
    "city":"Hopkinsville"
  },
  {
    "unitid":157748,
    "name":"The Southern Baptist Theological Seminary",
    "state":"LA",
    "city":"Lafayette"
  },
  {
    "unitid":157809,
    "name":"Thomas More University",
    "state":"LA",
    "city":"Opelousas"
  },
  {
    "unitid":157818,
    "name":"Transylvania University",
    "state":"LA",
    "city":"Ruston"
  },
  {
    "unitid":160755,
    "name":"Tulane University of Louisiana",
    "state":"MD",
    "city":"Hagerstown"
  },
  {
    "unitid":161208,
    "name":"The Landing School",
    "state":"MD",
    "city":"Salisbury"
  },
  {
    "unitid":161563,
    "name":"Thomas College",
    "state":"MD",
    "city":"Baltimore"
  },
  {
    "unitid":164076,
    "name":"Towson University",
    "state":"MA",
    "city":"West Barnstable"
  },
  {
    "unitid":167057,
    "name":"The New England Conservatory of Music",
    "state":"MA",
    "city":"Worcester"
  },
  {
    "unitid":168148,
    "name":"Tufts University",
    "state":"MI",
    "city":"Riverview"
  },
  {
    "unitid":171012,
    "name":"The Michigan Barber School",
    "state":"MI",
    "city":"Detroit"
  },
  {
    "unitid":171599,
    "name":"The University of Olivet",
    "state":"MN",
    "city":"Saint Paul"
  },
  {
    "unitid":172477,
    "name":"Thomas M Cooley Law School",
    "state":"MN",
    "city":"Minneapolis"
  },
  {
    "unitid":172495,
    "name":"Twin City Beauty College",
    "state":"MN",
    "city":"Inver Grove Heights"
  },
  {
    "unitid":174899,
    "name":"The College of Saint Scholastica",
    "state":"MS",
    "city":"University"
  },
  {
    "unitid":176406,
    "name":"Tougaloo College",
    "state":"MO",
    "city":"Hillsboro"
  },
  {
    "unitid":178615,
    "name":"Truman State University",
    "state":"MT",
    "city":"Glendive"
  },
  {
    "unitid":179645,
    "name":"Three Rivers College",
    "state":"NE",
    "city":"Chadron"
  },
  {
    "unitid":180489,
    "name":"The University of Montana",
    "state":"NE",
    "city":"York"
  },
  {
    "unitid":180692,
    "name":"The University of Montana-Western",
    "state":"NV",
    "city":"Las Vegas"
  },
  {
    "unitid":182500,
    "name":"Truckee Meadows Community College",
    "state":"NJ",
    "city":"Lakewood"
  },
  {
    "unitid":183275,
    "name":"Thomas More College of Liberal Arts",
    "state":"NJ",
    "city":"Voorhees"
  },
  {
    "unitid":186900,
    "name":"Talmudical Academy-New Jersey",
    "state":"NY",
    "city":"Albany"
  },
  {
    "unitid":187046,
    "name":"Thomas Edison State University",
    "state":"NY",
    "city":"Albany"
  },
  {
    "unitid":187134,
    "name":"The College of New Jersey",
    "state":"NY",
    "city":"Albany"
  },
  {
    "unitid":188669,
    "name":"The Ailey School",
    "state":"NY",
    "city":"New York"
  },
  {
    "unitid":190372,
    "name":"The Cooper Union for the Advancement of Science and Art",
    "state":"NY",
    "city":"Batavia"
  },
  {
    "unitid":192110,
    "name":"The Juilliard School",
    "state":"NY",
    "city":"New York"
  },
  {
    "unitid":193654,
    "name":"The New School",
    "state":"NY",
    "city":"Saint Bonaventure"
  },
  {
    "unitid":195049,
    "name":"The Rockefeller University",
    "state":"NY",
    "city":"Geneseo"
  },
  {
    "unitid":195234,
    "name":"The College of Saint Rose",
    "state":"NY",
    "city":"Brooklyn"
  },
  {
    "unitid":196431,
    "name":"Talmudical Seminary Oholei Torah",
    "state":"NC",
    "city":"Flat Rock"
  },
  {
    "unitid":196440,
    "name":"Talmudical Institute of Upstate New York",
    "state":"NC",
    "city":"Brevard"
  },
  {
    "unitid":196468,
    "name":"Teachers College at Columbia University",
    "state":"NC",
    "city":"Bolivia"
  },
  {
    "unitid":196565,
    "name":"Tompkins Cortland Community College",
    "state":"NC",
    "city":"Concord"
  },
  {
    "unitid":196583,
    "name":"Torah Temimah Talmudical Seminary",
    "state":"NC",
    "city":"Hudson"
  },
  {
    "unitid":196592,
    "name":"Touro University",
    "state":"NC",
    "city":"Buies Creek"
  },
  {
    "unitid":196653,
    "name":"Trocaire College",
    "state":"NC",
    "city":"Wilmington"
  },
  {
    "unitid":197285,
    "name":"The College of Westchester",
    "state":"NC",
    "city":"Tarboro"
  },
  {
    "unitid":199795,
    "name":"Tri-County Community College",
    "state":"OH",
    "city":"Lima"
  },
  {
    "unitid":200484,
    "name":"Trinity Bible College and Graduate School",
    "state":"OH",
    "city":"Springfield"
  },
  {
    "unitid":200527,
    "name":"Turtle Mountain Community College",
    "state":"OH",
    "city":"Cleveland"
  },
  {
    "unitid":201821,
    "name":"The Christ College of Nursing and Health Sciences",
    "state":"OH",
    "city":"East Liverpool"
  },
  {
    "unitid":202763,
    "name":"The University of Findlay",
    "state":"OH",
    "city":"Delaware"
  },
  {
    "unitid":204459,
    "name":"Toledo Public Schools Adult and Continuing Education",
    "state":"OH",
    "city":"Columbus"
  },
  {
    "unitid":204769,
    "name":"The Spa School",
    "state":"OH",
    "city":"Pepper Pike"
  },
  {
    "unitid":204893,
    "name":"Trinity Health System School of Nursing",
    "state":"OH",
    "city":"Celina"
  },
  {
    "unitid":205391,
    "name":"The Modern College of Design",
    "state":"OK",
    "city":"El Reno"
  },
  {
    "unitid":206011,
    "name":"Terra State Community College",
    "state":"OK",
    "city":"Tonkawa"
  },
  {
    "unitid":206039,
    "name":"Tiffin Academy of Hair Design",
    "state":"OK",
    "city":"Miami"
  },
  {
    "unitid":206048,
    "name":"Tiffin University",
    "state":"OK",
    "city":"Alva"
  },
  {
    "unitid":206154,
    "name":"Tri-State Bible College",
    "state":"OK",
    "city":"Edmond"
  },
  {
    "unitid":206172,
    "name":"Tri-County Adult Career Center",
    "state":"OK",
    "city":"Oklahoma City"
  },
  {
    "unitid":206181,
    "name":"Tri-Rivers Career Center",
    "state":"OK",
    "city":"Goodwell"
  },
  {
    "unitid":206394,
    "name":"The North Coast College",
    "state":"OK",
    "city":"Oklahoma City"
  },
  {
    "unitid":206589,
    "name":"The College of Wooster",
    "state":"OK",
    "city":"Chickasha"
  },
  {
    "unitid":207935,
    "name":"Tulsa Community College",
    "state":"OR",
    "city":"Portland"
  },
  {
    "unitid":207962,
    "name":"Tulsa Welding School-Tulsa",
    "state":"OR",
    "city":"Portland"
  },
  {
    "unitid":210234,
    "name":"Treasure Valley Community College",
    "state":"PA",
    "city":"Media"
  },
  {
    "unitid":210711,
    "name":"The  Beauty Institute",
    "state":"PA",
    "city":"Whitehall"
  },
  {
    "unitid":210784,
    "name":"The Beauty Institute-Ambler",
    "state":"PA",
    "city":"Reading"
  },
  {
    "unitid":215530,
    "name":"The Salon Professional Academy-Altoona",
    "state":"PA",
    "city":"Washington"
  },
  {
    "unitid":216223,
    "name":"The Beauty Institute",
    "state":"RI",
    "city":"Providence"
  },
  {
    "unitid":216296,
    "name":"Thaddeus Stevens College of Technology",
    "state":"RI",
    "city":"Providence"
  },
  {
    "unitid":216311,
    "name":"Talmudical Yeshiva of Philadelphia",
    "state":"MA",
    "city":"Haverhill"
  },
  {
    "unitid":216339,
    "name":"Temple University",
    "state":"SC",
    "city":"Graniteville"
  },
  {
    "unitid":216348,
    "name":"Theological Seminary of the Reformed Episcopal Church",
    "state":"SC",
    "city":"Columbia"
  },
  {
    "unitid":216357,
    "name":"Thiel College",
    "state":"SC",
    "city":"Anderson"
  },
  {
    "unitid":216366,
    "name":"Thomas Jefferson University",
    "state":"SC",
    "city":"Charleston"
  },
  {
    "unitid":216436,
    "name":"Triangle Tech Inc-Pittsburgh",
    "state":"SC",
    "city":"Beaufort"
  },
  {
    "unitid":216445,
    "name":"Triangle Tech Inc-Greensburg",
    "state":"SC",
    "city":"Columbia"
  },
  {
    "unitid":216454,
    "name":"Triangle Tech Inc-Dubois",
    "state":"SC",
    "city":"Greenville"
  },
  {
    "unitid":216463,
    "name":"Trinity Episcopal School for Ministry",
    "state":"SC",
    "city":"Central"
  },
  {
    "unitid":217712,
    "name":"Technical College of the Lowcountry",
    "state":"SC",
    "city":"Orangeburg"
  },
  {
    "unitid":218885,
    "name":"Tri-County Technical College",
    "state":"TN",
    "city":"Memphis"
  },
  {
    "unitid":218894,
    "name":"Trident Technical College",
    "state":"TN",
    "city":"Cleveland"
  },
  {
    "unitid":219037,
    "name":"The Salon Professional Academy",
    "state":"TN",
    "city":"Nashville"
  },
  {
    "unitid":219596,
    "name":"Tennessee College of Applied Technology-Athens",
    "state":"TN",
    "city":"Maryville"
  },
  {
    "unitid":219921,
    "name":"Tennessee College of Applied Technology-Covington",
    "state":"TN",
    "city":"Newbern"
  },
  {
    "unitid":219994,
    "name":"Tennessee College of Applied Technology-Dickson",
    "state":"TN",
    "city":"Memphis"
  },
  {
    "unitid":220127,
    "name":"Tennessee College of Applied Technology-Elizabethton",
    "state":"TN",
    "city":"Shelbyville"
  },
  {
    "unitid":220163,
    "name":"The Hair Academy LLC",
    "state":"TN",
    "city":"Sewanee"
  },
  {
    "unitid":220251,
    "name":"Tennessee College of Applied Technology-Harriman",
    "state":"TN",
    "city":"Jackson"
  },
  {
    "unitid":220279,
    "name":"Tennessee College of Applied Technology-Hartsville",
    "state":"TN",
    "city":"Knoxville"
  },
  {
    "unitid":220321,
    "name":"Tennessee College of Applied Technology-Hohenwald",
    "state":"TN",
    "city":"Knoxville"
  },
  {
    "unitid":220394,
    "name":"Tennessee College of Applied Technology-Jacksboro",
    "state":"TN",
    "city":"Collegedale"
  },
  {
    "unitid":220640,
    "name":"Tennessee College of Applied Technology-Livingston",
    "state":"TN",
    "city":"Greeneville"
  },
  {
    "unitid":220701,
    "name":"The University of Tennessee Southern",
    "state":"TN",
    "city":"Jackson"
  },
  {
    "unitid":220756,
    "name":"Tennessee College of Applied Technology-McKenzie",
    "state":"TN",
    "city":"Gallatin"
  },
  {
    "unitid":220853,
    "name":"Tennessee College of Applied Technology-Memphis",
    "state":"TX",
    "city":"Abilene"
  },
  {
    "unitid":221050,
    "name":"Tennessee College of Applied Technology-Morristown",
    "state":"TX",
    "city":"San Angelo"
  },
  {
    "unitid":221102,
    "name":"Tennessee College of Applied Technology-Murfreesboro",
    "state":"TX",
    "city":"Grand Prairie"
  },
  {
    "unitid":221236,
    "name":"Tennessee College of Applied Technology Northwest",
    "state":"TX",
    "city":"Austin"
  },
  {
    "unitid":221281,
    "name":"Tennessee College of Applied Technology-Henry\/Carroll",
    "state":"TX",
    "city":"Austin"
  },
  {
    "unitid":221333,
    "name":"Tennessee College of Applied Technology-Pulaski",
    "state":"TX",
    "city":"Austin"
  },
  {
    "unitid":221388,
    "name":"Tennessee College of Applied Technology-Ripley",
    "state":"TX",
    "city":"Jacksonville"
  },
  {
    "unitid":221430,
    "name":"Tennessee College of Applied Technology-Crump",
    "state":"TX",
    "city":"Waco"
  },
  {
    "unitid":221494,
    "name":"Tennessee College of Applied Technology-Shelbyville",
    "state":"TX",
    "city":"Brenham"
  },
  {
    "unitid":221519,
    "name":"The University of the South",
    "state":"TX",
    "city":"Dallas"
  },
  {
    "unitid":221582,
    "name":"Tennessee College of Applied Technology-Oneida-Huntsville",
    "state":"TX",
    "city":"Houston"
  },
  {
    "unitid":221591,
    "name":"Tennessee College of Applied Technology-Crossville",
    "state":"TX",
    "city":"Lake Jackson"
  },
  {
    "unitid":221607,
    "name":"Tennessee College of Applied Technology-McMinnville",
    "state":"TX",
    "city":"Killeen"
  },
  {
    "unitid":221616,
    "name":"Tennessee College of Applied Technology-Jackson",
    "state":"TX",
    "city":"Bryan"
  },
  {
    "unitid":221625,
    "name":"Tennessee College of Applied Technology-Knoxville",
    "state":"TX",
    "city":"Cisco"
  },
  {
    "unitid":221731,
    "name":"Tennessee Wesleyan University",
    "state":"TX",
    "city":"Gainesville"
  },
  {
    "unitid":221740,
    "name":"The University of Tennessee-Chattanooga",
    "state":"TX",
    "city":"Corpus Christi"
  },
  {
    "unitid":221759,
    "name":"The University of Tennessee-Knoxville",
    "state":"TX",
    "city":"Carrollton"
  },
  {
    "unitid":221768,
    "name":"The University of Tennessee-Martin",
    "state":"TX",
    "city":"Dallas"
  },
  {
    "unitid":221829,
    "name":"Tennessee School of Beauty of Knoxville Inc",
    "state":"TX",
    "city":"Dallas"
  },
  {
    "unitid":221838,
    "name":"Tennessee State University",
    "state":"TX",
    "city":"Dallas"
  },
  {
    "unitid":221847,
    "name":"Tennessee Technological University",
    "state":"TX",
    "city":"Dallas"
  },
  {
    "unitid":221892,
    "name":"Trevecca Nazarene University",
    "state":"TX",
    "city":"Irving"
  },
  {
    "unitid":221953,
    "name":"Tusculum University",
    "state":"TX",
    "city":"Marshall"
  },
  {
    "unitid":222938,
    "name":"The Art Institute of Houston",
    "state":"TX",
    "city":"San Antonio"
  },
  {
    "unitid":224147,
    "name":"Texas A & M University-Corpus Christi",
    "state":"TX",
    "city":"Laredo"
  },
  {
    "unitid":224545,
    "name":"Texas A&M University-Texarkana",
    "state":"TX",
    "city":"Waco"
  },
  {
    "unitid":224554,
    "name":"Texas A & M University-Commerce",
    "state":"TX",
    "city":"Abilene"
  },
  {
    "unitid":225308,
    "name":"Trinity Valley Community College",
    "state":"TX",
    "city":"Arlington"
  },
  {
    "unitid":226152,
    "name":"Texas A & M International University",
    "state":"TX",
    "city":"Levelland"
  },
  {
    "unitid":227058,
    "name":"Tint School of Makeup & Cosmetology",
    "state":"TX",
    "city":"Stephenville"
  },
  {
    "unitid":227368,
    "name":"The University of Texas Rio Grande Valley",
    "state":"TX",
    "city":"Richardson"
  },
  {
    "unitid":227377,
    "name":"Texas Southmost College",
    "state":"TX",
    "city":"El Paso"
  },
  {
    "unitid":228459,
    "name":"Texas State University",
    "state":"TX",
    "city":"Marshall"
  },
  {
    "unitid":228529,
    "name":"Tarleton State University",
    "state":"UT",
    "city":"Murray"
  },
  {
    "unitid":228547,
    "name":"Tarrant County College District",
    "state":"UT",
    "city":"Sandy"
  },
  {
    "unitid":228608,
    "name":"Temple College",
    "state":"UT",
    "city":"Kaysville"
  },
  {
    "unitid":228644,
    "name":"The University of Texas Health Science Center at San Antonio",
    "state":"UT",
    "city":"Cedar City"
  },
  {
    "unitid":228653,
    "name":"The University of Texas Medical Branch at Galveston",
    "state":"UT",
    "city":"Saint George"
  },
  {
    "unitid":228699,
    "name":"Texarkana College",
    "state":"UT",
    "city":"Holladay"
  },
  {
    "unitid":228705,
    "name":"Texas A & M University-Kingsville",
    "state":"UT",
    "city":"Murray"
  },
  {
    "unitid":228723,
    "name":"Texas A & M University-College Station",
    "state":"UT",
    "city":"Salt Lake City"
  },
  {
    "unitid":228732,
    "name":"Texas A & M University-System Office",
    "state":"UT",
    "city":"Ogden"
  },
  {
    "unitid":228769,
    "name":"The University of Texas at Arlington",
    "state":"UT",
    "city":"Ephraim"
  },
  {
    "unitid":228778,
    "name":"The University of Texas at Austin",
    "state":"UT",
    "city":"Cedar City"
  },
  {
    "unitid":228787,
    "name":"The University of Texas at Dallas",
    "state":"UT",
    "city":"Roosevelt"
  },
  {
    "unitid":228796,
    "name":"The University of Texas at El Paso",
    "state":"UT",
    "city":"Logan"
  },
  {
    "unitid":228802,
    "name":"The University of Texas at Tyler",
    "state":"UT",
    "city":"Orem"
  },
  {
    "unitid":228866,
    "name":"Texas Chiropractic College Foundation Inc",
    "state":"UT",
    "city":"Salt Lake City"
  },
  {
    "unitid":228875,
    "name":"Texas Christian University",
    "state":"UT",
    "city":"Salt Lake City"
  },
  {
    "unitid":228884,
    "name":"Texas College",
    "state":"UT",
    "city":"Ogden"
  },
  {
    "unitid":228981,
    "name":"Texas Lutheran University",
    "state":"VT",
    "city":"Bennington"
  },
  {
    "unitid":229018,
    "name":"The University of Texas Permian Basin",
    "state":"VT",
    "city":"Castleton"
  },
  {
    "unitid":229027,
    "name":"The University of Texas at San Antonio",
    "state":"VT",
    "city":"Burlington"
  },
  {
    "unitid":229063,
    "name":"Texas Southern University",
    "state":"VT",
    "city":"Montpelier"
  },
  {
    "unitid":229090,
    "name":"The University of Texas System Office",
    "state":"VT",
    "city":"Plainfield"
  },
  {
    "unitid":229115,
    "name":"Texas Tech University",
    "state":"VT",
    "city":"Johnson"
  },
  {
    "unitid":229160,
    "name":"Texas Wesleyan University",
    "state":"VT",
    "city":"Middlebury"
  },
  {
    "unitid":229179,
    "name":"Texas Woman's University",
    "state":"VT",
    "city":"Northfield"
  },
  {
    "unitid":229267,
    "name":"Trinity University",
    "state":"VT",
    "city":"Williston"
  },
  {
    "unitid":229300,
    "name":"The University of Texas Health Science Center at Houston",
    "state":"VT",
    "city":"Colchester"
  },
  {
    "unitid":229337,
    "name":"Texas Tech University Health Sciences Center",
    "state":"VT",
    "city":"Brattleboro"
  },
  {
    "unitid":229355,
    "name":"Tyler Junior College",
    "state":"VT",
    "city":"Craftsbury Common"
  },
  {
    "unitid":232919,
    "name":"Tidewater Tech-Trades",
    "state":"WA",
    "city":"Ellensburg"
  },
  {
    "unitid":233772,
    "name":"Tidewater Community College",
    "state":"WA",
    "city":"Kirkland"
  },
  {
    "unitid":235167,
    "name":"The Evergreen State College",
    "state":"WV",
    "city":"Mount Hope"
  },
  {
    "unitid":235352,
    "name":"Toni & Guy Hairdressing Academy-Shoreline",
    "state":"WV",
    "city":"Charleston"
  },
  {
    "unitid":236753,
    "name":"Tacoma Community College",
    "state":"WV",
    "city":"Morgantown"
  },
  {
    "unitid":238810,
    "name":"The Professional Hair Design Academy",
    "state":"WY",
    "city":"Powell"
  },
  {
    "unitid":245281,
    "name":"Traxlers School of Hair",
    "state":"AL",
    "city":"Wadley"
  },
  {
    "unitid":247047,
    "name":"The Salon Professional Academy-Nampa",
    "state":"CO",
    "city":"Boulder"
  },
  {
    "unitid":248925,
    "name":"Tennessee College of Applied Technology Nashville",
    "state":"IL",
    "city":"Cicero"
  },
  {
    "unitid":367088,
    "name":"Tricoci University of Beauty Culture LLC-Bloomington",
    "state":"MA",
    "city":"Bourne"
  },
  {
    "unitid":368832,
    "name":"Thanh Le College School of Cosmetology",
    "state":"PR",
    "city":"Mayaguez"
  },
  {
    "unitid":375540,
    "name":"Toledo Academy of Beauty Culture-East",
    "state":"CO",
    "city":"Loveland"
  },
  {
    "unitid":377315,
    "name":"Texas College of Cosmetology-Abilene",
    "state":"CA",
    "city":"Reseda"
  },
  {
    "unitid":385132,
    "name":"The Salon Professional Academy-Melbourne",
    "state":"IL",
    "city":"Oakbrook"
  },
  {
    "unitid":392257,
    "name":"The College of Health Care Professions-Northwest",
    "state":"OH",
    "city":"Lucasville"
  },
  {
    "unitid":402800,
    "name":"Tri-State Cosmetology Institute",
    "state":"TX",
    "city":"McAllen"
  },
  {
    "unitid":407595,
    "name":"Trumbull Career & Technical Center",
    "state":"CA",
    "city":"Visalia"
  },
  {
    "unitid":409379,
    "name":"Tennessee Board of Regents",
    "state":"NJ",
    "city":"Scotch Plains"
  },
  {
    "unitid":414869,
    "name":"Tricoci University of Beauty Culture-Indianapolis",
    "state":"PA",
    "city":"Downingtown"
  },
  {
    "unitid":414878,
    "name":"Trine University-Regional\/Non-Traditional Campuses",
    "state":"PA",
    "city":"Reynoldsville"
  },
  {
    "unitid":416801,
    "name":"The University of Texas MD Anderson Cancer Center",
    "state":"PA",
    "city":"Towanda"
  },
  {
    "unitid":418968,
    "name":"Tint School of Makeup and Cosmetology-Dallas",
    "state":"VA",
    "city":"Alexandria"
  },
  {
    "unitid":419633,
    "name":"Texas College of Cosmetology-San Angelo",
    "state":"MA",
    "city":"Boston"
  },
  {
    "unitid":420723,
    "name":"Tillamook Bay Community College",
    "state":"CA",
    "city":"Clovis"
  },
  {
    "unitid":430704,
    "name":"Texas Health and Science University",
    "state":"CO",
    "city":"Boulder"
  },
  {
    "unitid":434344,
    "name":"Toni & Guy Hairdressing Academy-Worcester",
    "state":"DC",
    "city":"Washington"
  },
  {
    "unitid":436775,
    "name":"Toni & Guy Hairdressing Academy-Plano",
    "state":"LA",
    "city":"Baton Rouge"
  },
  {
    "unitid":437635,
    "name":"The College of Health Care Professions-Austin",
    "state":"OR",
    "city":"Bend"
  },
  {
    "unitid":437732,
    "name":"The Chicago School-College of Nursing",
    "state":"LA",
    "city":"Baton Rouge"
  },
  {
    "unitid":438674,
    "name":"The Academy of Hair Design Six",
    "state":"FL",
    "city":"Miami"
  },
  {
    "unitid":439154,
    "name":"Texas Tech University System Administration",
    "state":"NY",
    "city":"Lockport"
  },
  {
    "unitid":439701,
    "name":"The King's University",
    "state":"UT",
    "city":"Salt Lake City"
  },
  {
    "unitid":440989,
    "name":"Texas Barber College",
    "state":"IL",
    "city":"Evanston"
  },
  {
    "unitid":441131,
    "name":"The Seattle School of Theology & Psychology",
    "state":"MI",
    "city":"Southfield"
  },
  {
    "unitid":441487,
    "name":"Texas County Technical College",
    "state":"TX",
    "city":"Weslaco"
  },
  {
    "unitid":442329,
    "name":"Tulsa Welding School-Jacksonville",
    "state":"TN",
    "city":"Murfreesboro"
  },
  {
    "unitid":442781,
    "name":"Tohono O'Odham Community College",
    "state":"AL",
    "city":"Mobile"
  },
  {
    "unitid":443289,
    "name":"Tigi Hairdressing Academy-Colorado Springs",
    "state":"WV",
    "city":"Huntington"
  },
  {
    "unitid":443298,
    "name":"Trend Barber College",
    "state":"AZ",
    "city":"Chandler"
  },
  {
    "unitid":443377,
    "name":"Triangle Tech Inc-Sunbury",
    "state":"FL",
    "city":"Oviedo"
  },
  {
    "unitid":444404,
    "name":"The Beauty Institute",
    "state":"KY",
    "city":"Lexington"
  },
  {
    "unitid":444936,
    "name":"Turning Point Beauty College",
    "state":"UT",
    "city":"Draper"
  },
  {
    "unitid":445054,
    "name":"Toyota Technological Institute at Chicago",
    "state":"LA",
    "city":"West Monroe"
  },
  {
    "unitid":447591,
    "name":"The College of Health Care Professions-Southwest Houston",
    "state":"FL",
    "city":"Gainesville"
  },
  {
    "unitid":447704,
    "name":"Tucson College of Beauty",
    "state":"IN",
    "city":"Jeffersonville"
  },
  {
    "unitid":447865,
    "name":"Trendsetters School of Beauty & Barbering",
    "state":"TX",
    "city":"Silsbee"
  },
  {
    "unitid":448026,
    "name":"The Salon Professional Academy-Fargo",
    "state":"MI",
    "city":"Sterling Heights"
  },
  {
    "unitid":448196,
    "name":"Texas Health School",
    "state":"OH",
    "city":"Westerville"
  },
  {
    "unitid":448859,
    "name":"Triangle Tech Inc-Bethlehem",
    "state":"NV",
    "city":"Las Vegas"
  },
  {
    "unitid":449250,
    "name":"The College of Health Care Professions-San Antonio",
    "state":"FL",
    "city":"Gainesville"
  },
  {
    "unitid":449524,
    "name":"Taylor College",
    "state":"MO",
    "city":"Springfield"
  },
  {
    "unitid":450650,
    "name":"The Institute of Beauty and Wellness",
    "state":"NY",
    "city":"New York"
  },
  {
    "unitid":450711,
    "name":"Trend Barber College",
    "state":"AZ",
    "city":"Phoenix"
  },
  {
    "unitid":451307,
    "name":"The Salon Professional Academy-Battle Creek",
    "state":"FL",
    "city":"Bonita Springs"
  },
  {
    "unitid":451316,
    "name":"Trend Setters School",
    "state":"FL",
    "city":"Miami"
  },
  {
    "unitid":451404,
    "name":"Talmudical Seminary of Bobov",
    "state":"IL",
    "city":"Chicago"
  },
  {
    "unitid":451820,
    "name":"The Art Institute of Austin",
    "state":"NY",
    "city":"Brooklyn"
  },
  {
    "unitid":451918,
    "name":"TC Beauty",
    "state":"TX",
    "city":"Mesquite"
  },
  {
    "unitid":452009,
    "name":"The Hair Academy",
    "state":"TX",
    "city":"San Antonio"
  },
  {
    "unitid":454184,
    "name":"The King's College",
    "state":"DC",
    "city":"Washington"
  },
  {
    "unitid":454537,
    "name":"The Salon Professional Academy-Appleton",
    "state":"IL",
    "city":"Chicago"
  },
  {
    "unitid":454689,
    "name":"Taft University System",
    "state":"RI",
    "city":"Cranston"
  },
  {
    "unitid":454962,
    "name":"The University of Aesthetics & Cosmetology",
    "state":"ND",
    "city":"Fargo"
  },
  {
    "unitid":454971,
    "name":"Tricoci University of Beauty Culture-Chicago NW",
    "state":"PA",
    "city":"Allentown"
  },
  {
    "unitid":454980,
    "name":"Tricoci University of Beauty Culture-Glendale Heights",
    "state":"CA",
    "city":"Fontana"
  },
  {
    "unitid":454999,
    "name":"Tricoci University of Beauty Culture-Peoria",
    "state":"CA",
    "city":"Redlands"
  },
  {
    "unitid":455008,
    "name":"Tricoci University of Beauty Culture-Rockford",
    "state":"WV",
    "city":"Scott Depot"
  },
  {
    "unitid":455187,
    "name":"Total Image Beauty Academy",
    "state":"CA",
    "city":"Torrance"
  },
  {
    "unitid":455433,
    "name":"The Chicago School at Anaheim",
    "state":"CT",
    "city":"Wethersfield"
  },
  {
    "unitid":455664,
    "name":"The Chicago School at Los Angeles",
    "state":"FL",
    "city":"Casselberry"
  },
  {
    "unitid":455886,
    "name":"Tricoci University of Beauty Culture-Libertyville",
    "state":"IN",
    "city":"Anderson"
  },
  {
    "unitid":455895,
    "name":"Tricoci University of Beauty Culture-Bridgeview",
    "state":"KS",
    "city":"Wichita"
  },
  {
    "unitid":455901,
    "name":"The Temple-A Paul Mitchell Partner School",
    "state":"LA",
    "city":"Gretna"
  },
  {
    "unitid":455929,
    "name":"The Academy of Hair Design LLC",
    "state":"MA",
    "city":"Charlton"
  },
  {
    "unitid":455965,
    "name":"Toni & Guy Hairdressing Academy-Cranston",
    "state":"MI",
    "city":"Canton"
  },
  {
    "unitid":457332,
    "name":"TIGI Hairdressing Academy Guilford",
    "state":"SC",
    "city":"Greenville"
  },
  {
    "unitid":457448,
    "name":"Tenaj Salon Institute",
    "state":"CA",
    "city":"Fresno"
  },
  {
    "unitid":457837,
    "name":"The Salon Professional Academy-Tonawanda",
    "state":"DC",
    "city":"Washington"
  },
  {
    "unitid":458061,
    "name":"Texas Beauty College",
    "state":"MI",
    "city":"Davison"
  },
  {
    "unitid":458098,
    "name":"The Salon Professional Academy-Lewisville",
    "state":"OH",
    "city":"Niles"
  },
  {
    "unitid":458168,
    "name":"The Salon Professional Academy-Onalaska",
    "state":"FL",
    "city":"Orlando"
  },
  {
    "unitid":458496,
    "name":"The Art Institute of Virginia Beach",
    "state":"MI",
    "city":"Saginaw"
  },
  {
    "unitid":458982,
    "name":"The Art Institute of San Antonio",
    "state":"VA",
    "city":"Vienna"
  },
  {
    "unitid":459295,
    "name":"The Salon Professional Academy-Colorado Springs",
    "state":"PA",
    "city":"Monroeville"
  },
  {
    "unitid":459347,
    "name":"The Salon Professional Academy-Ft Myers",
    "state":"CA",
    "city":"North Hollywood"
  },
  {
    "unitid":459392,
    "name":"The Salon Professional Academy-Evansville",
    "state":"UT",
    "city":"American Fork"
  },
  {
    "unitid":459408,
    "name":"Tri County Regional Vocational Technical High School",
    "state":"FL",
    "city":"Pembroke Pines"
  },
  {
    "unitid":459727,
    "name":"Touro University Worldwide",
    "state":"NV",
    "city":"Las Vegas"
  },
  {
    "unitid":459736,
    "name":"Touro University California",
    "state":"NC",
    "city":"Cary"
  },
  {
    "unitid":459745,
    "name":"The Chicago School at Washington DC",
    "state":"UT",
    "city":"West Jordan"
  },
  {
    "unitid":459824,
    "name":"Touro University Nevada",
    "state":"CA",
    "city":"Santa Ana"
  },
  {
    "unitid":459949,
    "name":"Texas A&M University-San Antonio",
    "state":"NM",
    "city":"Albuquerque"
  },
  {
    "unitid":460987,
    "name":"The Salon Professional Academy",
    "state":"CA",
    "city":"Los Angeles"
  },
  {
    "unitid":460996,
    "name":"The Salon Professional Academy-St Charles",
    "state":"IL",
    "city":"Plainfield"
  },
  {
    "unitid":461494,
    "name":"Taylor Andrews Academy of Hair Design-West Jordan",
    "state":"AZ",
    "city":"Phoenix"
  },
  {
    "unitid":461908,
    "name":"The Salon Professional Academy-Kenosha",
    "state":"FL",
    "city":"Miami"
  },
  {
    "unitid":461926,
    "name":"Taylor Andrews Academy-St George",
    "state":"GA",
    "city":"Sandy Springs"
  },
  {
    "unitid":462345,
    "name":"The Salon Professional Academy",
    "state":"CA",
    "city":"Santa Fe Springs"
  },
  {
    "unitid":470393,
    "name":"Tricoci University of Beauty Culture-Chicago NE",
    "state":"UT",
    "city":"South Jordan"
  },
  {
    "unitid":475228,
    "name":"The Colleges of Law at Santa Barbara",
    "state":"PA",
    "city":"University Park"
  },
  {
    "unitid":475237,
    "name":"The University of America",
    "state":"NJ",
    "city":"Ocean"
  },
  {
    "unitid":475723,
    "name":"Tooele Technical College",
    "state":"MI",
    "city":"Ionia"
  },
  {
    "unitid":476063,
    "name":"Tulsa Welding School-Jacksonville",
    "state":"TX",
    "city":"Fort Worth"
  },
  {
    "unitid":476568,
    "name":"Tomorrow's Image Barber And Beauty Academy of Virginia",
    "state":"AL",
    "city":"Huntsville"
  },
  {
    "unitid":476708,
    "name":"The Barber School",
    "state":"CA",
    "city":"Fullerton"
  },
  {
    "unitid":480824,
    "name":"The College of Health Care Professions-Dallas",
    "state":"NV",
    "city":"Las Vegas"
  },
  {
    "unitid":480833,
    "name":"The College of Health Care Professions-Fort Worth",
    "state":"CA",
    "city":"Bakersfield"
  },
  {
    "unitid":480976,
    "name":"The Salon Professional Academy-Huntsville",
    "state":"NC",
    "city":"Charlotte"
  },
  {
    "unitid":481100,
    "name":"Top Nails & Hair Beauty School",
    "state":"CA",
    "city":"Huntington Park"
  },
  {
    "unitid":481340,
    "name":"The Salon Professional Academy-Nashville",
    "state":"LA",
    "city":"Slidell"
  },
  {
    "unitid":481526,
    "name":"The Chrysm Institute of Esthetics",
    "state":"TX",
    "city":"San Marcos"
  },
  {
    "unitid":482167,
    "name":"Trenz Beauty Academy",
    "state":"CA",
    "city":"Lancaster"
  },
  {
    "unitid":483036,
    "name":"Texas A&M University-Central Texas",
    "state":"TX",
    "city":"Dallas"
  },
  {
    "unitid":483230,
    "name":"The Fab School",
    "state":"GA",
    "city":"Milledgeville"
  },
  {
    "unitid":483735,
    "name":"Total Transformation Institute of Cosmetology",
    "state":"AR",
    "city":"Pine Bluff"
  },
  {
    "unitid":484127,
    "name":"TIGI Hairdressing Academy Newtown",
    "state":"CA",
    "city":"San Francisco"
  },
  {
    "unitid":484206,
    "name":"The Salon Professional Academy-San Jose",
    "state":"DC",
    "city":"Washington"
  },
  {
    "unitid":484233,
    "name":"Tri-Community Adult Education",
    "state":"CA",
    "city":"San Francisco"
  },
  {
    "unitid":484394,
    "name":"Taylor Andrews Academy of Hair Design-Provo",
    "state":"FL",
    "city":"Miami"
  },
  {
    "unitid":485360,
    "name":"The Vocational Nursing Institute Inc",
    "state":"WI",
    "city":"Madison"
  },
  {
    "unitid":485953,
    "name":"The Recording Conservatory of Austin",
    "state":"WI",
    "city":"Madison"
  },
  {
    "unitid":486123,
    "name":"Theatre of Arts",
    "state":"CA",
    "city":"Alhambra"
  },
  {
    "unitid":486150,
    "name":"Treasure Coast Technical College",
    "state":"MD",
    "city":"Annapolis"
  },
  {
    "unitid":486798,
    "name":"Tulsa Welding School-Houston",
    "state":"DE",
    "city":"Newark"
  },
  {
    "unitid":487010,
    "name":"The University of Tennessee Health Science Center",
    "state":"IN",
    "city":"Carmel"
  },
  {
    "unitid":487153,
    "name":"The Chicago School at Xavier University of Louisiana",
    "state":"CA",
    "city":"Pasadena"
  },
  {
    "unitid":487232,
    "name":"Texas College of Cosmetology-Lubbock",
    "state":"OR",
    "city":"Cannon Beach"
  },
  {
    "unitid":487320,
    "name":"Texas State Technical College",
    "state":"LA",
    "city":"New Orleans"
  },
  {
    "unitid":487533,
    "name":"Tricoci University of Beauty Culture-Elgin",
    "state":"ID",
    "city":"Nampa"
  },
  {
    "unitid":487676,
    "name":"The Temple Annapolis-A Paul Mitchell Partner School",
    "state":"UT",
    "city":"West Valley City"
  },
  {
    "unitid":487807,
    "name":"Top of the Line Barber College",
    "state":"NC",
    "city":"Charlotte"
  },
  {
    "unitid":488129,
    "name":"Textures Institute of Cosmetology",
    "state":"CA",
    "city":"El Monte"
  },
  {
    "unitid":488800,
    "name":"Teachers College of San Joaquin",
    "state":"AR",
    "city":"Pine Bluff"
  },
  {
    "unitid":488934,
    "name":"Tulsa Technology Center",
    "state":"NJ",
    "city":"Somerset"
  },
  {
    "unitid":489283,
    "name":"The College of Health Care Professions-McAllen Campus",
    "state":"WI",
    "city":"Janesville"
  },
  {
    "unitid":490443,
    "name":"The Esthetic Institute",
    "state":"CA",
    "city":"Reedley"
  },
  {
    "unitid":491190,
    "name":"The Chicago School at San Diego",
    "state":"PR",
    "city":"Santurce"
  },
  {
    "unitid":491224,
    "name":"Tricoci University of Beauty Culture-Janesville",
    "state":"NJ",
    "city":"Ewing"
  },
  {
    "unitid":491251,
    "name":"The Culinary School of Fort Worth",
    "state":"FL",
    "city":"Miami"
  },
  {
    "unitid":491774,
    "name":"Transitions Career Institute School of Nursing",
    "state":"TX",
    "city":"Houston"
  },
  {
    "unitid":491996,
    "name":"The Salon Professional Academy-Georgetown",
    "state":"OH",
    "city":"Cleveland"
  },
  {
    "unitid":492087,
    "name":"The Continents States University",
    "state":"NY",
    "city":"Monroe"
  },
  {
    "unitid":492263,
    "name":"The University of Tennessee System Office",
    "state":"FL",
    "city":"Tampa"
  },
  {
    "unitid":492360,
    "name":"The Salon Professional Academy-Delray Beach",
    "state":"CA",
    "city":"Los Angeles"
  },
  {
    "unitid":492607,
    "name":"The Chicago School at Dallas",
    "state":"TX",
    "city":"Texarkana"
  },
  {
    "unitid":492689,
    "name":"Texas Tech University Health Sciences Center-El Paso",
    "state":"PA",
    "city":"Irwin"
  },
  {
    "unitid":492722,
    "name":"The College of Health Care Professions-South San Antonio",
    "state":"PR",
    "city":"Ponce"
  },
  {
    "unitid":493910,
    "name":"Tuana European Beauty Academy",
    "state":"TN",
    "city":"Hendersonville"
  },
  {
    "unitid":494232,
    "name":"The Salon Professional Academy-Washington DC",
    "state":"CA",
    "city":"Colton"
  },
  {
    "unitid":494603,
    "name":"The Southwestern Baptist Theological Seminary",
    "state":"CO",
    "city":"Denver"
  },
  {
    "unitid":494694,
    "name":"Texas Healthtech Institute",
    "state":"OK",
    "city":"Oklahoma City"
  },
  {
    "unitid":494719,
    "name":"Tonsorial Arts Barber College",
    "state":"IA",
    "city":"Urbandale"
  },
  {
    "unitid":495235,
    "name":"Total Beauty Institute",
    "state":"NJ",
    "city":"Cherry Hill"
  },
  {
    "unitid":495305,
    "name":"The Professional Cosmetology Academy",
    "state":"LA",
    "city":"New Orleans"
  },
  {
    "unitid":495341,
    "name":"Taylor Andrews Academy of Hair Design-Hair Lab Detroit Barber School",
    "state":"NJ",
    "city":"Howell"
  },
  {
    "unitid":495730,
    "name":"Tricoci University of Beauty Culture-Normal",
    "state":"NY",
    "city":"Yonkers"
  },
  {
    "unitid":496265,
    "name":"Triangle Tech-Chambersburg",
    "state":"FL",
    "city":"Sarasota"
  },
  {
    "unitid":496539,
    "name":"The  Salon Professional Academy of Holland",
    "state":"CA",
    "city":"San Francisco"
  },
  {
    "unitid":497189,
    "name":"The Rapha School",
    "state":"AZ",
    "city":"Tucson"
  },
  {
    "unitid":497392,
    "name":"Top of the Line Barber School",
    "state":"CA",
    "city":"San Jose"
  },
  {
    "unitid":497499,
    "name":"Technology Learning Center",
    "state":"CA",
    "city":"French Camp"
  },
  {
    "unitid":498298,
    "name":"The Salon Professional Academy Maplewood",
    "state":"FL",
    "city":"West Palm Beach"
  },
  {
    "unitid":498359,
    "name":"The Salon Professional Academy",
    "state":"FL",
    "city":"West Palm Beach"
  },
  {
    "unitid":498836,
    "name":"The Nurse Academy",
    "state":"IN",
    "city":"Bloomington"
  },
  {
    "unitid":499705,
    "name":"Tulsa Welding School-Dallas Campus",
    "state":"MN",
    "city":"Wadena"
  }
]