[
  {
    "unitid":108065,
    "name":"Velvatex College of Beauty Culture",
    "state":"CA",
    "city":"Alameda"
  },
  {
    "unitid":123651,
    "name":"Vanguard University of Southern California",
    "state":"CA",
    "city":"Victorville"
  },
  {
    "unitid":125019,
    "name":"Ventura County Community College System Office",
    "state":"CO",
    "city":"Alamosa"
  },
  {
    "unitid":125028,
    "name":"Ventura College",
    "state":"CO",
    "city":"Greeley"
  },
  {
    "unitid":125091,
    "name":"Victor Valley College",
    "state":"CO",
    "city":"Denver"
  },
  {
    "unitid":138187,
    "name":"Valencia College",
    "state":"GA",
    "city":"Atlanta"
  },
  {
    "unitid":141264,
    "name":"Valdosta State University",
    "state":"ID",
    "city":"Twin Falls"
  },
  {
    "unitid":149639,
    "name":"VanderCook College of Music",
    "state":"IN",
    "city":"Indianapolis"
  },
  {
    "unitid":152600,
    "name":"Valparaiso University",
    "state":"IA",
    "city":"Fort Dodge"
  },
  {
    "unitid":152628,
    "name":"Vincennes Beauty College",
    "state":"IA",
    "city":"Estherville"
  },
  {
    "unitid":152637,
    "name":"Vincennes University",
    "state":"IA",
    "city":"Des Moines"
  },
  {
    "unitid":176433,
    "name":"Vaughn Beauty College",
    "state":"MO",
    "city":"Columbia"
  },
  {
    "unitid":188289,
    "name":"Vogue College of Cosmetology-Santa Fe",
    "state":"NY",
    "city":"Auburn"
  },
  {
    "unitid":188340,
    "name":"Vaughn College of Aeronautics and Technology",
    "state":"NY",
    "city":"Brooklyn"
  },
  {
    "unitid":197133,
    "name":"Vassar College",
    "state":"NC",
    "city":"New Bern"
  },
  {
    "unitid":197142,
    "name":"Villa Maria College",
    "state":"NC",
    "city":"Thomasville"
  },
  {
    "unitid":199838,
    "name":"Vance-Granville Community College",
    "state":"OH",
    "city":"Cincinnati"
  },
  {
    "unitid":200572,
    "name":"Valley City State University",
    "state":"OH",
    "city":"Cleveland"
  },
  {
    "unitid":213914,
    "name":"Vet Tech Institute",
    "state":"PA",
    "city":"Bristol"
  },
  {
    "unitid":216551,
    "name":"Valley Forge Military College",
    "state":"SC",
    "city":"Greenwood"
  },
  {
    "unitid":216579,
    "name":"Venus Beauty Academy",
    "state":"SC",
    "city":"Cheraw"
  },
  {
    "unitid":216597,
    "name":"Villanova University",
    "state":"SC",
    "city":"Charleston"
  },
  {
    "unitid":218919,
    "name":"Voorhees University",
    "state":"TN",
    "city":"Clarksville"
  },
  {
    "unitid":221999,
    "name":"Vanderbilt University",
    "state":"TX",
    "city":"Commerce"
  },
  {
    "unitid":222053,
    "name":"Volunteer State Community College",
    "state":"TX",
    "city":"Dallas"
  },
  {
    "unitid":223472,
    "name":"Vet Tech Institute of Houston",
    "state":"TX",
    "city":"Austin"
  },
  {
    "unitid":229504,
    "name":"Vernon College",
    "state":"VA",
    "city":"Roanoke"
  },
  {
    "unitid":229522,
    "name":"Victoria Beauty & Barber College",
    "state":"VA",
    "city":"Virginia Beach"
  },
  {
    "unitid":229540,
    "name":"Victoria College",
    "state":"VA",
    "city":"Danville"
  },
  {
    "unitid":229656,
    "name":"Vogue College of Cosmetology-McAllen",
    "state":"VA",
    "city":"Weyers Cave"
  },
  {
    "unitid":231147,
    "name":"Vermont Law and Graduate School",
    "state":"VA",
    "city":"Norfolk"
  },
  {
    "unitid":231156,
    "name":"Vermont State Colleges-Office of the Chancellor",
    "state":"VA",
    "city":"Martinsville"
  },
  {
    "unitid":231165,
    "name":"Vermont State University",
    "state":"VA",
    "city":"Franklin"
  },
  {
    "unitid":233754,
    "name":"Virginia Peninsula Community College",
    "state":"WA",
    "city":"Seattle"
  },
  {
    "unitid":233903,
    "name":"Virginia Highlands Community College",
    "state":"WA",
    "city":"Tacoma"
  },
  {
    "unitid":233921,
    "name":"Virginia Polytechnic Institute and State University",
    "state":"WA",
    "city":"Port Angeles"
  },
  {
    "unitid":233949,
    "name":"Virginia Western Community College",
    "state":"WA",
    "city":"Tacoma"
  },
  {
    "unitid":234030,
    "name":"Virginia Commonwealth University",
    "state":"WA",
    "city":"Renton"
  },
  {
    "unitid":234085,
    "name":"Virginia Military Institute",
    "state":"WA",
    "city":"Seattle"
  },
  {
    "unitid":234137,
    "name":"Virginia University of Lynchburg",
    "state":"WA",
    "city":"Seattle"
  },
  {
    "unitid":234155,
    "name":"Virginia State University",
    "state":"WA",
    "city":"Seattle"
  },
  {
    "unitid":234164,
    "name":"Virginia Union University",
    "state":"WA",
    "city":"Shoreline"
  },
  {
    "unitid":234173,
    "name":"Virginia Wesleyan University",
    "state":"WA",
    "city":"Mount Vernon"
  },
  {
    "unitid":238175,
    "name":"VICI Beauty School",
    "state":"WI",
    "city":"Kenosha"
  },
  {
    "unitid":240107,
    "name":"Viterbo University",
    "state":"PR",
    "city":"San Juan"
  },
  {
    "unitid":377485,
    "name":"Virginia Beach City Public Schools School of Practical Nursing",
    "state":"AZ",
    "city":"Avondale"
  },
  {
    "unitid":377652,
    "name":"Valley College-Beckley",
    "state":"NY",
    "city":"Bronx"
  },
  {
    "unitid":377661,
    "name":"Valley College-Martinsburg",
    "state":"PA",
    "city":"Scranton"
  },
  {
    "unitid":417123,
    "name":"Ventura Adult and Continuing Education",
    "state":"PR",
    "city":"Barranquitas"
  },
  {
    "unitid":417910,
    "name":"Veeb Nassau County School of Practical Nursing",
    "state":"PR",
    "city":"Ponce"
  },
  {
    "unitid":418278,
    "name":"Vantage Career Center",
    "state":"OR",
    "city":"Tillamook"
  },
  {
    "unitid":418524,
    "name":"Venango County Area Vocational Technical School",
    "state":"CA",
    "city":"Costa Mesa"
  },
  {
    "unitid":421717,
    "name":"Vanguard-Sentinel Adult Career and Technology Center",
    "state":"PA",
    "city":"Pittsburgh"
  },
  {
    "unitid":443322,
    "name":"Valley Grande Institute for Academic Studies",
    "state":"IL",
    "city":"Chicago"
  },
  {
    "unitid":449445,
    "name":"Valley College of Medical Careers",
    "state":"IN",
    "city":"Indianapolis"
  },
  {
    "unitid":449764,
    "name":"Visible Music College",
    "state":"PA",
    "city":"Tannersville"
  },
  {
    "unitid":449834,
    "name":"Virginia Beach Theological Seminary",
    "state":"TX",
    "city":"El Paso"
  },
  {
    "unitid":451626,
    "name":"Victoria's Academy of Cosmetology",
    "state":"NJ",
    "city":"Teterboro"
  },
  {
    "unitid":455992,
    "name":"Vermont College of Fine Arts",
    "state":"MO",
    "city":"Kansas City"
  },
  {
    "unitid":476540,
    "name":"Vogue College of Cosmetology-San Antonio Fredericksburg",
    "state":"VA",
    "city":"Woodbridge"
  },
  {
    "unitid":476559,
    "name":"Vogue College of Cosmetology",
    "state":"OK",
    "city":"Okmulgee"
  },
  {
    "unitid":481085,
    "name":"Verve College",
    "state":"TX",
    "city":"San Antonio"
  },
  {
    "unitid":482228,
    "name":"Veritas Baptist College",
    "state":"KY",
    "city":"Louisville"
  },
  {
    "unitid":483744,
    "name":"Vibe Barber College",
    "state":"CT",
    "city":"Waterbury"
  },
  {
    "unitid":485962,
    "name":"VH Barber & Styling Academy",
    "state":"ME",
    "city":"Bangor"
  },
  {
    "unitid":486257,
    "name":"Valor Christian College",
    "state":"NJ",
    "city":"East Brunswick"
  },
  {
    "unitid":490106,
    "name":"Virginia University of Integrative Medicine",
    "state":"IN",
    "city":"Lafayette"
  },
  {
    "unitid":491871,
    "name":"Vogue International Academy",
    "state":"NM",
    "city":"Albuquerque"
  },
  {
    "unitid":491899,
    "name":"Victory Career College",
    "state":"CO",
    "city":"Fort Collins"
  },
  {
    "unitid":492324,
    "name":"Vista Adult School",
    "state":"UT",
    "city":"South Ogden"
  },
  {
    "unitid":493770,
    "name":"Vski Cosmetology School",
    "state":"UT",
    "city":"Provo"
  },
  {
    "unitid":494250,
    "name":"Valley College-Cleveland",
    "state":"FL",
    "city":"Lake Wales"
  }
]