[
  {
    "unitid":100654,
    "name":"Alabama A & M University",
    "state":"AL",
    "city":"Normal"
  },
  {
    "unitid":100690,
    "name":"Amridge University",
    "state":"AL",
    "city":"Montgomery"
  },
  {
    "unitid":100724,
    "name":"Alabama State University",
    "state":"AL",
    "city":"Montgomery"
  },
  {
    "unitid":100812,
    "name":"Athens State University",
    "state":"AL",
    "city":"Athens"
  },
  {
    "unitid":100830,
    "name":"Auburn University at Montgomery",
    "state":"AL",
    "city":"Montgomery"
  },
  {
    "unitid":100858,
    "name":"Auburn University",
    "state":"AL",
    "city":"Auburn"
  },
  {
    "unitid":102580,
    "name":"Alaska Bible College",
    "state":"AK",
    "city":"Palmer"
  },
  {
    "unitid":102669,
    "name":"Alaska Pacific University",
    "state":"AK",
    "city":"Anchorage"
  },
  {
    "unitid":102711,
    "name":"Alaska Vocational Technical Center",
    "state":"AK",
    "city":"Seward"
  },
  {
    "unitid":103501,
    "name":"Alaska Career College",
    "state":"AK",
    "city":"Anchorage"
  },
  {
    "unitid":103954,
    "name":"Arizona Academy of Beauty",
    "state":"AZ",
    "city":"Tucson"
  },
  {
    "unitid":104151,
    "name":"Arizona State University Campus Immersion",
    "state":"AZ",
    "city":"Tempe"
  },
  {
    "unitid":104160,
    "name":"Arizona Western College",
    "state":"AZ",
    "city":"Yuma"
  },
  {
    "unitid":104568,
    "name":"Avalon Institute-Mesa",
    "state":"AZ",
    "city":"Mesa"
  },
  {
    "unitid":105899,
    "name":"Arizona Christian University",
    "state":"AZ",
    "city":"Glendale"
  },
  {
    "unitid":106306,
    "name":"Arkansas Baptist College",
    "state":"AR",
    "city":"Little Rock"
  },
  {
    "unitid":106315,
    "name":"Arkansas Beauty School-Little Rock",
    "state":"AR",
    "city":"Little Rock"
  },
  {
    "unitid":106324,
    "name":"Arkansas Beauty College",
    "state":"AR",
    "city":"Russellville"
  },
  {
    "unitid":106351,
    "name":"Arkansas Technical School",
    "state":"AR",
    "city":"North Little Rock"
  },
  {
    "unitid":106360,
    "name":"Arthur's Beauty College",
    "state":"AR",
    "city":"Fort Smith"
  },
  {
    "unitid":106449,
    "name":"Arkansas State University-Beebe",
    "state":"AR",
    "city":"Beebe"
  },
  {
    "unitid":106458,
    "name":"Arkansas State University",
    "state":"AR",
    "city":"Jonesboro"
  },
  {
    "unitid":106467,
    "name":"Arkansas Tech University",
    "state":"AR",
    "city":"Russellville"
  },
  {
    "unitid":106494,
    "name":"Arthur's Beauty College",
    "state":"AR",
    "city":"Jacksonville"
  },
  {
    "unitid":107293,
    "name":"Academy of Salon and Spa",
    "state":"AR",
    "city":"Fort Smith"
  },
  {
    "unitid":107318,
    "name":"Arkansas State University Mid-South",
    "state":"AR",
    "city":"West Memphis"
  },
  {
    "unitid":107327,
    "name":"Arkansas Northeastern College",
    "state":"AR",
    "city":"Blytheville"
  },
  {
    "unitid":107521,
    "name":"Arkansas State University Three Rivers",
    "state":"AR",
    "city":"Malvern"
  },
  {
    "unitid":108232,
    "name":"Academy of Art University",
    "state":"CA",
    "city":"San Francisco"
  },
  {
    "unitid":108269,
    "name":"Academy of Chinese Culture and Health Sciences",
    "state":"CA",
    "city":"Oakland"
  },
  {
    "unitid":108807,
    "name":"Allan Hancock College",
    "state":"CA",
    "city":"Santa Maria"
  },
  {
    "unitid":108852,
    "name":"American Academy of Dramatic Arts-Los Angeles",
    "state":"CA",
    "city":"Los Angeles"
  },
  {
    "unitid":108870,
    "name":"American Film Institute Conservatory",
    "state":"CA",
    "city":"Los Angeles"
  },
  {
    "unitid":108977,
    "name":"American Beauty College",
    "state":"CA",
    "city":"West Covina"
  },
  {
    "unitid":109040,
    "name":"American Career College-Los Angeles",
    "state":"CA",
    "city":"Los Angeles"
  },
  {
    "unitid":109208,
    "name":"American River College",
    "state":"CA",
    "city":"Sacramento"
  },
  {
    "unitid":109350,
    "name":"Antelope Valley Community College District",
    "state":"CA",
    "city":"Lancaster"
  },
  {
    "unitid":109651,
    "name":"Art Center College of Design",
    "state":"CA",
    "city":"Pasadena"
  },
  {
    "unitid":109721,
    "name":"Associated Technical College-Los Angeles",
    "state":"CA",
    "city":"Los Angeles"
  },
  {
    "unitid":109730,
    "name":"Associated Technical College-San Diego",
    "state":"CA",
    "city":"San Diego"
  },
  {
    "unitid":109785,
    "name":"Azusa Pacific University",
    "state":"CA",
    "city":"Azusa"
  },
  {
    "unitid":110468,
    "name":"Alliant International University-San Diego",
    "state":"CA",
    "city":"San Diego"
  },
  {
    "unitid":116846,
    "name":"American Jewish University",
    "state":"CA",
    "city":"Los Angeles"
  },
  {
    "unitid":126182,
    "name":"Adams State University",
    "state":"CO",
    "city":"Alamosa"
  },
  {
    "unitid":126207,
    "name":"Aims Community College",
    "state":"CO",
    "city":"Greeley"
  },
  {
    "unitid":126289,
    "name":"Arapahoe Community College",
    "state":"CO",
    "city":"Littleton"
  },
  {
    "unitid":128498,
    "name":"Albertus Magnus College",
    "state":"CT",
    "city":"New Haven"
  },
  {
    "unitid":128577,
    "name":"Asnuntuck Community College",
    "state":"CT",
    "city":"Enfield"
  },
  {
    "unitid":129482,
    "name":"American Institute-West Hartford",
    "state":"CT",
    "city":"West Hartford"
  },
  {
    "unitid":131159,
    "name":"American University",
    "state":"DC",
    "city":"Washington"
  },
  {
    "unitid":132374,
    "name":"Atlantic Technical College",
    "state":"FL",
    "city":"Coconut Creek"
  },
  {
    "unitid":132842,
    "name":"Albizu University-Miami",
    "state":"FL",
    "city":"Miami"
  },
  {
    "unitid":133872,
    "name":"AdventHealth University",
    "state":"FL",
    "city":"Orlando"
  },
  {
    "unitid":134811,
    "name":"AI Miami International University of Art and Design",
    "state":"FL",
    "city":"Miami"
  },
  {
    "unitid":137801,
    "name":"Altierus Career College-Tampa",
    "state":"FL",
    "city":"Tampa"
  },
  {
    "unitid":138558,
    "name":"Abraham Baldwin Agricultural College",
    "state":"GA",
    "city":"Tifton"
  },
  {
    "unitid":138600,
    "name":"Agnes Scott College",
    "state":"GA",
    "city":"Decatur"
  },
  {
    "unitid":138682,
    "name":"Albany Technical College",
    "state":"GA",
    "city":"Albany"
  },
  {
    "unitid":138716,
    "name":"Albany State University",
    "state":"GA",
    "city":"Albany"
  },
  {
    "unitid":138761,
    "name":"Andrew College",
    "state":"GA",
    "city":"Cuthbert"
  },
  {
    "unitid":138840,
    "name":"Atlanta Technical College",
    "state":"GA",
    "city":"Atlanta"
  },
  {
    "unitid":138901,
    "name":"Atlanta Metropolitan State College",
    "state":"GA",
    "city":"Atlanta"
  },
  {
    "unitid":138929,
    "name":"Atlanta's John Marshall Law School",
    "state":"GA",
    "city":"Atlanta"
  },
  {
    "unitid":138938,
    "name":"Atlanta School of Massage",
    "state":"GA",
    "city":"Atlanta"
  },
  {
    "unitid":138956,
    "name":"Augusta Technical College",
    "state":"GA",
    "city":"Augusta"
  },
  {
    "unitid":142407,
    "name":"Aveda Institute-Twin Falls",
    "state":"ID",
    "city":"Twin Falls"
  },
  {
    "unitid":142832,
    "name":"Adler University",
    "state":"IL",
    "city":"Chicago"
  },
  {
    "unitid":142887,
    "name":"American Academy of Art College",
    "state":"IL",
    "city":"Chicago"
  },
  {
    "unitid":142957,
    "name":"American Islamic College",
    "state":"IL",
    "city":"Chicago"
  },
  {
    "unitid":143084,
    "name":"Augustana College",
    "state":"IL",
    "city":"Rock Island"
  },
  {
    "unitid":143118,
    "name":"Aurora University",
    "state":"IL",
    "city":"Aurora"
  },
  {
    "unitid":150066,
    "name":"Anderson University",
    "state":"IN",
    "city":"Anderson"
  },
  {
    "unitid":151865,
    "name":"Anabaptist Mennonite Biblical Seminary",
    "state":"IN",
    "city":"Elkhart"
  },
  {
    "unitid":152798,
    "name":"Allen College",
    "state":"IA",
    "city":"Waterloo"
  },
  {
    "unitid":153463,
    "name":"American Hair Academy",
    "state":"IA",
    "city":"Mt. Pleasant"
  },
  {
    "unitid":154022,
    "name":"Ashford University",
    "state":"CA",
    "city":"San Diego"
  },
  {
    "unitid":154642,
    "name":"Allen County Community College",
    "state":"KS",
    "city":"Iola"
  },
  {
    "unitid":156189,
    "name":"Alice Lloyd College",
    "state":"KY",
    "city":"Pippa Passes"
  },
  {
    "unitid":156213,
    "name":"Asbury University",
    "state":"KY",
    "city":"Wilmore"
  },
  {
    "unitid":156222,
    "name":"Asbury Theological Seminary",
    "state":"KY",
    "city":"Wilmore"
  },
  {
    "unitid":156231,
    "name":"Ashland Community and Technical College",
    "state":"KY",
    "city":"Ashland"
  },
  {
    "unitid":157021,
    "name":"American National University-Pikeville",
    "state":"KY",
    "city":"Pikeville"
  },
  {
    "unitid":158246,
    "name":"Ayers Career College",
    "state":"LA",
    "city":"Shreveport"
  },
  {
    "unitid":158778,
    "name":"Avery James College",
    "state":"LA",
    "city":"Lake Charles"
  },
  {
    "unitid":159513,
    "name":"Aveda Arts & Sciences Institute-Baton Rouge",
    "state":"LA",
    "city":"Baton Rouge"
  },
  {
    "unitid":159522,
    "name":"Aveda Arts & Sciences Institute-Lafayette",
    "state":"LA",
    "city":"Lafayette"
  },
  {
    "unitid":160320,
    "name":"Aveda Arts & Sciences Institute-Covington",
    "state":"LA",
    "city":"Covington"
  },
  {
    "unitid":161688,
    "name":"Allegany College of Maryland",
    "state":"MD",
    "city":"Cumberland"
  },
  {
    "unitid":161767,
    "name":"Anne Arundel Community College",
    "state":"MD",
    "city":"Arnold"
  },
  {
    "unitid":161800,
    "name":"Award Beauty School",
    "state":"MD",
    "city":"Hagerstown"
  },
  {
    "unitid":162830,
    "name":"Aveda Institute-Maryland",
    "state":"MD",
    "city":"Bel Air"
  },
  {
    "unitid":164447,
    "name":"American International College",
    "state":"MA",
    "city":"Springfield"
  },
  {
    "unitid":164465,
    "name":"Amherst College",
    "state":"MA",
    "city":"Amherst"
  },
  {
    "unitid":164492,
    "name":"Anna Maria College",
    "state":"MA",
    "city":"Paxton"
  },
  {
    "unitid":164535,
    "name":"Assabet Valley Regional Technical School",
    "state":"MA",
    "city":"Marlborough"
  },
  {
    "unitid":164562,
    "name":"Assumption University",
    "state":"MA",
    "city":"Worcester"
  },
  {
    "unitid":168528,
    "name":"Adrian College",
    "state":"MI",
    "city":"Adrian"
  },
  {
    "unitid":168546,
    "name":"Albion College",
    "state":"MI",
    "city":"Albion"
  },
  {
    "unitid":168591,
    "name":"Alma College",
    "state":"MI",
    "city":"Alma"
  },
  {
    "unitid":168607,
    "name":"Alpena Community College",
    "state":"MI",
    "city":"Alpena"
  },
  {
    "unitid":168740,
    "name":"Andrews University",
    "state":"MI",
    "city":"Berrien Springs"
  },
  {
    "unitid":168786,
    "name":"Aquinas College",
    "state":"MI",
    "city":"Grand Rapids"
  },
  {
    "unitid":172866,
    "name":"Academy College",
    "state":"MN",
    "city":"Bloomington"
  },
  {
    "unitid":172918,
    "name":"Alexandria Technical & Community College",
    "state":"MN",
    "city":"Alexandria"
  },
  {
    "unitid":172954,
    "name":"Anoka Technical College",
    "state":"MN",
    "city":"Anoka"
  },
  {
    "unitid":172963,
    "name":"Anoka-Ramsey Community College",
    "state":"MN",
    "city":"Coon Rapids"
  },
  {
    "unitid":173045,
    "name":"Augsburg University",
    "state":"MN",
    "city":"Minneapolis"
  },
  {
    "unitid":173744,
    "name":"Aveda Arts & Sciences Institute Minneapolis",
    "state":"MN",
    "city":"Minneapolis"
  },
  {
    "unitid":175342,
    "name":"Alcorn State University",
    "state":"MS",
    "city":"Alcorn State"
  },
  {
    "unitid":175722,
    "name":"Academy of Hair Design-Grenada",
    "state":"MS",
    "city":"Grenada"
  },
  {
    "unitid":176600,
    "name":"Aquinas Institute of Theology",
    "state":"MO",
    "city":"Saint Louis"
  },
  {
    "unitid":176628,
    "name":"Avila University",
    "state":"MO",
    "city":"Kansas City"
  },
  {
    "unitid":177834,
    "name":"A T Still University of Health Sciences",
    "state":"MO",
    "city":"Kirksville"
  },
  {
    "unitid":179991,
    "name":"Academy of Cosmetology Inc",
    "state":"MT",
    "city":"Bozeman"
  },
  {
    "unitid":180203,
    "name":"Aaniiih Nakoda College",
    "state":"MT",
    "city":"Harlem"
  },
  {
    "unitid":181880,
    "name":"Academy of Hair Design-Las Vegas",
    "state":"NV",
    "city":"Las Vegas"
  },
  {
    "unitid":183600,
    "name":"Assumption College for Sisters",
    "state":"NJ",
    "city":"Denville"
  },
  {
    "unitid":183655,
    "name":"Atlantic Cape Community College",
    "state":"NJ",
    "city":"Mays Landing"
  },
  {
    "unitid":183983,
    "name":"Adult and Continuing Education-BCTS",
    "state":"NJ",
    "city":"Hackensack"
  },
  {
    "unitid":184092,
    "name":"American Institute-Clifton",
    "state":"NJ",
    "city":"CLIFTON"
  },
  {
    "unitid":187000,
    "name":"Aviation Institute of Maintenance-Teterboro",
    "state":"NJ",
    "city":"Teterboro"
  },
  {
    "unitid":188429,
    "name":"Adelphi University",
    "state":"NY",
    "city":"Garden City"
  },
  {
    "unitid":188526,
    "name":"Albany College of Pharmacy and Health Sciences",
    "state":"NY",
    "city":"Albany"
  },
  {
    "unitid":188535,
    "name":"Albany Law School",
    "state":"NY",
    "city":"Albany"
  },
  {
    "unitid":188580,
    "name":"Albany Medical College",
    "state":"NY",
    "city":"Albany"
  },
  {
    "unitid":188641,
    "name":"Alfred University",
    "state":"NY",
    "city":"Alfred"
  },
  {
    "unitid":188650,
    "name":"Allen School-Brooklyn",
    "state":"NY",
    "city":"Brooklyn"
  },
  {
    "unitid":188678,
    "name":"American Academy of Dramatic Arts-New York",
    "state":"NY",
    "city":"New York"
  },
  {
    "unitid":188687,
    "name":"American Academy McAllister Institute of Funeral Service",
    "state":"NY",
    "city":"New York"
  },
  {
    "unitid":188854,
    "name":"American Musical and Dramatic Academy",
    "state":"NY",
    "city":"New York"
  },
  {
    "unitid":188890,
    "name":"Apex Technical School",
    "state":"NY",
    "city":"Long Island City"
  },
  {
    "unitid":188915,
    "name":"Arnot Ogden Medical Center",
    "state":"NY",
    "city":"Elmira"
  },
  {
    "unitid":188942,
    "name":"Associated Beth Rivkah Schools",
    "state":"NY",
    "city":"Brooklyn"
  },
  {
    "unitid":189477,
    "name":"American Beauty School",
    "state":"NY",
    "city":"Bronx"
  },
  {
    "unitid":194161,
    "name":"Alliance University",
    "state":"NY",
    "city":"New York"
  },
  {
    "unitid":197869,
    "name":"Appalachian State University",
    "state":"NC",
    "city":"Boone"
  },
  {
    "unitid":197887,
    "name":"Asheville-Buncombe Technical Community College",
    "state":"NC",
    "city":"Asheville"
  },
  {
    "unitid":199786,
    "name":"Alamance Community College",
    "state":"NC",
    "city":"Graham"
  },
  {
    "unitid":200697,
    "name":"Air Force Institute of Technology-Graduate School of Engineering & Management",
    "state":"OH",
    "city":"Wright-Patterson AFB"
  },
  {
    "unitid":200873,
    "name":"Allegheny Wesleyan College",
    "state":"OH",
    "city":"Salem"
  },
  {
    "unitid":201034,
    "name":"Apollo Career Center",
    "state":"OH",
    "city":"Lima"
  },
  {
    "unitid":201061,
    "name":"Art Academy of Cincinnati",
    "state":"OH",
    "city":"Cincinnati"
  },
  {
    "unitid":201098,
    "name":"Ashland County-West Holmes Career Center",
    "state":"OH",
    "city":"Ashland"
  },
  {
    "unitid":201104,
    "name":"Ashland University",
    "state":"OH",
    "city":"Ashland"
  },
  {
    "unitid":201131,
    "name":"Ashtabula County Technical and Career Campus",
    "state":"OH",
    "city":"Jefferson"
  },
  {
    "unitid":201140,
    "name":"Athenaeum of Ohio",
    "state":"OH",
    "city":"Cincinnati"
  },
  {
    "unitid":201159,
    "name":"Auburn Career Center",
    "state":"OH",
    "city":"Concord Twp"
  },
  {
    "unitid":201177,
    "name":"Aultman College of Nursing and Health Sciences",
    "state":"OH",
    "city":"Canton"
  },
  {
    "unitid":203030,
    "name":"Adult and Community Education-Hudson",
    "state":"OH",
    "city":"Columbus"
  },
  {
    "unitid":210508,
    "name":"Academy of Vocal Arts",
    "state":"PA",
    "city":"Philadelphia"
  },
  {
    "unitid":210571,
    "name":"Albright College",
    "state":"PA",
    "city":"Reading"
  },
  {
    "unitid":210599,
    "name":"All-State Career School",
    "state":"PA",
    "city":"Essington"
  },
  {
    "unitid":210669,
    "name":"Allegheny College",
    "state":"PA",
    "city":"Meadville"
  },
  {
    "unitid":210748,
    "name":"Altoona Beauty School Inc",
    "state":"PA",
    "city":"Altoona"
  },
  {
    "unitid":210775,
    "name":"Alvernia University",
    "state":"PA",
    "city":"Reading"
  },
  {
    "unitid":210809,
    "name":"American College of Financial Services",
    "state":"PA",
    "city":"King of Prussia"
  },
  {
    "unitid":211006,
    "name":"Automotive Training Center-Exton",
    "state":"PA",
    "city":"Exton"
  },
  {
    "unitid":211088,
    "name":"Arcadia University",
    "state":"PA",
    "city":"Glenside"
  },
  {
    "unitid":214023,
    "name":"ASPIRA City College",
    "state":"PA",
    "city":"Philadelphia"
  },
  {
    "unitid":217615,
    "name":"Aiken Technical College",
    "state":"SC",
    "city":"Graniteville"
  },
  {
    "unitid":217624,
    "name":"Allen University",
    "state":"SC",
    "city":"Columbia"
  },
  {
    "unitid":217633,
    "name":"Anderson University",
    "state":"SC",
    "city":"Anderson"
  },
  {
    "unitid":219000,
    "name":"Augustana University",
    "state":"SD",
    "city":"Sioux Falls"
  },
  {
    "unitid":219170,
    "name":"Avera McKennan Hospital School of Radiologic Technology",
    "state":"SD",
    "city":"Sioux Falls"
  },
  {
    "unitid":219338,
    "name":"Avera Sacred Heart Hospital",
    "state":"SD",
    "city":"Yankton"
  },
  {
    "unitid":219505,
    "name":"American Baptist College",
    "state":"TN",
    "city":"Nashville"
  },
  {
    "unitid":219587,
    "name":"Arnolds Beauty School",
    "state":"TN",
    "city":"Milan"
  },
  {
    "unitid":219602,
    "name":"Austin Peay State University",
    "state":"TN",
    "city":"Clarksville"
  },
  {
    "unitid":219851,
    "name":"Austin's Beauty College Inc",
    "state":"TN",
    "city":"Clarksville"
  },
  {
    "unitid":222178,
    "name":"Abilene Christian University",
    "state":"TX",
    "city":"Abilene"
  },
  {
    "unitid":222497,
    "name":"Alamo Community College District Central Office",
    "state":"Texas",
    "city":null
  },
  {
    "unitid":222567,
    "name":"Alvin Community College",
    "state":"TX",
    "city":"Alvin"
  },
  {
    "unitid":222576,
    "name":"Amarillo College",
    "state":"TX",
    "city":"Amarillo"
  },
  {
    "unitid":222628,
    "name":"Amberton University",
    "state":"TX",
    "city":"Garland"
  },
  {
    "unitid":222822,
    "name":"Angelina College",
    "state":"TX",
    "city":"Lufkin"
  },
  {
    "unitid":222831,
    "name":"Angelo State University",
    "state":"TX",
    "city":"San Angelo"
  },
  {
    "unitid":222877,
    "name":"Arlington Baptist University",
    "state":"TX",
    "city":"Arlington"
  },
  {
    "unitid":222886,
    "name":"Arlington Career Institute",
    "state":"TX",
    "city":"Grand Prairie"
  },
  {
    "unitid":222983,
    "name":"Austin College",
    "state":"TX",
    "city":"Sherman"
  },
  {
    "unitid":222992,
    "name":"Austin Community College District",
    "state":"TX",
    "city":"Austin"
  },
  {
    "unitid":223001,
    "name":"Austin Presbyterian Theological Seminary",
    "state":"TX",
    "city":"Austin"
  },
  {
    "unitid":227748,
    "name":"Aviation Institute of Maintenance-Houston",
    "state":"TX",
    "city":"Houston"
  },
  {
    "unitid":231411,
    "name":"Advanced Technology Institute",
    "state":"VA",
    "city":"Virginia Beach"
  },
  {
    "unitid":231420,
    "name":"Averett University",
    "state":"VA",
    "city":"Danville"
  },
  {
    "unitid":232797,
    "name":"American National University",
    "state":"VA",
    "city":"Salem"
  },
  {
    "unitid":234119,
    "name":"Asher Institute of Hampton",
    "state":"VA",
    "city":"Hampton"
  },
  {
    "unitid":237118,
    "name":"Alderson Broaddus University",
    "state":"WV",
    "city":"Philippi"
  },
  {
    "unitid":237127,
    "name":"Appalachian Beauty School",
    "state":"KY",
    "city":"Belfry"
  },
  {
    "unitid":237136,
    "name":"Appalachian Bible College",
    "state":"WV",
    "city":"Mount Hope"
  },
  {
    "unitid":237729,
    "name":"Academy of Careers and Technology",
    "state":"WV",
    "city":"Beckley"
  },
  {
    "unitid":238193,
    "name":"Alverno College",
    "state":"WI",
    "city":"Milwaukee"
  },
  {
    "unitid":240736,
    "name":"American Samoa Community College",
    "state":"AS",
    "city":"Pago Pago"
  },
  {
    "unitid":241100,
    "name":"American University of Puerto Rico",
    "state":"PR",
    "city":"Bayamon"
  },
  {
    "unitid":241128,
    "name":"American University of Puerto Rico",
    "state":"PR",
    "city":"Manati"
  },
  {
    "unitid":241146,
    "name":"American Educational College",
    "state":"PR",
    "city":"Bayamon"
  },
  {
    "unitid":241182,
    "name":"Antilles School of Technical Careers",
    "state":"PR",
    "city":"San Juan"
  },
  {
    "unitid":241216,
    "name":"Atlantic University",
    "state":"PR",
    "city":"Guaynabo"
  },
  {
    "unitid":241331,
    "name":"Albizu University-San Juan",
    "state":"PR",
    "city":"San Juan"
  },
  {
    "unitid":245838,
    "name":"Antioch University-Los Angeles",
    "state":"CA",
    "city":"Culver City"
  },
  {
    "unitid":245847,
    "name":"Antioch University-Santa Barbara",
    "state":"CA",
    "city":"Santa Barbara"
  },
  {
    "unitid":245865,
    "name":"Antioch University-New England",
    "state":"NH",
    "city":"Keene"
  },
  {
    "unitid":245883,
    "name":"Antioch University-Seattle",
    "state":"WA",
    "city":"Seattle"
  },
  {
    "unitid":245892,
    "name":"Antioch University",
    "state":"OH",
    "city":"Yellow Springs"
  },
  {
    "unitid":246813,
    "name":"Athens Technical College",
    "state":"GA",
    "city":"Athens"
  },
  {
    "unitid":248192,
    "name":"Allure Beauty College",
    "state":"KY",
    "city":"Whitesburg"
  },
  {
    "unitid":250285,
    "name":"Aviation Institute of Maintenance-Philadelphia",
    "state":"PA",
    "city":"Philadelphia"
  },
  {
    "unitid":262369,
    "name":"Adrian's Beauty College of Turlock",
    "state":"CA",
    "city":"Turlock"
  },
  {
    "unitid":362700,
    "name":"Aveda Institute-Fort Myers",
    "state":"FL",
    "city":"Fort Myers"
  },
  {
    "unitid":365213,
    "name":"Autry Technology Center",
    "state":"OK",
    "city":"Enid"
  },
  {
    "unitid":372356,
    "name":"Avalon Institute-Aurora",
    "state":"CO",
    "city":"Aurora"
  },
  {
    "unitid":372462,
    "name":"Academy of Cosmetology",
    "state":"FL",
    "city":"Merritt Island"
  },
  {
    "unitid":373784,
    "name":"All-State Career-Baltimore",
    "state":"MD",
    "city":"Baltimore"
  },
  {
    "unitid":374024,
    "name":"Adler Graduate School",
    "state":"MN",
    "city":"Minnetonka"
  },
  {
    "unitid":374316,
    "name":"Academy of Hair Design-Jackson",
    "state":"MS",
    "city":"Jackson"
  },
  {
    "unitid":376446,
    "name":"Academy of Hair Technology",
    "state":"SC",
    "city":"Greenville"
  },
  {
    "unitid":378886,
    "name":"Artistic Nails and Beauty Academy-Tampa",
    "state":"FL",
    "city":"Tampa"
  },
  {
    "unitid":382461,
    "name":"Academy of Hair Design-Pearl",
    "state":"MS",
    "city":"Pearl"
  },
  {
    "unitid":384306,
    "name":"Acupuncture and Integrative Medicine College-Berkeley",
    "state":"CA",
    "city":"Berkeley"
  },
  {
    "unitid":385415,
    "name":"Albert Einstein College of Medicine",
    "state":"NY",
    "city":"Bronx"
  },
  {
    "unitid":393861,
    "name":"Asian-American International Beauty College",
    "state":"CA",
    "city":"Westminster"
  },
  {
    "unitid":400187,
    "name":"Advance Beauty College",
    "state":"CA",
    "city":"Garden Grove"
  },
  {
    "unitid":412173,
    "name":"Academy for Nursing and Health Occupations",
    "state":"FL",
    "city":"West Palm Beach"
  },
  {
    "unitid":414063,
    "name":"Artistic Academy of Hair Design",
    "state":"NJ",
    "city":"Morris Plains"
  },
  {
    "unitid":415987,
    "name":"Allen School-Jamaica",
    "state":"NY",
    "city":"Jamaica"
  },
  {
    "unitid":417716,
    "name":"Applied Technology Services",
    "state":"MO",
    "city":"Sunset Hills"
  },
  {
    "unitid":418038,
    "name":"Albany BOCES-Adult Practical Nursing Program",
    "state":"NY",
    "city":"Albany"
  },
  {
    "unitid":418658,
    "name":"All-State Career School-Pittsburgh",
    "state":"PA",
    "city":"West Mifflin"
  },
  {
    "unitid":418782,
    "name":"Automeca Technical College-Aguadilla",
    "state":"PR",
    "city":"Aguadilla"
  },
  {
    "unitid":419244,
    "name":"Atlanta Institute of Music and Media",
    "state":"GA",
    "city":"Duluth"
  },
  {
    "unitid":419703,
    "name":"Automeca Technical College-Bayamon",
    "state":"PR",
    "city":"Bayamon"
  },
  {
    "unitid":419712,
    "name":"Automeca Technical College-Caguas",
    "state":"PR",
    "city":"Caguas"
  },
  {
    "unitid":419721,
    "name":"Automeca Technical College-Ponce",
    "state":"PR",
    "city":"Ponce"
  },
  {
    "unitid":420538,
    "name":"Arkansas State University-Mountain Home",
    "state":"AR",
    "city":"Mountain Home"
  },
  {
    "unitid":420802,
    "name":"Arizona Board of Regents",
    "state":"Arizona",
    "city":null
  },
  {
    "unitid":421708,
    "name":"Arizona College of Nursing-Tempe",
    "state":"AZ",
    "city":"Tempe"
  },
  {
    "unitid":421771,
    "name":"Academy of Beauty Professionals",
    "state":"MO",
    "city":"Raymore"
  },
  {
    "unitid":421896,
    "name":"Academia Serrant Inc",
    "state":"PR",
    "city":"Ponce"
  },
  {
    "unitid":422835,
    "name":"American College of Healthcare and Technology",
    "state":"CA",
    "city":"Riverside"
  },
  {
    "unitid":423397,
    "name":"Advantage Technical College",
    "state":"PR",
    "city":"Manati"
  },
  {
    "unitid":427973,
    "name":"Aviation Institute of Maintenance-Norfolk",
    "state":"VA",
    "city":"Norfolk"
  },
  {
    "unitid":429085,
    "name":"American College of Acupuncture and Oriental Med",
    "state":"TX",
    "city":"Houston"
  },
  {
    "unitid":429094,
    "name":"AOMA Graduate School of Integrative Medicine",
    "state":"TX",
    "city":"Austin"
  },
  {
    "unitid":432348,
    "name":"Appalachian School of Law",
    "state":"VA",
    "city":"Grundy"
  },
  {
    "unitid":433004,
    "name":"American University of Health Sciences",
    "state":"CA",
    "city":"Signal Hill"
  },
  {
    "unitid":434274,
    "name":"Academy of Hair Design-Lufkin",
    "state":"TX",
    "city":"Lufkin"
  },
  {
    "unitid":437608,
    "name":"Advanced Barber College and Hair Design",
    "state":"TX",
    "city":"Weslaco"
  },
  {
    "unitid":438586,
    "name":"American InterContinental University-Atlanta",
    "state":"GA",
    "city":"Atlanta"
  },
  {
    "unitid":438735,
    "name":"Aviation Institute of Maintenance-Indianapolis",
    "state":"IN",
    "city":"Indianapolis"
  },
  {
    "unitid":439446,
    "name":"Atlantic Institute of Oriental Medicine",
    "state":"FL",
    "city":"Fort Lauderdale"
  },
  {
    "unitid":439969,
    "name":"Acupuncture and Massage College",
    "state":"FL",
    "city":"Miami"
  },
  {
    "unitid":440059,
    "name":"Aviation Institute of Maintenance-Atlanta",
    "state":"GA",
    "city":"Duluth"
  },
  {
    "unitid":440138,
    "name":"Antioch University-System Administration",
    "state":"Ohio",
    "city":null
  },
  {
    "unitid":440402,
    "name":"Arkansas State University-Newport",
    "state":"AR",
    "city":"Newport"
  },
  {
    "unitid":440651,
    "name":"Atenas College",
    "state":"PR",
    "city":"Manati"
  },
  {
    "unitid":441052,
    "name":"American Career College-Anaheim",
    "state":"CA",
    "city":"Anaheim"
  },
  {
    "unitid":441496,
    "name":"Aviation Institute of Maintenance-Kansas City",
    "state":"MO",
    "city":"Kansas City"
  },
  {
    "unitid":441636,
    "name":"American Institute of Alternative Medicine",
    "state":"OH",
    "city":"Columbus"
  },
  {
    "unitid":441788,
    "name":"Aviation Institute of Maintenance-Dallas",
    "state":"TX",
    "city":"Irving"
  },
  {
    "unitid":442295,
    "name":"Ave Maria School of Law",
    "state":"FL",
    "city":"Naples"
  },
  {
    "unitid":442523,
    "name":"Alaska Christian College",
    "state":"AK",
    "city":"Soldotna"
  },
  {
    "unitid":443599,
    "name":"American College of Healthcare Sciences",
    "state":"OR",
    "city":"Portland"
  },
  {
    "unitid":443748,
    "name":"Altierus Career College-Norcross",
    "state":"GA",
    "city":"Norcross"
  },
  {
    "unitid":444325,
    "name":"ATI College-Whittier",
    "state":"CA",
    "city":"Whitter"
  },
  {
    "unitid":444334,
    "name":"Advance Science International College",
    "state":"FL",
    "city":"Miami Lakes"
  },
  {
    "unitid":444361,
    "name":"ATA College",
    "state":"CA",
    "city":"El Cajon"
  },
  {
    "unitid":444370,
    "name":"American Advanced Technicians Institute",
    "state":"FL",
    "city":"Hialeah"
  },
  {
    "unitid":444556,
    "name":"Auguste Escoffier School of Culinary Arts-Austin",
    "state":"TX",
    "city":"Austin"
  },
  {
    "unitid":445027,
    "name":"American InterContinental University System",
    "state":"AZ",
    "city":"Chandler"
  },
  {
    "unitid":445133,
    "name":"American InterContinental University-Houston",
    "state":"TX",
    "city":"Houston"
  },
  {
    "unitid":445461,
    "name":"Altierus Career College-Bissonnet",
    "state":"TX",
    "city":"Houston"
  },
  {
    "unitid":445540,
    "name":"Arthur's Beauty College",
    "state":"AR",
    "city":"Conway"
  },
  {
    "unitid":445762,
    "name":"Aviation Institute of Maintenance-Manassas",
    "state":"VA",
    "city":"Manassas"
  },
  {
    "unitid":446002,
    "name":"American Academy of Health and Wellness",
    "state":"MN",
    "city":"Roseville"
  },
  {
    "unitid":446039,
    "name":"Arizona School of Acupuncture and Oriental Medicine",
    "state":"AZ",
    "city":"Tucson"
  },
  {
    "unitid":446048,
    "name":"Ave Maria University",
    "state":"FL",
    "city":"Ave Maria"
  },
  {
    "unitid":446127,
    "name":"ATA Career Education",
    "state":"FL",
    "city":"Spring Hill"
  },
  {
    "unitid":447449,
    "name":"Academy of Hair Design-Jasper",
    "state":"TX",
    "city":"Jasper"
  },
  {
    "unitid":447768,
    "name":"American Career College-Ontario",
    "state":"CA",
    "city":"Ontario"
  },
  {
    "unitid":447777,
    "name":"Asher College",
    "state":"CA",
    "city":"Sacramento"
  },
  {
    "unitid":447795,
    "name":"American Institute of Massage Therapy",
    "state":"CA",
    "city":"Santa Ana"
  },
  {
    "unitid":447847,
    "name":"Aviator College of Aeronautical Science and Technology",
    "state":"FL",
    "city":"Fort Pierce"
  },
  {
    "unitid":447883,
    "name":"American Institute of Beauty",
    "state":"FL",
    "city":"Largo"
  },
  {
    "unitid":447917,
    "name":"Augusta School of Massage",
    "state":"GA",
    "city":"Evans"
  },
  {
    "unitid":447935,
    "name":"ATA College",
    "state":"KY",
    "city":"Louisville"
  },
  {
    "unitid":448071,
    "name":"Aveda Arts & Sciences Institute-New York",
    "state":"NY",
    "city":"New York"
  },
  {
    "unitid":448257,
    "name":"Avi Career Training",
    "state":"VA",
    "city":"Great Falls"
  },
  {
    "unitid":448336,
    "name":"Arkansas State University System",
    "state":"Arkansas",
    "city":null
  },
  {
    "unitid":448770,
    "name":"Automotive Training Center-Warminster",
    "state":"PA",
    "city":"Warminster"
  },
  {
    "unitid":449339,
    "name":"American Public University System",
    "state":"WV",
    "city":"Charles Town"
  },
  {
    "unitid":449454,
    "name":"Academy of Natural Therapy Inc",
    "state":"CO",
    "city":"Greeley"
  },
  {
    "unitid":449463,
    "name":"Academy Di Capelli-School of Cosmetology",
    "state":"CT",
    "city":"Wallingford"
  },
  {
    "unitid":449676,
    "name":"Ace Institute of Technology",
    "state":"NY",
    "city":"New York"
  },
  {
    "unitid":449728,
    "name":"ATA College",
    "state":"OK",
    "city":"Tulsa"
  },
  {
    "unitid":449889,
    "name":"American College of Education",
    "state":"IN",
    "city":"Indianapolis"
  },
  {
    "unitid":449922,
    "name":"Appalachian College of Pharmacy",
    "state":"VA",
    "city":"Oakwood"
  },
  {
    "unitid":450951,
    "name":"Arizona Culinary Institute",
    "state":"AZ",
    "city":"Scottsdale"
  },
  {
    "unitid":451051,
    "name":"Academy of Massage and Bodywork",
    "state":"DE",
    "city":"Bear"
  },
  {
    "unitid":451079,
    "name":"Academy for Five Element Acupuncture",
    "state":"FL",
    "city":"Gainesville"
  },
  {
    "unitid":451097,
    "name":"Academy of Career Training",
    "state":"FL",
    "city":"Kissimmee"
  },
  {
    "unitid":451149,
    "name":"Aveda Institute-South Florida",
    "state":"FL",
    "city":"Davie"
  },
  {
    "unitid":451158,
    "name":"Aveda Institute-Tallahassee",
    "state":"FL",
    "city":"Tallahassee"
  },
  {
    "unitid":451334,
    "name":"Academy of Hair Design-Springfield",
    "state":"MO",
    "city":"Springfield"
  },
  {
    "unitid":451468,
    "name":"Aveda Fredric's Institute-Cincinnati",
    "state":"OH",
    "city":"West Chester"
  },
  {
    "unitid":451574,
    "name":"Aveda Institute-Provo",
    "state":"UT",
    "city":"Provo"
  },
  {
    "unitid":452373,
    "name":"ATA College-Cincinnati",
    "state":"OH",
    "city":"Cincinnati"
  },
  {
    "unitid":454722,
    "name":"Academy of Esthetics and Cosmetology",
    "state":"CA",
    "city":"San Fernando"
  },
  {
    "unitid":454810,
    "name":"Auguste Escoffier School of Culinary Arts-Boulder",
    "state":"CO",
    "city":"Boulder"
  },
  {
    "unitid":454829,
    "name":"Aspen University",
    "state":"AZ",
    "city":"Phoenix"
  },
  {
    "unitid":455141,
    "name":"Aveda Institute-Chapel Hill",
    "state":"NC",
    "city":"Chapel Hill"
  },
  {
    "unitid":455202,
    "name":"American Institute of Medical Sciences & Education",
    "state":"NJ",
    "city":"Piscataway"
  },
  {
    "unitid":455275,
    "name":"Aveda Institute-Columbus",
    "state":"OH",
    "city":"Columbus"
  },
  {
    "unitid":455354,
    "name":"Aveda Arts & Sciences Institute-San Antonio",
    "state":"TX",
    "city":"San Antonio"
  },
  {
    "unitid":455877,
    "name":"Aveda Institute-Chicago",
    "state":"IL",
    "city":"Chicago"
  },
  {
    "unitid":456001,
    "name":"Advanced Welding Institute",
    "state":"VT",
    "city":"South Burlington"
  },
  {
    "unitid":457271,
    "name":"Academy for Jewish Religion California",
    "state":"CA",
    "city":"Los Angeles"
  },
  {
    "unitid":457299,
    "name":"Angeles College",
    "state":"CA",
    "city":"Los Angeles"
  },
  {
    "unitid":457314,
    "name":"Angeles Institute",
    "state":"CA",
    "city":"ARTESIA"
  },
  {
    "unitid":457396,
    "name":"American Academy of Cosmetology",
    "state":"FL",
    "city":"Orange Park"
  },
  {
    "unitid":457411,
    "name":"Aviation Institute of Maintenance-Orlando",
    "state":"FL",
    "city":"Casselberry"
  },
  {
    "unitid":457527,
    "name":"Ambria College of Nursing",
    "state":"IL",
    "city":"Hoffman Estates"
  },
  {
    "unitid":457563,
    "name":"Aveda Fredric's Institute-Indianapolis",
    "state":"IN",
    "city":"Carmel"
  },
  {
    "unitid":457679,
    "name":"Avalon School of Cosmetology",
    "state":"MN",
    "city":"Worthington"
  },
  {
    "unitid":457989,
    "name":"Academy for Careers and Technology",
    "state":"SC",
    "city":"Mullins"
  },
  {
    "unitid":458070,
    "name":"Avenue Five Institute",
    "state":"TX",
    "city":"Austin"
  },
  {
    "unitid":458113,
    "name":"Ascent College",
    "state":"VA",
    "city":"Hampton"
  },
  {
    "unitid":458131,
    "name":"Aveda Arts & Sciences Institute Seattle",
    "state":"WA",
    "city":"Seattle"
  },
  {
    "unitid":459277,
    "name":"Aveda Institute-Denver",
    "state":"CO",
    "city":"Denver"
  },
  {
    "unitid":459523,
    "name":"ABC Beauty Academy",
    "state":"TX",
    "city":"Richardson"
  },
  {
    "unitid":459541,
    "name":"American Beauty Academy",
    "state":"UT",
    "city":"Payson"
  },
  {
    "unitid":460701,
    "name":"Artistic Nails and Beauty Academy-Lakeland",
    "state":"FL",
    "city":"Lakeland"
  },
  {
    "unitid":460862,
    "name":"Aveda Institute-Portland",
    "state":"OR",
    "city":"Portland"
  },
  {
    "unitid":461111,
    "name":"Allstate Hairstyling & Barber College",
    "state":"OH",
    "city":"Cleveland"
  },
  {
    "unitid":461263,
    "name":"American Medical Sciences Center",
    "state":"CA",
    "city":"Glendale"
  },
  {
    "unitid":461342,
    "name":"Acaydia School of Aesthetics",
    "state":"UT",
    "city":"Provo"
  },
  {
    "unitid":461430,
    "name":"Advanced Training Institute",
    "state":"NV",
    "city":"Las Vegas"
  },
  {
    "unitid":461555,
    "name":"Aveda Institute-New Mexico",
    "state":"NM",
    "city":"Albuquerque"
  },
  {
    "unitid":461573,
    "name":"American Trade School",
    "state":"MO",
    "city":"Saint Ann"
  },
  {
    "unitid":461625,
    "name":"American Technical Institute",
    "state":"PR",
    "city":"Bayamon"
  },
  {
    "unitid":461652,
    "name":"Aveda Institute-Boise",
    "state":"ID",
    "city":"Boise"
  },
  {
    "unitid":461768,
    "name":"Atelier Esthetique Institute of Esthetics",
    "state":"NY",
    "city":"New York"
  },
  {
    "unitid":461786,
    "name":"Advanced College of Cosmetology",
    "state":"WI",
    "city":"Waupun"
  },
  {
    "unitid":461892,
    "name":"Abcott Institute",
    "state":"MI",
    "city":"Southfield"
  },
  {
    "unitid":462062,
    "name":"Academy for Salon Professionals",
    "state":"CA",
    "city":"Northridge"
  },
  {
    "unitid":469610,
    "name":"Allen School-Phoenix",
    "state":"AZ",
    "city":"Phoenix"
  },
  {
    "unitid":474915,
    "name":"Avalon Institute-Phoenix",
    "state":"AZ",
    "city":"Phoenix"
  },
  {
    "unitid":474924,
    "name":"Avalon Institute-Layton",
    "state":"UT",
    "city":"Layton"
  },
  {
    "unitid":475015,
    "name":"Aveda Institute-Des Moines",
    "state":"IA",
    "city":"West Des Moines"
  },
  {
    "unitid":475431,
    "name":"ASI Career Institute",
    "state":"NJ",
    "city":"Turnersville"
  },
  {
    "unitid":475705,
    "name":"Annenberg School of Nursing",
    "state":"CA",
    "city":"Reseda"
  },
  {
    "unitid":475714,
    "name":"American Medical Academy",
    "state":"FL",
    "city":"Miami"
  },
  {
    "unitid":476683,
    "name":"Athena Career Academy",
    "state":"OH",
    "city":"Toledo"
  },
  {
    "unitid":476735,
    "name":"Alexander Academy",
    "state":"MA",
    "city":"Lunenburg"
  },
  {
    "unitid":476753,
    "name":"Aveda Institute-Tucson",
    "state":"AZ",
    "city":"Tucson"
  },
  {
    "unitid":476869,
    "name":"Austin Kade Academy",
    "state":"ID",
    "city":"Idaho Falls"
  },
  {
    "unitid":476878,
    "name":"Aesthetic Science Institute",
    "state":"NY",
    "city":"Latham"
  },
  {
    "unitid":476957,
    "name":"Academy di Firenze",
    "state":"ID",
    "city":"Jerome"
  },
  {
    "unitid":479974,
    "name":"Advance Beauty Techs Academy",
    "state":"CA",
    "city":"San Jacinto"
  },
  {
    "unitid":480019,
    "name":"Advanced Career Institute",
    "state":"CA",
    "city":"Visalia"
  },
  {
    "unitid":480879,
    "name":"Academy of Salon Professionals",
    "state":"MO",
    "city":"Sedalia"
  },
  {
    "unitid":480994,
    "name":"Aspen Beauty Academy of Laurel",
    "state":"MD",
    "city":"Laurel"
  },
  {
    "unitid":482149,
    "name":"Augusta University",
    "state":"GA",
    "city":"Augusta"
  },
  {
    "unitid":482185,
    "name":"Academy of Interactive Entertainment",
    "state":"WA",
    "city":"Seattle"
  },
  {
    "unitid":482194,
    "name":"Arrojo Cosmetology School",
    "state":"NY",
    "city":"New York"
  },
  {
    "unitid":482255,
    "name":"Aviation Institute of Maintenance-Las Vegas",
    "state":"NV",
    "city":"Las Vegas"
  },
  {
    "unitid":482963,
    "name":"American Institute-Toms River",
    "state":"NJ",
    "city":"Toms River"
  },
  {
    "unitid":482981,
    "name":"Alamo City Barber College",
    "state":"TX",
    "city":"San Antonio"
  },
  {
    "unitid":482990,
    "name":"Arizona College-Mesa",
    "state":"AZ",
    "city":"Mesa"
  },
  {
    "unitid":483009,
    "name":"American College of Healthcare and Technology",
    "state":"CA",
    "city":"Huntington Park"
  },
  {
    "unitid":483018,
    "name":"Antioch College",
    "state":"OH",
    "city":"Yellow Springs"
  },
  {
    "unitid":483124,
    "name":"Arizona State University Digital Immersion",
    "state":"AZ",
    "city":"Scottsdale"
  },
  {
    "unitid":483425,
    "name":"Alexander Paul Institute of Hair Design",
    "state":"NC",
    "city":"Greenville"
  },
  {
    "unitid":483595,
    "name":"Ana G. Mendez University",
    "state":"FL",
    "city":"Orlando"
  },
  {
    "unitid":483708,
    "name":"Access Careers",
    "state":"NY",
    "city":"Hempstead"
  },
  {
    "unitid":483850,
    "name":"Alliance Computing Solutions",
    "state":"NY",
    "city":"Flushing"
  },
  {
    "unitid":483975,
    "name":"Alabama College of Osteopathic Medicine",
    "state":"AL",
    "city":"Dothan"
  },
  {
    "unitid":484163,
    "name":"Arizona School of Integrative Studies",
    "state":"AZ",
    "city":"Tucson"
  },
  {
    "unitid":484899,
    "name":"Aveda Institute-Phoenix",
    "state":"AZ",
    "city":"Tempe"
  },
  {
    "unitid":485342,
    "name":"Aparicio-Levy Technical College",
    "state":"FL",
    "city":"Tampa"
  },
  {
    "unitid":485494,
    "name":"Associated Barber College of San Diego",
    "state":"CA",
    "city":"San Diego"
  },
  {
    "unitid":485500,
    "name":"ABCO Technology",
    "state":"CA",
    "city":"Inglewood"
  },
  {
    "unitid":485698,
    "name":"American College of the Building Arts",
    "state":"SC",
    "city":"Charleston"
  },
  {
    "unitid":485768,
    "name":"Atlantis University",
    "state":"FL",
    "city":"Miami"
  },
  {
    "unitid":486169,
    "name":"American College of Barbering",
    "state":"KY",
    "city":"Louisville"
  },
  {
    "unitid":486415,
    "name":"AMG School of Nursing",
    "state":"NY",
    "city":"Brooklyn"
  },
  {
    "unitid":486558,
    "name":"Aviation Institute of Maintenance-Fremont",
    "state":"CA",
    "city":"Fremont"
  },
  {
    "unitid":486619,
    "name":"Academy of Professional Cosmetology",
    "state":"AR",
    "city":"Rogers"
  },
  {
    "unitid":487348,
    "name":"Aveda Institute Portland-Vancouver Campus",
    "state":"WA",
    "city":"Vancouver"
  },
  {
    "unitid":487375,
    "name":"Arizona College of Nursing-Las Vegas",
    "state":"NV",
    "city":"Las Vegas"
  },
  {
    "unitid":487506,
    "name":"Aveda Institute-Madison",
    "state":"WI",
    "city":"Madison"
  },
  {
    "unitid":487658,
    "name":"Academy of Interactive Entertainment",
    "state":"LA",
    "city":"Lafayette"
  },
  {
    "unitid":487791,
    "name":"Arclabs",
    "state":"SC",
    "city":"Piedmont"
  },
  {
    "unitid":487852,
    "name":"American Institute of Alternative Medicine",
    "state":"NJ",
    "city":"East Brunswick"
  },
  {
    "unitid":487995,
    "name":"Alhambra Medical University",
    "state":"CA",
    "city":"Alhambra"
  },
  {
    "unitid":488031,
    "name":"Abraham Lincoln University",
    "state":"CA",
    "city":"Glendale"
  },
  {
    "unitid":488527,
    "name":"Arkansas Colleges of Health Education",
    "state":"AR",
    "city":"Fort Smith"
  },
  {
    "unitid":488916,
    "name":"Alabama School of Nail Technology & Cosmetology",
    "state":"AL",
    "city":"Jackson"
  },
  {
    "unitid":489122,
    "name":"Academy of Beauty Professionals",
    "state":"WI",
    "city":"Madison"
  },
  {
    "unitid":489131,
    "name":"Academy of Beauty Professionals",
    "state":"WI",
    "city":"Appleton"
  },
  {
    "unitid":489140,
    "name":"Academy of Beauty Professionals",
    "state":"WI",
    "city":"Green Bay"
  },
  {
    "unitid":489247,
    "name":"American Beauty Academy-West Valley Campus",
    "state":"UT",
    "city":"West Valley City"
  },
  {
    "unitid":489830,
    "name":"Arthur's Beauty College",
    "state":"AR",
    "city":"Jonesboro"
  },
  {
    "unitid":490081,
    "name":"America Evangelical University",
    "state":"CA",
    "city":"Gardena"
  },
  {
    "unitid":490151,
    "name":"Allied Health Careers Institute",
    "state":"TN",
    "city":"Murfreesboro"
  },
  {
    "unitid":490258,
    "name":"American Barber and Beauty Academy",
    "state":"PA",
    "city":"Reading"
  },
  {
    "unitid":490391,
    "name":"American Beauty Schools",
    "state":"FL",
    "city":"Miami"
  },
  {
    "unitid":490425,
    "name":"Ann Webb Skin Institute",
    "state":"TX",
    "city":"Austin"
  },
  {
    "unitid":490434,
    "name":"Apex Academy Hair Skin Nails School of Cosmetology",
    "state":"OH",
    "city":"Ontario"
  },
  {
    "unitid":490522,
    "name":"Allgood Beauty Institute",
    "state":"TX",
    "city":"Frisco"
  },
  {
    "unitid":490869,
    "name":"American Institute-Somerset",
    "state":"NJ",
    "city":"Somerset"
  },
  {
    "unitid":490896,
    "name":"Advantage Career Institute",
    "state":"NJ",
    "city":"Eatontown"
  },
  {
    "unitid":491075,
    "name":"Arkansas Welding Academy",
    "state":"AR",
    "city":"Jacksonville"
  },
  {
    "unitid":491464,
    "name":"ABC Adult School",
    "state":"CA",
    "city":"Cerritos"
  },
  {
    "unitid":491826,
    "name":"Avenue Academy, A Cosmetology Institute",
    "state":"NM",
    "city":"Albuquerque"
  },
  {
    "unitid":491978,
    "name":"Another Level Barbering and Cosmetology School",
    "state":"VA",
    "city":"Petersburg"
  },
  {
    "unitid":492023,
    "name":"Americare Technical School",
    "state":"IL",
    "city":"Park Ridge"
  },
  {
    "unitid":492643,
    "name":"American Massage & Bodywork Institute",
    "state":"VA",
    "city":"Vienna"
  },
  {
    "unitid":493071,
    "name":"Advantage Technical College",
    "state":"PR",
    "city":"San Juan"
  },
  {
    "unitid":493682,
    "name":"American Institute of Healthcare & Technology",
    "state":"CT",
    "city":"Stratford"
  },
  {
    "unitid":493868,
    "name":"A Better U Beauty Barber Academy",
    "state":"NM",
    "city":"Albuquerque"
  },
  {
    "unitid":494162,
    "name":"Arizona College of Nursing-Dallas",
    "state":"TX",
    "city":"Dallas"
  },
  {
    "unitid":494524,
    "name":"Avenue Five Institute-South Austin Campus",
    "state":"TX",
    "city":"Austin"
  },
  {
    "unitid":494764,
    "name":"Aviation Institute of Maintenance-Charlotte",
    "state":"NC",
    "city":"Charlotte"
  },
  {
    "unitid":494904,
    "name":"Access Careers-Islandia",
    "state":"NY",
    "city":"Islandia"
  },
  {
    "unitid":494986,
    "name":"Apex College of Veterinary Technology",
    "state":"CO",
    "city":"Colorado Springs"
  },
  {
    "unitid":495129,
    "name":"Austin Career Institute",
    "state":"TX",
    "city":"Austin"
  },
  {
    "unitid":495192,
    "name":"Alder Graduate School of Education",
    "state":"CA",
    "city":"Redwood City"
  },
  {
    "unitid":495217,
    "name":"Adrian H. Wallace Barber Academy",
    "state":"FL",
    "city":"Pensacola"
  },
  {
    "unitid":495420,
    "name":"Arizona College of Nursing-Tampa",
    "state":"FL",
    "city":"Tampa"
  },
  {
    "unitid":495439,
    "name":"Arizona College of Nursing-Fort Lauderdale",
    "state":"FL",
    "city":"Fort Lauderdale"
  },
  {
    "unitid":495448,
    "name":"Arizona College of Nursing-Tucson",
    "state":"AZ",
    "city":"Tucson"
  },
  {
    "unitid":495457,
    "name":"Arizona College of Nursing-Phoenix",
    "state":"AZ",
    "city":"Phoenix"
  },
  {
    "unitid":495970,
    "name":"Advantage Technical College-Aguadilla",
    "state":"PR",
    "city":"Aguadilla"
  },
  {
    "unitid":496399,
    "name":"Agape College of Business and Science",
    "state":"CA",
    "city":"Fresno"
  },
  {
    "unitid":496636,
    "name":"Antigua College International",
    "state":"FL",
    "city":"Miami Lakes"
  },
  {
    "unitid":496724,
    "name":"Aesthetics Institute",
    "state":"MO",
    "city":"St. Louis"
  },
  {
    "unitid":497037,
    "name":"Abilene Christian University-Undergraduate Online",
    "state":"TX",
    "city":"Addison"
  },
  {
    "unitid":497198,
    "name":"Academy of Allied Health Careers",
    "state":"TN",
    "city":"Chattanooga"
  },
  {
    "unitid":497268,
    "name":"Arizona College of Nursing-Salt Lake City",
    "state":"UT",
    "city":"Murray"
  },
  {
    "unitid":497277,
    "name":"Arizona College-Glendale",
    "state":"AZ",
    "city":"Glendale"
  },
  {
    "unitid":497301,
    "name":"Avalon Institute-Las Vegas",
    "state":"NV",
    "city":"Las Vegas"
  },
  {
    "unitid":497329,
    "name":"American Institute-Cherry Hill",
    "state":"NJ",
    "city":"Cherry Hill"
  },
  {
    "unitid":497374,
    "name":"Academia Medical Institute",
    "state":"OH",
    "city":"Columbus"
  },
  {
    "unitid":497718,
    "name":"Academy for Jewish Religion",
    "state":"NY",
    "city":"Yonkers"
  },
  {
    "unitid":497736,
    "name":"American College of Healthcare and Technology-Santa Ana",
    "state":"CA",
    "city":"Santa Ana"
  },
  {
    "unitid":497745,
    "name":"Aviation Institute of Maintenance-Chicago",
    "state":"IL",
    "city":"Chicago"
  },
  {
    "unitid":497790,
    "name":"Atlantis University-Florida Palms University",
    "state":"FL",
    "city":"Miami"
  },
  {
    "unitid":497897,
    "name":"Aveda Arts & Sciences Institute Lafayette-Arlington",
    "state":"VA",
    "city":"Arlington"
  },
  {
    "unitid":498049,
    "name":"Arizona College of Nursing-Southfield",
    "state":"MI",
    "city":"Southfield"
  },
  {
    "unitid":498447,
    "name":"Arizona College of Nursing-Falls Church",
    "state":"VA",
    "city":"Falls Church"
  },
  {
    "unitid":498456,
    "name":"Arizona College of Nursing-Ontario",
    "state":"CA",
    "city":"Ontario"
  },
  {
    "unitid":498669,
    "name":"Aveda Institute Montana",
    "state":"Montana",
    "city":null
  },
  {
    "unitid":498793,
    "name":"All In The Wrist Barber Academy",
    "state":"Delaware",
    "city":null
  },
  {
    "unitid":498915,
    "name":"Agora University",
    "state":"Virginia",
    "city":null
  },
  {
    "unitid":498951,
    "name":"Artisan Academy of Cosmetology",
    "state":"Indiana",
    "city":null
  },
  {
    "unitid":499325,
    "name":"Academy of Cosmetology, Barbering, and Esthetics",
    "state":"Oklahoma",
    "city":null
  },
  {
    "unitid":499334,
    "name":"Aveda Institute Tucson-Avondale",
    "state":"Arizona",
    "city":null
  },
  {
    "unitid":499370,
    "name":"Arizona College of Nursing-Sarasota",
    "state":"Florida",
    "city":null
  },
  {
    "unitid":499389,
    "name":"Arizona College of Nursing-Aurora",
    "state":"Colorado",
    "city":null
  },
  {
    "unitid":499398,
    "name":"Arizona College of Nursing-Cincinnati",
    "state":"Ohio",
    "city":null
  },
  {
    "unitid":499404,
    "name":"Arizona College of Nursing-Cleveland",
    "state":"Ohio",
    "city":null
  },
  {
    "unitid":499547,
    "name":"Austin Medical Assistant Training",
    "state":"New York",
    "city":null
  },
  {
    "unitid":499556,
    "name":"Albany Beauty Academy",
    "state":"Georgia",
    "city":null
  },
  {
    "unitid":499662,
    "name":"Aviation Institute of Maintenance-Phoenix",
    "state":"Arizona",
    "city":null
  }
]