[
  {
    "unitid":100937,
    "name":"Birmingham-Southern College",
    "state":"AL",
    "city":"Birmingham"
  },
  {
    "unitid":102030,
    "name":"Bishop State Community College",
    "state":"AL",
    "city":"Mobile"
  },
  {
    "unitid":102429,
    "name":"Bevill State Community College",
    "state":"AL",
    "city":"Jasper"
  },
  {
    "unitid":104090,
    "name":"Brookline College-Phoenix",
    "state":"AZ",
    "city":"Phoenix"
  },
  {
    "unitid":106546,
    "name":"Baptist Health College Little Rock",
    "state":"AR",
    "city":"Little Rock"
  },
  {
    "unitid":106625,
    "name":"Black River Technical College",
    "state":"AR",
    "city":"Pocahontas"
  },
  {
    "unitid":108861,
    "name":"Berkeley School of Theology",
    "state":"CA",
    "city":"Berkeley"
  },
  {
    "unitid":109819,
    "name":"Bakersfield College",
    "state":"CA",
    "city":"Bakersfield"
  },
  {
    "unitid":109907,
    "name":"Barstow Community College",
    "state":"CA",
    "city":"Barstow"
  },
  {
    "unitid":109934,
    "name":"Bellus Academy-Chula Vista",
    "state":"CA",
    "city":"Chula Vista"
  },
  {
    "unitid":110060,
    "name":"Bethesda University",
    "state":"CA",
    "city":"Anaheim"
  },
  {
    "unitid":110097,
    "name":"Biola University",
    "state":"CA",
    "city":"La Mirada"
  },
  {
    "unitid":110194,
    "name":"Brownson Technical School",
    "state":"CA",
    "city":"Anaheim"
  },
  {
    "unitid":110219,
    "name":"Bryan University",
    "state":"AZ",
    "city":"Tempe"
  },
  {
    "unitid":110246,
    "name":"Butte College",
    "state":"CA",
    "city":"Oroville"
  },
  {
    "unitid":116563,
    "name":"Bellus Academy-El Cajon",
    "state":"CA",
    "city":"El Cajon"
  },
  {
    "unitid":125082,
    "name":"Bridges Beauty College",
    "state":"CA",
    "city":"Victorville"
  },
  {
    "unitid":125170,
    "name":"Berkeley City College",
    "state":"CA",
    "city":"Berkeley"
  },
  {
    "unitid":126359,
    "name":"Bel-Rea Institute of Animal Technology",
    "state":"CO",
    "city":"Denver"
  },
  {
    "unitid":128586,
    "name":"Bais Binyomin Academy",
    "state":"NY",
    "city":"Monsey"
  },
  {
    "unitid":132408,
    "name":"Baptist University of Florida",
    "state":"FL",
    "city":"Graceville"
  },
  {
    "unitid":132471,
    "name":"Barry University",
    "state":"FL",
    "city":"Miami"
  },
  {
    "unitid":132602,
    "name":"Bethune-Cookman University",
    "state":"FL",
    "city":"Daytona Beach"
  },
  {
    "unitid":132709,
    "name":"Broward College",
    "state":"FL",
    "city":"Fort Lauderdale"
  },
  {
    "unitid":137591,
    "name":"Bene's Career Academy",
    "state":"FL",
    "city":"New Port Richey"
  },
  {
    "unitid":137856,
    "name":"Big Bend Technical College",
    "state":"FL",
    "city":"Perry"
  },
  {
    "unitid":139144,
    "name":"Berry College",
    "state":"GA",
    "city":"Mount Berry"
  },
  {
    "unitid":139153,
    "name":"Beulah Heights University",
    "state":"GA",
    "city":"Atlanta"
  },
  {
    "unitid":139199,
    "name":"Brenau University",
    "state":"GA",
    "city":"Gainesville"
  },
  {
    "unitid":139205,
    "name":"Brewton-Parker College",
    "state":"GA",
    "city":"Mount Vernon"
  },
  {
    "unitid":142090,
    "name":"Boise Bible College",
    "state":"ID",
    "city":"Boise"
  },
  {
    "unitid":142115,
    "name":"Boise State University",
    "state":"ID",
    "city":"Boise"
  },
  {
    "unitid":142522,
    "name":"Brigham Young University-Idaho",
    "state":"ID",
    "city":"Rexburg"
  },
  {
    "unitid":143233,
    "name":"Bethany Theological Seminary",
    "state":"IN",
    "city":"Richmond"
  },
  {
    "unitid":143279,
    "name":"Black Hawk College",
    "state":"IL",
    "city":"Moline"
  },
  {
    "unitid":143288,
    "name":"Blackburn College",
    "state":"IL",
    "city":"Carlinville"
  },
  {
    "unitid":143297,
    "name":"Blessing Rieman College of Nursing and Health Sciences",
    "state":"IL",
    "city":"Quincy"
  },
  {
    "unitid":143358,
    "name":"Bradley University",
    "state":"IL",
    "city":"Peoria"
  },
  {
    "unitid":145619,
    "name":"Benedictine University",
    "state":"IL",
    "city":"Lisle"
  },
  {
    "unitid":150136,
    "name":"Ball State University",
    "state":"IN",
    "city":"Muncie"
  },
  {
    "unitid":150145,
    "name":"Bethel University",
    "state":"IN",
    "city":"Mishawaka"
  },
  {
    "unitid":150163,
    "name":"Butler University",
    "state":"IN",
    "city":"Indianapolis"
  },
  {
    "unitid":152992,
    "name":"Briar Cliff University",
    "state":"IA",
    "city":"Sioux City"
  },
  {
    "unitid":153001,
    "name":"Buena Vista University",
    "state":"IA",
    "city":"Storm Lake"
  },
  {
    "unitid":154688,
    "name":"Baker University",
    "state":"KS",
    "city":"Baldwin City"
  },
  {
    "unitid":154697,
    "name":"Barton County Community College",
    "state":"KS",
    "city":"Great Bend"
  },
  {
    "unitid":154712,
    "name":"Benedictine College",
    "state":"KS",
    "city":"Atchison"
  },
  {
    "unitid":154721,
    "name":"Bethany College",
    "state":"KS",
    "city":"Lindsborg"
  },
  {
    "unitid":154749,
    "name":"Bethel College-North Newton",
    "state":"KS",
    "city":"North Newton"
  },
  {
    "unitid":154800,
    "name":"Butler Community College",
    "state":"KS",
    "city":"El Dorado"
  },
  {
    "unitid":155070,
    "name":"Barclay College",
    "state":"KS",
    "city":"Haviland"
  },
  {
    "unitid":156286,
    "name":"Bellarmine University",
    "state":"KY",
    "city":"Louisville"
  },
  {
    "unitid":156295,
    "name":"Berea College",
    "state":"KY",
    "city":"Berea"
  },
  {
    "unitid":156356,
    "name":"Brescia University",
    "state":"KY",
    "city":"Owensboro"
  },
  {
    "unitid":156392,
    "name":"Bluegrass Community and Technical College",
    "state":"KY",
    "city":"Lexington"
  },
  {
    "unitid":157553,
    "name":"Big Sandy Community and Technical College",
    "state":"KY",
    "city":"Prestonsburg"
  },
  {
    "unitid":158325,
    "name":"Baton Rouge General Medical Center School of Nursing & School of Radiologic Technology",
    "state":"LA",
    "city":"Baton Rouge"
  },
  {
    "unitid":158431,
    "name":"Bossier Parish Community College",
    "state":"LA",
    "city":"Bossier City"
  },
  {
    "unitid":159027,
    "name":"Belbo Beauty Institute",
    "state":"LA",
    "city":"Shreveport"
  },
  {
    "unitid":160977,
    "name":"Bates College",
    "state":"ME",
    "city":"Lewiston"
  },
  {
    "unitid":160995,
    "name":"Beal University",
    "state":"ME",
    "city":"Bangor"
  },
  {
    "unitid":161004,
    "name":"Bowdoin College",
    "state":"ME",
    "city":"Brunswick"
  },
  {
    "unitid":161855,
    "name":"Baltimore Studio of Hair Design",
    "state":"MD",
    "city":"Baltimore"
  },
  {
    "unitid":161864,
    "name":"Baltimore City Community College",
    "state":"MD",
    "city":"Baltimore"
  },
  {
    "unitid":162007,
    "name":"Bowie State University",
    "state":"MD",
    "city":"Bowie"
  },
  {
    "unitid":164580,
    "name":"Babson College",
    "state":"MA",
    "city":"Wellesley"
  },
  {
    "unitid":164599,
    "name":"Bancroft School of Massage Therapy",
    "state":"MA",
    "city":"Worcester"
  },
  {
    "unitid":164614,
    "name":"Boston Baptist College",
    "state":"MA",
    "city":"Boston"
  },
  {
    "unitid":164632,
    "name":"Bay Path University",
    "state":"MA",
    "city":"Longmeadow"
  },
  {
    "unitid":164641,
    "name":"Bay State College",
    "state":"MA",
    "city":"Boston"
  },
  {
    "unitid":164739,
    "name":"Bentley University",
    "state":"MA",
    "city":"Waltham"
  },
  {
    "unitid":164748,
    "name":"Berklee College of Music",
    "state":"MA",
    "city":"Boston"
  },
  {
    "unitid":164775,
    "name":"Berkshire Community College",
    "state":"MA",
    "city":"Pittsfield"
  },
  {
    "unitid":164872,
    "name":"Boston Architectural College",
    "state":"MA",
    "city":"Boston"
  },
  {
    "unitid":164915,
    "name":"Boston Graduate School of Psychoanalysis Inc",
    "state":"MA",
    "city":"Brookline"
  },
  {
    "unitid":164924,
    "name":"Boston College",
    "state":"MA",
    "city":"Chestnut Hill"
  },
  {
    "unitid":164988,
    "name":"Boston University",
    "state":"MA",
    "city":"Boston"
  },
  {
    "unitid":165015,
    "name":"Brandeis University",
    "state":"MA",
    "city":"Waltham"
  },
  {
    "unitid":165024,
    "name":"Bridgewater State University",
    "state":"MA",
    "city":"Bridgewater"
  },
  {
    "unitid":165033,
    "name":"Bristol Community College",
    "state":"MA",
    "city":"Fall River"
  },
  {
    "unitid":165112,
    "name":"Bunker Hill Community College",
    "state":"MA",
    "city":"Boston"
  },
  {
    "unitid":165884,
    "name":"Benjamin Franklin Cummings Institute of Technology",
    "state":"MA",
    "city":"Boston"
  },
  {
    "unitid":167792,
    "name":"Bard College at Simon's Rock",
    "state":"MA",
    "city":"Great Barrington"
  },
  {
    "unitid":168847,
    "name":"Baker College",
    "state":"MI",
    "city":"Owosso"
  },
  {
    "unitid":168883,
    "name":"Bay de Noc Community College",
    "state":"MI",
    "city":"Escanaba"
  },
  {
    "unitid":168892,
    "name":"Bayshire Academy of Beauty Craft Inc",
    "state":"MI",
    "city":"Bay City"
  },
  {
    "unitid":173124,
    "name":"Bemidji State University",
    "state":"MN",
    "city":"Bemidji"
  },
  {
    "unitid":173142,
    "name":"Bethany Lutheran College",
    "state":"MN",
    "city":"Mankato"
  },
  {
    "unitid":173160,
    "name":"Bethel University",
    "state":"MN",
    "city":"Saint Paul"
  },
  {
    "unitid":175421,
    "name":"Belhaven University",
    "state":"MS",
    "city":"Jackson"
  },
  {
    "unitid":175430,
    "name":"Blue Mountain Christian University",
    "state":"MS",
    "city":"Blue Mountain"
  },
  {
    "unitid":175999,
    "name":"Board of Trustees-Mississippi State Institutions of Higher Learning",
    "state":"Mississippi",
    "city":null
  },
  {
    "unitid":177719,
    "name":"Barnes-Jewish College Goldfarb School of Nursing",
    "state":"MO",
    "city":"Saint Louis"
  },
  {
    "unitid":180054,
    "name":"Blackfeet Community College",
    "state":"MT",
    "city":"Browning"
  },
  {
    "unitid":180063,
    "name":"Butte Academy of Beauty Culture",
    "state":"MT",
    "city":"Butte"
  },
  {
    "unitid":180814,
    "name":"Bellevue University",
    "state":"NE",
    "city":"Bellevue"
  },
  {
    "unitid":180878,
    "name":"Bryan College of Health Sciences",
    "state":"NE",
    "city":"Lincoln"
  },
  {
    "unitid":183743,
    "name":"Bergen Community College",
    "state":"NJ",
    "city":"Paramus"
  },
  {
    "unitid":183789,
    "name":"Berkeley College-Woodland Park",
    "state":"NJ",
    "city":"Woodland Park"
  },
  {
    "unitid":183804,
    "name":"Beth Medrash Govoha",
    "state":"NJ",
    "city":"Lakewood"
  },
  {
    "unitid":183822,
    "name":"Bloomfield College",
    "state":"NJ",
    "city":"Bloomfield"
  },
  {
    "unitid":183859,
    "name":"Brookdale Community College",
    "state":"NJ",
    "city":"Lincroft"
  },
  {
    "unitid":188517,
    "name":"Bryant & Stratton College-Albany",
    "state":"NY",
    "city":"Albany"
  },
  {
    "unitid":189015,
    "name":"Bank Street College of Education",
    "state":"NY",
    "city":"New York"
  },
  {
    "unitid":189088,
    "name":"Bard College",
    "state":"NY",
    "city":"Annandale-On-Hudson"
  },
  {
    "unitid":189097,
    "name":"Barnard College",
    "state":"NY",
    "city":"New York"
  },
  {
    "unitid":189219,
    "name":"Berk Trade and Business School",
    "state":"NY",
    "city":"Long Island City"
  },
  {
    "unitid":189228,
    "name":"Berkeley College-New York",
    "state":"NY",
    "city":"New York"
  },
  {
    "unitid":189255,
    "name":"Berkowits School of Electrolysis",
    "state":"NY",
    "city":"Forest Hills"
  },
  {
    "unitid":189273,
    "name":"Beth Hamedrash Shaarei Yosher Institute",
    "state":"NY",
    "city":"Brooklyn"
  },
  {
    "unitid":189404,
    "name":"Brittany Beauty Academy",
    "state":"NY",
    "city":"Brooklyn"
  },
  {
    "unitid":189413,
    "name":"Boricua College",
    "state":"NY",
    "city":"New York"
  },
  {
    "unitid":189468,
    "name":"Brittany Beauty Academy",
    "state":"NY",
    "city":"Levittown"
  },
  {
    "unitid":189501,
    "name":"Brooklyn Law School",
    "state":"NY",
    "city":"Brooklyn"
  },
  {
    "unitid":189565,
    "name":"Bryant & Stratton College-Syracuse North",
    "state":"NY",
    "city":"Liverpool"
  },
  {
    "unitid":189583,
    "name":"Bryant & Stratton College-Buffalo",
    "state":"NY",
    "city":"Buffalo"
  },
  {
    "unitid":189592,
    "name":"Bryant & Stratton College-Greece",
    "state":"NY",
    "city":"Rochester"
  },
  {
    "unitid":190956,
    "name":"Belanger School of Nursing",
    "state":"NY",
    "city":"Schenectady"
  },
  {
    "unitid":196079,
    "name":"Binghamton University",
    "state":"NY",
    "city":"Vestal"
  },
  {
    "unitid":197911,
    "name":"Barton College",
    "state":"NC",
    "city":"Wilson"
  },
  {
    "unitid":197966,
    "name":"Beaufort County Community College",
    "state":"NC",
    "city":"Washington"
  },
  {
    "unitid":197984,
    "name":"Belmont Abbey College",
    "state":"NC",
    "city":"Belmont"
  },
  {
    "unitid":197993,
    "name":"Bennett College",
    "state":"NC",
    "city":"Greensboro"
  },
  {
    "unitid":198011,
    "name":"Bladen Community College",
    "state":"NC",
    "city":"Dublin"
  },
  {
    "unitid":198039,
    "name":"Blue Ridge Community College",
    "state":"NC",
    "city":"Flat Rock"
  },
  {
    "unitid":198066,
    "name":"Brevard College",
    "state":"NC",
    "city":"Brevard"
  },
  {
    "unitid":198084,
    "name":"Brunswick Community College",
    "state":"NC",
    "city":"Bolivia"
  },
  {
    "unitid":200022,
    "name":"Bismarck State College",
    "state":"ND",
    "city":"Bismarck"
  },
  {
    "unitid":201195,
    "name":"Baldwin Wallace University",
    "state":"OH",
    "city":"Berea"
  },
  {
    "unitid":201283,
    "name":"Belmont College",
    "state":"OH",
    "city":"St Clairsville"
  },
  {
    "unitid":201371,
    "name":"Bluffton University",
    "state":"OH",
    "city":"Bluffton"
  },
  {
    "unitid":201432,
    "name":"Bowling Green State University-Firelands",
    "state":"OH",
    "city":"Huron"
  },
  {
    "unitid":201441,
    "name":"Bowling Green State University-Main Campus",
    "state":"OH",
    "city":"Bowling Green"
  },
  {
    "unitid":201469,
    "name":"Bryant & Stratton College-Parma",
    "state":"OH",
    "city":"Parma"
  },
  {
    "unitid":201478,
    "name":"Buckeye Hills Career Center",
    "state":"OH",
    "city":"Rio Grande"
  },
  {
    "unitid":201496,
    "name":"Butler Technology and Career Development Schools",
    "state":"OH",
    "city":"Monroe"
  },
  {
    "unitid":206817,
    "name":"Bacone College",
    "state":"OK",
    "city":"Muskogee"
  },
  {
    "unitid":208275,
    "name":"Blue Mountain Community College",
    "state":"OR",
    "city":"Pendleton"
  },
  {
    "unitid":209409,
    "name":"Bushnell University",
    "state":"OR",
    "city":"Eugene"
  },
  {
    "unitid":210492,
    "name":"Bryn Athyn College of the New Church",
    "state":"PA",
    "city":"Bryn Athyn"
  },
  {
    "unitid":211273,
    "name":"Bryn Mawr College",
    "state":"PA",
    "city":"Bryn Mawr"
  },
  {
    "unitid":211291,
    "name":"Bucknell University",
    "state":"PA",
    "city":"Lewisburg"
  },
  {
    "unitid":211307,
    "name":"Bucks County Community College",
    "state":"PA",
    "city":"Newtown"
  },
  {
    "unitid":211316,
    "name":"Bucks County School of Beauty Culture Inc",
    "state":"PA",
    "city":"Feasterville"
  },
  {
    "unitid":211334,
    "name":"Butler Beauty Academy",
    "state":"PA",
    "city":"Butler"
  },
  {
    "unitid":211343,
    "name":"Butler County Community College",
    "state":"PA",
    "city":"Butler"
  },
  {
    "unitid":213330,
    "name":"Butler Beauty Academy-Kittanning Beauty Academy",
    "state":"PA",
    "city":"Kittanning"
  },
  {
    "unitid":215336,
    "name":"Beaver Falls Beauty Academy",
    "state":"PA",
    "city":"Beaver Falls"
  },
  {
    "unitid":217156,
    "name":"Brown University",
    "state":"RI",
    "city":"Providence"
  },
  {
    "unitid":217165,
    "name":"Bryant University",
    "state":"RI",
    "city":"Smithfield"
  },
  {
    "unitid":217721,
    "name":"Benedict College",
    "state":"SC",
    "city":"Columbia"
  },
  {
    "unitid":217749,
    "name":"Bob Jones University",
    "state":"SC",
    "city":"Greenville"
  },
  {
    "unitid":219046,
    "name":"Black Hills State University",
    "state":"SD",
    "city":"Spearfish"
  },
  {
    "unitid":219639,
    "name":"Baptist Health Sciences University",
    "state":"TN",
    "city":"Memphis"
  },
  {
    "unitid":219709,
    "name":"Belmont University",
    "state":"TN",
    "city":"Nashville"
  },
  {
    "unitid":219718,
    "name":"Bethel University",
    "state":"TN",
    "city":"McKenzie"
  },
  {
    "unitid":219790,
    "name":"Bryan College-Dayton",
    "state":"TN",
    "city":"Dayton"
  },
  {
    "unitid":223056,
    "name":"Baldwin Beauty School-South Austin",
    "state":"TX",
    "city":"Austin"
  },
  {
    "unitid":223083,
    "name":"Baptist Health System School of Health Professions",
    "state":"TX",
    "city":"San Antonio"
  },
  {
    "unitid":223117,
    "name":"Baptist Missionary Association Theological Seminary",
    "state":"TX",
    "city":"Jacksonville"
  },
  {
    "unitid":223223,
    "name":"Baylor College of Medicine",
    "state":"TX",
    "city":"Houston"
  },
  {
    "unitid":223232,
    "name":"Baylor University",
    "state":"TX",
    "city":"Waco"
  },
  {
    "unitid":223427,
    "name":"Blinn College District",
    "state":"TX",
    "city":"Brenham"
  },
  {
    "unitid":223506,
    "name":"Brazosport College",
    "state":"TX",
    "city":"Lake Jackson"
  },
  {
    "unitid":224013,
    "name":"BK Cosmo College of Cosmetology",
    "state":"TX",
    "city":"Kerrville"
  },
  {
    "unitid":230010,
    "name":"Bridgerland Technical College",
    "state":"UT",
    "city":"Logan"
  },
  {
    "unitid":230038,
    "name":"Brigham Young University",
    "state":"UT",
    "city":"Provo"
  },
  {
    "unitid":230047,
    "name":"Brigham Young University-Hawaii",
    "state":"HI",
    "city":"Laie"
  },
  {
    "unitid":230816,
    "name":"Bennington College",
    "state":"VT",
    "city":"Bennington"
  },
  {
    "unitid":231536,
    "name":"Blue Ridge Community College",
    "state":"VA",
    "city":"Weyers Cave"
  },
  {
    "unitid":231554,
    "name":"Bluefield University",
    "state":"VA",
    "city":"Bluefield"
  },
  {
    "unitid":231581,
    "name":"Bridgewater College",
    "state":"VA",
    "city":"Bridgewater"
  },
  {
    "unitid":231785,
    "name":"Bryant & Stratton College-Virginia Beach",
    "state":"VA",
    "city":"Virginia Beach"
  },
  {
    "unitid":232450,
    "name":"Brightpoint Community College",
    "state":"VA",
    "city":"Chester"
  },
  {
    "unitid":233356,
    "name":"Bon Secours Memorial College of Nursing",
    "state":"VA",
    "city":"Richmond"
  },
  {
    "unitid":233480,
    "name":"Bon Secours St Mary's Hospital School of Medical Imaging",
    "state":"VA",
    "city":"Richmond"
  },
  {
    "unitid":234669,
    "name":"Bellevue College",
    "state":"WA",
    "city":"Bellevue"
  },
  {
    "unitid":234696,
    "name":"Bellingham Technical College",
    "state":"WA",
    "city":"Bellingham"
  },
  {
    "unitid":234711,
    "name":"Big Bend Community College",
    "state":"WA",
    "city":"Moses Lake"
  },
  {
    "unitid":235547,
    "name":"Bastyr University",
    "state":"WA",
    "city":"Kenmore"
  },
  {
    "unitid":235671,
    "name":"Bates Technical College",
    "state":"WA",
    "city":"Tacoma"
  },
  {
    "unitid":236018,
    "name":"BJ's Beauty & Barber College",
    "state":"WA",
    "city":"Tacoma"
  },
  {
    "unitid":237145,
    "name":"B M Spurr School of Practical Nursing",
    "state":"WV",
    "city":"Glen Dale"
  },
  {
    "unitid":237172,
    "name":"Ben Franklin Career Center",
    "state":"WV",
    "city":"Dunbar"
  },
  {
    "unitid":237181,
    "name":"Bethany College",
    "state":"WV",
    "city":"Bethany"
  },
  {
    "unitid":237215,
    "name":"Bluefield State University",
    "state":"WV",
    "city":"Bluefield"
  },
  {
    "unitid":238324,
    "name":"Bellin College",
    "state":"WI",
    "city":"Green Bay"
  },
  {
    "unitid":238333,
    "name":"Beloit College",
    "state":"WI",
    "city":"Beloit"
  },
  {
    "unitid":238397,
    "name":"Blackhawk Technical College",
    "state":"WI",
    "city":"Janesville"
  },
  {
    "unitid":243799,
    "name":"Blue Hills Regional Technical School",
    "state":"MA",
    "city":"Canton"
  },
  {
    "unitid":245777,
    "name":"Bais Medrash Elyon",
    "state":"NY",
    "city":"Monsey"
  },
  {
    "unitid":247065,
    "name":"Beckfield College-Florence",
    "state":"KY",
    "city":"Florence"
  },
  {
    "unitid":364760,
    "name":"Bell Mar Beauty College",
    "state":"IL",
    "city":"Cicero"
  },
  {
    "unitid":366438,
    "name":"Blades School of Hair Design",
    "state":"MD",
    "city":"California"
  },
  {
    "unitid":367431,
    "name":"Butler Beauty Academy-New Castle Beauty Academy",
    "state":"PA",
    "city":"New Castle"
  },
  {
    "unitid":369516,
    "name":"Bryan University",
    "state":"MO",
    "city":"Springfield"
  },
  {
    "unitid":373456,
    "name":"Blalock's Professional Beauty College",
    "state":"LA",
    "city":"Shreveport"
  },
  {
    "unitid":375568,
    "name":"Brown & Clermont Adult Career Campuses",
    "state":"OH",
    "city":"Bethel"
  },
  {
    "unitid":377722,
    "name":"Bellus Academy-Poway",
    "state":"CA",
    "city":"Poway"
  },
  {
    "unitid":380359,
    "name":"Bay Mills Community College",
    "state":"MI",
    "city":"Brimley"
  },
  {
    "unitid":383312,
    "name":"Buckeye Joint Vocational School",
    "state":"OH",
    "city":"New Philadelphia"
  },
  {
    "unitid":384254,
    "name":"Beacon College",
    "state":"FL",
    "city":"Leesburg"
  },
  {
    "unitid":404055,
    "name":"Brookline College-Tempe",
    "state":"AZ",
    "city":"Tempe"
  },
  {
    "unitid":404718,
    "name":"Brillare Beauty Institute",
    "state":"TN",
    "city":"Cleveland"
  },
  {
    "unitid":414489,
    "name":"Baldwin Beauty School-North Austin",
    "state":"TX",
    "city":"Austin"
  },
  {
    "unitid":417105,
    "name":"Baldwin Park Adult & Community Education",
    "state":"CA",
    "city":"Baldwin Park"
  },
  {
    "unitid":418010,
    "name":"Broome Delaware Tioga BOCES-Practical Nursing Program",
    "state":"NY",
    "city":"Binghamton"
  },
  {
    "unitid":420705,
    "name":"Bakke Graduate University",
    "state":"TX",
    "city":"Dallas"
  },
  {
    "unitid":431187,
    "name":"Bristol Technical Education Center",
    "state":"CT",
    "city":"Bristol"
  },
  {
    "unitid":434821,
    "name":"Blue Cliff College-Metairie",
    "state":"LA",
    "city":"Metairie"
  },
  {
    "unitid":437103,
    "name":"Baton Rouge Community College",
    "state":"LA",
    "city":"Baton Rouge"
  },
  {
    "unitid":438179,
    "name":"Brookline College-Tucson",
    "state":"AZ",
    "city":"Tucson"
  },
  {
    "unitid":439473,
    "name":"Bennett Career Institute",
    "state":"DC",
    "city":"Washington"
  },
  {
    "unitid":439491,
    "name":"Blue Cliff College-Lafayette",
    "state":"LA",
    "city":"Lafayette"
  },
  {
    "unitid":441502,
    "name":"Blue Cliff College-Gulfport",
    "state":"MS",
    "city":"Gulfport"
  },
  {
    "unitid":441645,
    "name":"Brown Aveda Institute-Mentor",
    "state":"OH",
    "city":"Mentor"
  },
  {
    "unitid":442976,
    "name":"Brighton Center's Center for Employment Training",
    "state":"KY",
    "city":"Newport"
  },
  {
    "unitid":443702,
    "name":"Bexley Hall Seabury Western Theological Seminary Federation, Inc.",
    "state":"IL",
    "city":"Chicago"
  },
  {
    "unitid":444088,
    "name":"Brookline College-Albuquerque",
    "state":"NM",
    "city":"Albuquerque"
  },
  {
    "unitid":444103,
    "name":"Byzantine Catholic Seminary of Saints Cyril and Methodius",
    "state":"PA",
    "city":"Pittsburgh"
  },
  {
    "unitid":444194,
    "name":"Bayamon Community College",
    "state":"PR",
    "city":"Bayamon"
  },
  {
    "unitid":444398,
    "name":"Baptist University of the Americas",
    "state":"TX",
    "city":"San Antonio"
  },
  {
    "unitid":444413,
    "name":"Beis Medrash Heichal Dovid",
    "state":"NY",
    "city":"Far Rockaway"
  },
  {
    "unitid":444440,
    "name":"Blue Cliff Career College",
    "state":"AL",
    "city":"Mobile"
  },
  {
    "unitid":446774,
    "name":"Blue Ridge Community and Technical College",
    "state":"WV",
    "city":"Martinsburg"
  },
  {
    "unitid":447810,
    "name":"Blake Austin College",
    "state":"CA",
    "city":"Vacaville"
  },
  {
    "unitid":448424,
    "name":"Broken Arrow Beauty College",
    "state":"OK",
    "city":"Tulsa"
  },
  {
    "unitid":449311,
    "name":"Brittany Beauty Academy",
    "state":"NY",
    "city":"Bronx"
  },
  {
    "unitid":449357,
    "name":"Beaumont Adult School",
    "state":"CA",
    "city":"Beaumont"
  },
  {
    "unitid":449658,
    "name":"Bais Medrash Toras Chesed",
    "state":"NJ",
    "city":"Lakewood"
  },
  {
    "unitid":450021,
    "name":"Blue Cliff College-Houma",
    "state":"Louisiana",
    "city":null
  },
  {
    "unitid":450119,
    "name":"Blue Cliff College-Fayetteville",
    "state":"AR",
    "city":"Fayetteville"
  },
  {
    "unitid":450128,
    "name":"Blue Cliff College-Alexandria",
    "state":"LA",
    "city":"Alexandria"
  },
  {
    "unitid":450304,
    "name":"Brite Divinity School",
    "state":"TX",
    "city":"Fort Worth"
  },
  {
    "unitid":450395,
    "name":"Brown Aveda Institute-Strongsville",
    "state":"OH",
    "city":"Strongsville"
  },
  {
    "unitid":451042,
    "name":"Branford Academy of Hair and Cosmetology",
    "state":"CT",
    "city":"Branford"
  },
  {
    "unitid":451750,
    "name":"Bryant & Stratton College-Wauwatosa",
    "state":"WI",
    "city":"Wauwatosa"
  },
  {
    "unitid":454759,
    "name":"Borner's Barber College",
    "state":"CA",
    "city":"Los Angeles"
  },
  {
    "unitid":457253,
    "name":"Beyond 21st Century Beauty Academy",
    "state":"CA",
    "city":"Santa Fe Springs"
  },
  {
    "unitid":457615,
    "name":"Blackstone Valley Vocational Regional School District",
    "state":"MA",
    "city":"Upton"
  },
  {
    "unitid":460969,
    "name":"Beauty Academy of South Florida",
    "state":"FL",
    "city":"Hialeah Gardens"
  },
  {
    "unitid":461193,
    "name":"Bella Capelli Academy",
    "state":"PA",
    "city":"Monroeville"
  },
  {
    "unitid":461643,
    "name":"Bergin University of Canine Studies",
    "state":"CA",
    "city":"Penngrove"
  },
  {
    "unitid":461740,
    "name":"Buckner Barber School",
    "state":"TX",
    "city":"Dallas"
  },
  {
    "unitid":461865,
    "name":"Best Care College",
    "state":"NJ",
    "city":"East Orange"
  },
  {
    "unitid":475635,
    "name":"Beverly Hills Design Institute",
    "state":"CA",
    "city":"Beverly Hills"
  },
  {
    "unitid":476601,
    "name":"Bais HaMedrash and Mesivta of Baltimore",
    "state":"MD",
    "city":"Baltimore"
  },
  {
    "unitid":476610,
    "name":"Barber & Beauty Institute of New York",
    "state":"NY",
    "city":"Hempstead"
  },
  {
    "unitid":476717,
    "name":"Be'er Yaakov Talmudic Seminary",
    "state":"NY",
    "city":"Spring Valley"
  },
  {
    "unitid":476850,
    "name":"Boise Barber College",
    "state":"ID",
    "city":"Boise"
  },
  {
    "unitid":477002,
    "name":"Brighton Institute of Cosmetology",
    "state":"MI",
    "city":"Brighton"
  },
  {
    "unitid":478953,
    "name":"Bellus Academy",
    "state":"KS",
    "city":"Manhattan"
  },
  {
    "unitid":479992,
    "name":"Brand College",
    "state":"CA",
    "city":"Glendale"
  },
  {
    "unitid":480091,
    "name":"Bryant & Stratton College-Online",
    "state":"NY",
    "city":"Orchard Park"
  },
  {
    "unitid":481021,
    "name":"Berks Career & Technology Center",
    "state":"PA",
    "city":"Leesport"
  },
  {
    "unitid":481456,
    "name":"Bonnie Joseph Academy of Cosmetology & Barbering",
    "state":"UT",
    "city":"Heber City"
  },
  {
    "unitid":481483,
    "name":"Boca Beauty Academy",
    "state":"FL",
    "city":"Boca Raton"
  },
  {
    "unitid":481571,
    "name":"Belle Academy of Cosmetology LLC",
    "state":"CT",
    "city":"Waterbury"
  },
  {
    "unitid":483054,
    "name":"Barber School of Pittsburgh",
    "state":"PA",
    "city":"Pittsburgh"
  },
  {
    "unitid":483346,
    "name":"Barber and Beauty Academy of Pennsylvania",
    "state":"PA",
    "city":"Harrisburg"
  },
  {
    "unitid":483559,
    "name":"Bella Cosmetology and Barber College",
    "state":"TX",
    "city":"Greenville"
  },
  {
    "unitid":483878,
    "name":"Bay Area Medical Academy",
    "state":"CA",
    "city":"San Francisco"
  },
  {
    "unitid":483948,
    "name":"Bos-Man's Barber College",
    "state":"LA",
    "city":"Shreveport"
  },
  {
    "unitid":484020,
    "name":"Beyond Measure Barbering Institute",
    "state":"NC",
    "city":"Mebane"
  },
  {
    "unitid":484048,
    "name":"Barber Institute of Texas",
    "state":"TX",
    "city":"Longview"
  },
  {
    "unitid":484932,
    "name":"BridgeValley Community & Technical College",
    "state":"WV",
    "city":"South  Charleston"
  },
  {
    "unitid":485166,
    "name":"Beau Monde Academy of Barbering and Cosmetology",
    "state":"OR",
    "city":"Portland"
  },
  {
    "unitid":485999,
    "name":"Bet Medrash Gadol Ateret Torah",
    "state":"NY",
    "city":"Brooklyn"
  },
  {
    "unitid":486053,
    "name":"Bethlehem College & Seminary",
    "state":"MN",
    "city":"Minneapolis"
  },
  {
    "unitid":486196,
    "name":"Beth Medrash Meor Yitzchok",
    "state":"NY",
    "city":"Monsey"
  },
  {
    "unitid":486284,
    "name":"Bethany Global University",
    "state":"MN",
    "city":"Bloomington"
  },
  {
    "unitid":487773,
    "name":"Butte County Regional Occupational Program",
    "state":"CA",
    "city":"Chico"
  },
  {
    "unitid":487898,
    "name":"B-Unique Beauty and Barber Academy",
    "state":"SC",
    "city":"Greenville"
  },
  {
    "unitid":488022,
    "name":"Barber Tech Academy",
    "state":"SC",
    "city":"Orangeburg"
  },
  {
    "unitid":488314,
    "name":"Beth Medrash of Asbury Park",
    "state":"NJ",
    "city":"Lakewood"
  },
  {
    "unitid":488554,
    "name":"Burrell College of Osteopathic Medicine",
    "state":"NM",
    "city":"Las Cruces"
  },
  {
    "unitid":489238,
    "name":"Boca Beauty Academy-Parkland",
    "state":"FL",
    "city":"Parkland"
  },
  {
    "unitid":490203,
    "name":"Bolivar Technical College",
    "state":"MO",
    "city":"Bolivar"
  },
  {
    "unitid":490513,
    "name":"Bais Medrash Mayan Hatorah",
    "state":"NJ",
    "city":"Lakewood"
  },
  {
    "unitid":490948,
    "name":"Bull City Durham Beauty and Barber College",
    "state":"NC",
    "city":"Durham"
  },
  {
    "unitid":491446,
    "name":"Bnos Zion Of Bobov Seminary",
    "state":"NY",
    "city":"Brooklyn"
  },
  {
    "unitid":491695,
    "name":"Brown Beauty Barber School",
    "state":"AL",
    "city":"Bessemer"
  },
  {
    "unitid":493567,
    "name":"Bellasa Professional Institute",
    "state":"FL",
    "city":"North Miami"
  },
  {
    "unitid":495031,
    "name":"Bais Medrash of Dexter Park",
    "state":"NY",
    "city":"Chestnut Ridge"
  },
  {
    "unitid":496645,
    "name":"Burlington County Institute of Technology-Adult Education",
    "state":"NJ",
    "city":"Westampton"
  },
  {
    "unitid":496690,
    "name":"Body Wisdom Massage Therapy School",
    "state":"IA",
    "city":"Urbandale"
  },
  {
    "unitid":496894,
    "name":"Branford Academy of Hair & Cosmetology-Bridgeport",
    "state":"CT",
    "city":"Bridgeport"
  },
  {
    "unitid":497356,
    "name":"Barber Education Academy",
    "state":"TX",
    "city":"Laredo"
  },
  {
    "unitid":497383,
    "name":"Barbers Trade School",
    "state":"TX",
    "city":"Beaumont"
  },
  {
    "unitid":497408,
    "name":"Bridges Christian College",
    "state":"LA",
    "city":"New Orleans"
  },
  {
    "unitid":498386,
    "name":"Boone Career and Technical Center",
    "state":"WV",
    "city":"Foster"
  },
  {
    "unitid":498775,
    "name":"Beaver Beauty Academy",
    "state":"Georgia",
    "city":null
  },
  {
    "unitid":499255,
    "name":"Baltimore Beauty & Barber School II",
    "state":"Maryland",
    "city":null
  },
  {
    "unitid":499723,
    "name":"Barber Tech Academy-Columbia",
    "state":"South Carolina",
    "city":null
  }
]