[
  {
    "unitid":105297,
    "name":"Dine College",
    "state":"AZ",
    "city":"Tsaile"
  },
  {
    "unitid":113333,
    "name":"De Anza College",
    "state":"CA",
    "city":"Cupertino"
  },
  {
    "unitid":113537,
    "name":"Dell'Arte International School of Physical Theatre",
    "state":"CA",
    "city":"Blue Lake"
  },
  {
    "unitid":113582,
    "name":"Design Institute of San Diego",
    "state":"CA",
    "city":"San Diego"
  },
  {
    "unitid":113616,
    "name":"Dharma Realm Buddhist University",
    "state":"CA",
    "city":"Ukiah"
  },
  {
    "unitid":113634,
    "name":"Diablo Valley College",
    "state":"CA",
    "city":"Pleasant Hill"
  },
  {
    "unitid":113698,
    "name":"Dominican University of California",
    "state":"CA",
    "city":"San Rafael"
  },
  {
    "unitid":113704,
    "name":"Dominican School of Philosophy & Theology",
    "state":"CA",
    "city":"Berkeley"
  },
  {
    "unitid":122117,
    "name":"Dongguk University Los Angeles",
    "state":"CA",
    "city":"Los Angeles"
  },
  {
    "unitid":126979,
    "name":"Denver Seminary",
    "state":"CO",
    "city":"Littleton"
  },
  {
    "unitid":130873,
    "name":"Dawn Career Institute LLC",
    "state":"DE",
    "city":"Newark"
  },
  {
    "unitid":130882,
    "name":"Delaware Technical Community College-Central Office",
    "state":"Delaware",
    "city":null
  },
  {
    "unitid":130907,
    "name":"Delaware Technical Community College-Terry",
    "state":"DE",
    "city":"Dover"
  },
  {
    "unitid":130934,
    "name":"Delaware State University",
    "state":"DE",
    "city":"Dover"
  },
  {
    "unitid":133386,
    "name":"Daytona State College",
    "state":"FL",
    "city":"Daytona Beach"
  },
  {
    "unitid":139463,
    "name":"Dalton State College",
    "state":"GA",
    "city":"Dalton"
  },
  {
    "unitid":144564,
    "name":"Danville Area Community College",
    "state":"IL",
    "city":"Danville"
  },
  {
    "unitid":144740,
    "name":"DePaul University",
    "state":"IL",
    "city":"Chicago"
  },
  {
    "unitid":144777,
    "name":"DeVry University-Administrative Office",
    "state":"Illinois",
    "city":null
  },
  {
    "unitid":148496,
    "name":"Dominican University",
    "state":"IL",
    "city":"River Forest"
  },
  {
    "unitid":150400,
    "name":"DePauw University",
    "state":"IN",
    "city":"Greencastle"
  },
  {
    "unitid":150428,
    "name":"Don Roberts School of Hair Design",
    "state":"IN",
    "city":"Schererville"
  },
  {
    "unitid":153214,
    "name":"Des Moines Area Community College",
    "state":"IA",
    "city":"Ankeny"
  },
  {
    "unitid":153241,
    "name":"Divine Word College",
    "state":"IA",
    "city":"Epworth"
  },
  {
    "unitid":153250,
    "name":"Dordt University",
    "state":"IA",
    "city":"Sioux Center"
  },
  {
    "unitid":153269,
    "name":"Drake University",
    "state":"IA",
    "city":"Des Moines"
  },
  {
    "unitid":154156,
    "name":"Des Moines University-Osteopathic Medical Center",
    "state":"IA",
    "city":"Des Moines"
  },
  {
    "unitid":154998,
    "name":"Dodge City Community College",
    "state":"KS",
    "city":"Dodge City"
  },
  {
    "unitid":155007,
    "name":"Donnelly College",
    "state":"KS",
    "city":"Kansas City"
  },
  {
    "unitid":158662,
    "name":"Delgado Community College",
    "state":"LA",
    "city":"New Orleans"
  },
  {
    "unitid":158787,
    "name":"Denham Springs Beauty School",
    "state":"LA",
    "city":"Denham Springs"
  },
  {
    "unitid":158802,
    "name":"Dillard University",
    "state":"LA",
    "city":"New Orleans"
  },
  {
    "unitid":162335,
    "name":"Del-Mar-Va Beauty Academy",
    "state":"MD",
    "city":"Salisbury"
  },
  {
    "unitid":165574,
    "name":"Dean College",
    "state":"MA",
    "city":"Franklin"
  },
  {
    "unitid":165608,
    "name":"Diman Regional Technical Institute",
    "state":"MA",
    "city":"Fall River"
  },
  {
    "unitid":169479,
    "name":"Davenport University",
    "state":"MI",
    "city":"Grand Rapids"
  },
  {
    "unitid":169503,
    "name":"David Pressley School of Cosmetology",
    "state":"MI",
    "city":"Royal Oak"
  },
  {
    "unitid":169521,
    "name":"Delta College",
    "state":"MI",
    "city":"University Center"
  },
  {
    "unitid":169576,
    "name":"Detroit Business Institute-Downriver",
    "state":"MI",
    "city":"Riverview"
  },
  {
    "unitid":169761,
    "name":"Dorsey College",
    "state":"MI",
    "city":"Madison Heights"
  },
  {
    "unitid":173416,
    "name":"Dakota County Technical College",
    "state":"MN",
    "city":"Rosemount"
  },
  {
    "unitid":175227,
    "name":"Dunwoody College of Technology",
    "state":"MN",
    "city":"Minneapolis"
  },
  {
    "unitid":175616,
    "name":"Delta State University",
    "state":"MS",
    "city":"Cleveland"
  },
  {
    "unitid":177214,
    "name":"Drury University",
    "state":"MO",
    "city":"Springfield"
  },
  {
    "unitid":180151,
    "name":"Dawson Community College",
    "state":"MT",
    "city":"Glendive"
  },
  {
    "unitid":181020,
    "name":"Doane University",
    "state":"NE",
    "city":"Crete"
  },
  {
    "unitid":182670,
    "name":"Dartmouth College",
    "state":"NH",
    "city":"Hanover"
  },
  {
    "unitid":184348,
    "name":"Drew University",
    "state":"NJ",
    "city":"Madison"
  },
  {
    "unitid":190716,
    "name":"D'Youville  University",
    "state":"NY",
    "city":"Buffalo"
  },
  {
    "unitid":190725,
    "name":"Daemen University",
    "state":"NY",
    "city":"Amherst"
  },
  {
    "unitid":190761,
    "name":"Dominican University New York",
    "state":"NY",
    "city":"Orangeburg"
  },
  {
    "unitid":190840,
    "name":"Dutchess Community College",
    "state":"NY",
    "city":"Poughkeepsie"
  },
  {
    "unitid":194569,
    "name":"Davis College",
    "state":"NY",
    "city":"Pottersville"
  },
  {
    "unitid":198376,
    "name":"Davidson-Davie Community College",
    "state":"NC",
    "city":"Thomasville"
  },
  {
    "unitid":198385,
    "name":"Davidson College",
    "state":"NC",
    "city":"Davidson"
  },
  {
    "unitid":198419,
    "name":"Duke University",
    "state":"NC",
    "city":"Durham"
  },
  {
    "unitid":198455,
    "name":"Durham Technical Community College",
    "state":"NC",
    "city":"Durham"
  },
  {
    "unitid":200059,
    "name":"Dickinson State University",
    "state":"ND",
    "city":"Dickinson"
  },
  {
    "unitid":200314,
    "name":"Dakota College at Bottineau",
    "state":"ND",
    "city":"Bottineau"
  },
  {
    "unitid":202435,
    "name":"Davis College",
    "state":"OH",
    "city":"Toledo"
  },
  {
    "unitid":202453,
    "name":"Dayton Barber College",
    "state":"OH",
    "city":"Miamisburg"
  },
  {
    "unitid":202514,
    "name":"Defiance College",
    "state":"OH",
    "city":"Defiance"
  },
  {
    "unitid":202523,
    "name":"Denison University",
    "state":"OH",
    "city":"Granville"
  },
  {
    "unitid":210739,
    "name":"DeSales University",
    "state":"PA",
    "city":"Center Valley"
  },
  {
    "unitid":211802,
    "name":"DLP Conemaugh Memorial Medical Center",
    "state":"PA",
    "city":"Johnstown"
  },
  {
    "unitid":211927,
    "name":"Delaware County Community College",
    "state":"PA",
    "city":"Media"
  },
  {
    "unitid":211981,
    "name":"Delaware Valley University",
    "state":"PA",
    "city":"Doylestown"
  },
  {
    "unitid":212009,
    "name":"Dickinson College",
    "state":"PA",
    "city":"Carlisle"
  },
  {
    "unitid":212045,
    "name":"Douglas Education Center",
    "state":"PA",
    "city":"Monessen"
  },
  {
    "unitid":212054,
    "name":"Drexel University",
    "state":"PA",
    "city":"Philadelphia"
  },
  {
    "unitid":212106,
    "name":"Duquesne University",
    "state":"PA",
    "city":"Pittsburgh"
  },
  {
    "unitid":217989,
    "name":"Denmark Technical College",
    "state":"SC",
    "city":"Denmark"
  },
  {
    "unitid":219082,
    "name":"Dakota State University",
    "state":"SD",
    "city":"Madison"
  },
  {
    "unitid":219091,
    "name":"Dakota Wesleyan University",
    "state":"SD",
    "city":"Mitchell"
  },
  {
    "unitid":220057,
    "name":"Dyersburg State Community College",
    "state":"TN",
    "city":"Dyersburg"
  },
  {
    "unitid":224226,
    "name":"Dallas Baptist University",
    "state":"TX",
    "city":"Dallas"
  },
  {
    "unitid":224244,
    "name":"Dallas Christian College",
    "state":"TX",
    "city":"Dallas"
  },
  {
    "unitid":224271,
    "name":"Dallas Institute of Funeral Service",
    "state":"TX",
    "city":"Dallas"
  },
  {
    "unitid":224305,
    "name":"Dallas Theological Seminary",
    "state":"TX",
    "city":"Dallas"
  },
  {
    "unitid":224350,
    "name":"Del Mar College",
    "state":"TX",
    "city":"Corpus Christi"
  },
  {
    "unitid":224615,
    "name":"Dallas College",
    "state":"TX",
    "city":"Dallas"
  },
  {
    "unitid":230162,
    "name":"Davis Technical College",
    "state":"UT",
    "city":"Kaysville"
  },
  {
    "unitid":231882,
    "name":"Danville Community College",
    "state":"VA",
    "city":"Danville"
  },
  {
    "unitid":235088,
    "name":"Divers Institute of Technology",
    "state":"WA",
    "city":"Seattle"
  },
  {
    "unitid":237358,
    "name":"Davis & Elkins College",
    "state":"WV",
    "city":"Elkins"
  },
  {
    "unitid":247153,
    "name":"Dorsey College-Wayne",
    "state":"MI",
    "city":"Wayne"
  },
  {
    "unitid":250744,
    "name":"Dorsey College-Roseville",
    "state":"MI",
    "city":"Roseville"
  },
  {
    "unitid":260664,
    "name":"Diesel Driving Academy-Shreveport",
    "state":"LA",
    "city":"Shreveport"
  },
  {
    "unitid":261436,
    "name":"Douglas J Aveda Institute",
    "state":"MI",
    "city":"East Lansing"
  },
  {
    "unitid":261719,
    "name":"Dorsey School of Beauty",
    "state":"MI",
    "city":"Taylor"
  },
  {
    "unitid":262466,
    "name":"Dr. Ida Rolf Institute",
    "state":"CO",
    "city":"Boulder"
  },
  {
    "unitid":366270,
    "name":"Delta College of Arts & Technology",
    "state":"LA",
    "city":"Baton Rouge"
  },
  {
    "unitid":371690,
    "name":"Downey Adult School",
    "state":"CA",
    "city":"Downey"
  },
  {
    "unitid":373526,
    "name":"Diesel Driving Academy-Baton Rouge",
    "state":"LA",
    "city":"Baton Rouge"
  },
  {
    "unitid":395690,
    "name":"Diversified Vocational College",
    "state":"CA",
    "city":"Los Angeles"
  },
  {
    "unitid":402563,
    "name":"Delta College Inc",
    "state":"LA",
    "city":"Covington"
  },
  {
    "unitid":406361,
    "name":"Delaware Chenango Madison Otsego BOCES-Practical Nursing Program",
    "state":"NY",
    "city":"Norwich"
  },
  {
    "unitid":418773,
    "name":"D'Mart Institute",
    "state":"PR",
    "city":"Barranquitas"
  },
  {
    "unitid":430971,
    "name":"Delaware County Technical School-Practical Nursing Program",
    "state":"PA",
    "city":"Broomall"
  },
  {
    "unitid":431105,
    "name":"Dutchess BOCES-Practical Nursing Program",
    "state":"NY",
    "city":"Poughkeepsie"
  },
  {
    "unitid":432524,
    "name":"Delaware College of Art and Design",
    "state":"DE",
    "city":"Wilmington"
  },
  {
    "unitid":434900,
    "name":"Dewey University-Carolina",
    "state":"PR",
    "city":"Carolina"
  },
  {
    "unitid":441256,
    "name":"Design's School of Cosmetology",
    "state":"CA",
    "city":"Paso Robles"
  },
  {
    "unitid":443021,
    "name":"Dallas Barber & Stylist College",
    "state":"TX",
    "city":"Dallas"
  },
  {
    "unitid":443410,
    "name":"DigiPen Institute of Technology",
    "state":"WA",
    "city":"Redmond"
  },
  {
    "unitid":443562,
    "name":"Dewey University-Hato Rey",
    "state":"PR",
    "city":"Hato Rey"
  },
  {
    "unitid":445869,
    "name":"Divine Mercy University",
    "state":"VA",
    "city":"Sterling"
  },
  {
    "unitid":447014,
    "name":"Daytona College",
    "state":"FL",
    "city":"Ormond Beach"
  },
  {
    "unitid":447023,
    "name":"Delta Technical College-Mississippi",
    "state":"MS",
    "city":"Horn Lake"
  },
  {
    "unitid":449135,
    "name":"Dewey University-Juana D\u00edaz",
    "state":"PR",
    "city":"Juana Diaz"
  },
  {
    "unitid":449472,
    "name":"Delaware Learning Institute of Cosmetology",
    "state":"DE",
    "city":"Dagsboro"
  },
  {
    "unitid":449481,
    "name":"Dragon Rises College of Oriental Medicine",
    "state":"FL",
    "city":"Gainesville"
  },
  {
    "unitid":449603,
    "name":"Denmark College",
    "state":"IN",
    "city":"Merrillville"
  },
  {
    "unitid":449700,
    "name":"Dayton School of Medical Massage",
    "state":"OH",
    "city":"Dayton"
  },
  {
    "unitid":451255,
    "name":"DiGrigoli School of Cosmetology",
    "state":"MA",
    "city":"West Springfield"
  },
  {
    "unitid":451583,
    "name":"Dixie Technical College",
    "state":"UT",
    "city":"Saint George"
  },
  {
    "unitid":452771,
    "name":"Dental Assistant Pro LLC-Columbus",
    "state":"OH",
    "city":"Westerville"
  },
  {
    "unitid":452780,
    "name":"Dental Assistant Pro-Lebanon",
    "state":"OH",
    "city":"Lebanon"
  },
  {
    "unitid":454856,
    "name":"Denver College of Nursing",
    "state":"CO",
    "city":"Denver"
  },
  {
    "unitid":455178,
    "name":"Daoist Traditions College of Chinese Medical Arts",
    "state":"NC",
    "city":"Asheville"
  },
  {
    "unitid":458043,
    "name":"DuVall's School of Cosmetology",
    "state":"TX",
    "city":"Bedford"
  },
  {
    "unitid":460482,
    "name":"Dorsey College-Saginaw",
    "state":"MI",
    "city":"Saginaw"
  },
  {
    "unitid":461306,
    "name":"D A Dorsey Technical College",
    "state":"FL",
    "city":"Miami"
  },
  {
    "unitid":461388,
    "name":"Diamonds College",
    "state":"TX",
    "city":"Sherman"
  },
  {
    "unitid":469416,
    "name":"Dewey University-Manati",
    "state":"PR",
    "city":"Manati"
  },
  {
    "unitid":476780,
    "name":"Diamond Beauty College",
    "state":"CA",
    "city":"South El Monte"
  },
  {
    "unitid":480028,
    "name":"Digital Film Academy",
    "state":"NY",
    "city":"New York"
  },
  {
    "unitid":480921,
    "name":"Designer Barber & Stylist School",
    "state":"AR",
    "city":"Ft Smith"
  },
  {
    "unitid":482413,
    "name":"DeVry College of New York",
    "state":"NY",
    "city":"New York"
  },
  {
    "unitid":482422,
    "name":"DeVry University-Arizona",
    "state":"AZ",
    "city":"Phoenix"
  },
  {
    "unitid":482431,
    "name":"DeVry University-California",
    "state":"CA",
    "city":"Ontario"
  },
  {
    "unitid":482440,
    "name":"DeVry University-Colorado",
    "state":"Colorado",
    "city":null
  },
  {
    "unitid":482459,
    "name":"DeVry University-Florida",
    "state":"FL",
    "city":"Miramar"
  },
  {
    "unitid":482468,
    "name":"DeVry University-Georgia",
    "state":"GA",
    "city":"Decatur"
  },
  {
    "unitid":482477,
    "name":"DeVry University-Illinois",
    "state":"IL",
    "city":"Naperville"
  },
  {
    "unitid":482538,
    "name":"DeVry University-Missouri",
    "state":"Missouri",
    "city":null
  },
  {
    "unitid":482547,
    "name":"DeVry University-Nevada",
    "state":"NV",
    "city":"Henderson"
  },
  {
    "unitid":482556,
    "name":"DeVry University-New Jersey",
    "state":"NJ",
    "city":"Iselin"
  },
  {
    "unitid":482565,
    "name":"DeVry University-North Carolina",
    "state":"NC",
    "city":"Charlotte"
  },
  {
    "unitid":482574,
    "name":"DeVry University-Ohio",
    "state":"OH",
    "city":"Columbus"
  },
  {
    "unitid":482617,
    "name":"DeVry University-Tennessee",
    "state":"Tennessee",
    "city":null
  },
  {
    "unitid":482635,
    "name":"DeVry University-Texas",
    "state":"TX",
    "city":"Irving"
  },
  {
    "unitid":482653,
    "name":"DeVry University-Virginia",
    "state":"VA",
    "city":"Arlington"
  },
  {
    "unitid":483355,
    "name":"Delta College of Arts & Technology-Lafayette Campus",
    "state":"LA",
    "city":"Lafayette"
  },
  {
    "unitid":483364,
    "name":"Delta College-Slidell Campus",
    "state":"LA",
    "city":"Slidell"
  },
  {
    "unitid":483504,
    "name":"Dorsey College-Dearborn",
    "state":"MI",
    "city":"Detroit"
  },
  {
    "unitid":484084,
    "name":"Debutantes School of Cosmetology and Nail Technology",
    "state":"IL",
    "city":"Dekalb"
  },
  {
    "unitid":484923,
    "name":"Dermal Science International Aesthetics and Nail Academy",
    "state":"VA",
    "city":"Reston"
  },
  {
    "unitid":485607,
    "name":"Dolce The Academy",
    "state":"CT",
    "city":"Waterbury"
  },
  {
    "unitid":487959,
    "name":"Dalton Institute of Esthetics and Cosmetology",
    "state":"GA",
    "city":"Dalton"
  },
  {
    "unitid":488192,
    "name":"DeHart Technical School",
    "state":"CA",
    "city":"Modesto"
  },
  {
    "unitid":490498,
    "name":"Digital Media Institute",
    "state":"LA",
    "city":"Shreveport"
  },
  {
    "unitid":492096,
    "name":"D&S School of Cosmetology",
    "state":"MI",
    "city":"Waterford"
  },
  {
    "unitid":492139,
    "name":"DSDT",
    "state":"MI",
    "city":"Detroit"
  },
  {
    "unitid":492801,
    "name":"Drury University-College of Continuing Professional Studies",
    "state":"MO",
    "city":"Springfield"
  },
  {
    "unitid":493804,
    "name":"Deluxe Barber College",
    "state":"TX",
    "city":"San Antonio"
  },
  {
    "unitid":494463,
    "name":"Derech Hachaim Seminary",
    "state":"NY",
    "city":"Monroe"
  },
  {
    "unitid":495253,
    "name":"Durant Institute of Hair Design",
    "state":"OK",
    "city":"Durant"
  },
  {
    "unitid":495837,
    "name":"Dorsey College-Woodhaven",
    "state":"MI",
    "city":"Woodhaven"
  },
  {
    "unitid":496469,
    "name":"Daybreak University",
    "state":"CA",
    "city":"Anaheim"
  },
  {
    "unitid":496575,
    "name":"Dymond Designs Beauty School",
    "state":"Michigan",
    "city":null
  },
  {
    "unitid":499185,
    "name":"Dorsey College-Grand Rapids",
    "state":"Michigan",
    "city":null
  },
  {
    "unitid":499422,
    "name":"Denver College of Nursing-Houston",
    "state":"Texas",
    "city":null
  }
]