[
  {
    "unitid":101189,
    "name":"Faulkner University",
    "state":"AL",
    "city":"Montgomery"
  },
  {
    "unitid":114354,
    "name":"FIDM-Fashion Institute of Design & Merchandising",
    "state":"CA",
    "city":"Los Angeles"
  },
  {
    "unitid":114433,
    "name":"Feather River Community College District",
    "state":"CA",
    "city":"Quincy"
  },
  {
    "unitid":114460,
    "name":"Federico Beauty Institute",
    "state":"CA",
    "city":"Sacramento"
  },
  {
    "unitid":114549,
    "name":"Fielding Graduate University",
    "state":"CA",
    "city":"Santa Barbara"
  },
  {
    "unitid":114585,
    "name":"Five Branches University",
    "state":"CA",
    "city":"Santa Cruz"
  },
  {
    "unitid":114716,
    "name":"Foothill College",
    "state":"CA",
    "city":"Los Altos Hills"
  },
  {
    "unitid":114734,
    "name":"Franciscan School of Theology",
    "state":"CA",
    "city":"San Diego"
  },
  {
    "unitid":114761,
    "name":"Fredrick and Charles Beauty College",
    "state":"CA",
    "city":"Eureka"
  },
  {
    "unitid":114789,
    "name":"Fresno City College",
    "state":"CA",
    "city":"Fresno"
  },
  {
    "unitid":114813,
    "name":"Fresno Pacific University",
    "state":"CA",
    "city":"Fresno"
  },
  {
    "unitid":114831,
    "name":"Foothill-De Anza Community College District",
    "state":"California",
    "city":null
  },
  {
    "unitid":114840,
    "name":"Fuller Theological Seminary",
    "state":"CA",
    "city":"Pasadena"
  },
  {
    "unitid":114859,
    "name":"Fullerton College",
    "state":"CA",
    "city":"Fullerton"
  },
  {
    "unitid":127185,
    "name":"Fort Lewis College",
    "state":"CO",
    "city":"Durango"
  },
  {
    "unitid":127200,
    "name":"Front Range Community College",
    "state":"CO",
    "city":"Westminster"
  },
  {
    "unitid":129242,
    "name":"Fairfield University",
    "state":"CT",
    "city":"Fairfield"
  },
  {
    "unitid":133508,
    "name":"Florida SouthWestern State College",
    "state":"FL",
    "city":"Fort Myers"
  },
  {
    "unitid":133650,
    "name":"Florida Agricultural and Mechanical University",
    "state":"FL",
    "city":"Tallahassee"
  },
  {
    "unitid":133669,
    "name":"Florida Atlantic University",
    "state":"FL",
    "city":"Boca Raton"
  },
  {
    "unitid":133702,
    "name":"Florida State College at Jacksonville",
    "state":"FL",
    "city":"Jacksonville"
  },
  {
    "unitid":133711,
    "name":"Flagler College",
    "state":"FL",
    "city":"Saint Augustine"
  },
  {
    "unitid":133809,
    "name":"Florida College",
    "state":"FL",
    "city":"Temple Terrace"
  },
  {
    "unitid":133881,
    "name":"Florida Institute of Technology",
    "state":"FL",
    "city":"Melbourne"
  },
  {
    "unitid":133951,
    "name":"Florida International University",
    "state":"FL",
    "city":"Miami"
  },
  {
    "unitid":133979,
    "name":"Florida Memorial University",
    "state":"FL",
    "city":"Miami Gardens"
  },
  {
    "unitid":133997,
    "name":"Florida Career College-Miami",
    "state":"FL",
    "city":"Miami"
  },
  {
    "unitid":134024,
    "name":"Florida School of Massage",
    "state":"FL",
    "city":"Gainesville"
  },
  {
    "unitid":134079,
    "name":"Florida Southern College",
    "state":"FL",
    "city":"Lakeland"
  },
  {
    "unitid":134097,
    "name":"Florida State University",
    "state":"FL",
    "city":"Tallahassee"
  },
  {
    "unitid":134228,
    "name":"Fort Pierce Beauty Academy",
    "state":"FL",
    "city":"Fort Pierce"
  },
  {
    "unitid":134237,
    "name":"Full Sail University",
    "state":"FL",
    "city":"Winter Park"
  },
  {
    "unitid":135160,
    "name":"Florida Gateway College",
    "state":"FL",
    "city":"Lake City"
  },
  {
    "unitid":135267,
    "name":"Fort Myers Technical College",
    "state":"FL",
    "city":"Fort Myers"
  },
  {
    "unitid":137023,
    "name":"First Coast Technical College",
    "state":"FL",
    "city":"Saint Augustine"
  },
  {
    "unitid":138284,
    "name":"Florida Panhandle Technical College",
    "state":"FL",
    "city":"Chipley"
  },
  {
    "unitid":139719,
    "name":"Fort Valley State University",
    "state":"GA",
    "city":"Fort Valley"
  },
  {
    "unitid":145099,
    "name":"First Institute of Travel, Inc.",
    "state":"IL",
    "city":"Crystal Lake"
  },
  {
    "unitid":145239,
    "name":"Fox College",
    "state":"IL",
    "city":"Tinley Park"
  },
  {
    "unitid":150604,
    "name":"Franklin College",
    "state":"IN",
    "city":"Franklin"
  },
  {
    "unitid":153320,
    "name":"Faith Baptist Bible College and Theological Seminary",
    "state":"IA",
    "city":"Ankeny"
  },
  {
    "unitid":155052,
    "name":"Flint Hills Technical College",
    "state":"KS",
    "city":"Emporia"
  },
  {
    "unitid":155061,
    "name":"Fort Hays State University",
    "state":"KS",
    "city":"Hays"
  },
  {
    "unitid":155089,
    "name":"Friends University",
    "state":"KS",
    "city":"Wichita"
  },
  {
    "unitid":155098,
    "name":"Fort Scott Community College",
    "state":"KS",
    "city":"Fort Scott"
  },
  {
    "unitid":156727,
    "name":"Frontier Nursing University",
    "state":"KY",
    "city":"Versailles"
  },
  {
    "unitid":160074,
    "name":"Franciscan Missionaries of Our Lady University",
    "state":"LA",
    "city":"Baton Rouge"
  },
  {
    "unitid":160481,
    "name":"Fletcher Technical Community College",
    "state":"LA",
    "city":"Schriever"
  },
  {
    "unitid":162557,
    "name":"Frederick Community College",
    "state":"MD",
    "city":"Frederick"
  },
  {
    "unitid":162584,
    "name":"Frostburg State University",
    "state":"MD",
    "city":"Frostburg"
  },
  {
    "unitid":163347,
    "name":"Fortis Institute-Towson",
    "state":"MD",
    "city":"Towson"
  },
  {
    "unitid":165802,
    "name":"Fisher College",
    "state":"MA",
    "city":"Boston"
  },
  {
    "unitid":165820,
    "name":"Fitchburg State University",
    "state":"MA",
    "city":"Fitchburg"
  },
  {
    "unitid":165866,
    "name":"Framingham State University",
    "state":"MA",
    "city":"Framingham"
  },
  {
    "unitid":169910,
    "name":"Ferris State University",
    "state":"MI",
    "city":"Big Rapids"
  },
  {
    "unitid":172440,
    "name":"Finlandia University",
    "state":"MI",
    "city":"Hancock"
  },
  {
    "unitid":175698,
    "name":"Fosters Cosmetology College",
    "state":"MS",
    "city":"Ripley"
  },
  {
    "unitid":177418,
    "name":"Fontbonne University",
    "state":"MO",
    "city":"Saint Louis"
  },
  {
    "unitid":177436,
    "name":"Four Rivers Career Center",
    "state":"MO",
    "city":"Washington"
  },
  {
    "unitid":180197,
    "name":"Flathead Valley Community College",
    "state":"MT",
    "city":"Kalispell"
  },
  {
    "unitid":180212,
    "name":"Fort Peck Community College",
    "state":"MT",
    "city":"Poplar"
  },
  {
    "unitid":182795,
    "name":"Franklin Pierce University",
    "state":"NH",
    "city":"Rindge"
  },
  {
    "unitid":183725,
    "name":"Fortis Institute-Wayne",
    "state":"NJ",
    "city":"Wayne"
  },
  {
    "unitid":184603,
    "name":"Fairleigh Dickinson University-Metropolitan Campus",
    "state":"NJ",
    "city":"Teaneck"
  },
  {
    "unitid":184612,
    "name":"Felician University",
    "state":"NJ",
    "city":"Lodi"
  },
  {
    "unitid":184694,
    "name":"Fairleigh Dickinson University-Florham Campus",
    "state":"NJ",
    "city":"Madison"
  },
  {
    "unitid":191126,
    "name":"Fashion Institute of Technology",
    "state":"NY",
    "city":"New York"
  },
  {
    "unitid":191199,
    "name":"Finger Lakes Community College",
    "state":"NY",
    "city":"Canandaigua"
  },
  {
    "unitid":191205,
    "name":"Five Towns College",
    "state":"NY",
    "city":"Dix Hills"
  },
  {
    "unitid":191241,
    "name":"Fordham University",
    "state":"NY",
    "city":"Bronx"
  },
  {
    "unitid":191302,
    "name":"Fulton-Montgomery Community College",
    "state":"NY",
    "city":"Johnstown"
  },
  {
    "unitid":196042,
    "name":"Farmingdale State College",
    "state":"NY",
    "city":"Farmingdale"
  },
  {
    "unitid":198534,
    "name":"Fayetteville Technical Community College",
    "state":"NC",
    "city":"Fayetteville"
  },
  {
    "unitid":198543,
    "name":"Fayetteville State University",
    "state":"NC",
    "city":"Fayetteville"
  },
  {
    "unitid":198552,
    "name":"Forsyth Technical Community College",
    "state":"NC",
    "city":"Winston-Salem"
  },
  {
    "unitid":202806,
    "name":"Franklin University",
    "state":"OH",
    "city":"Columbus"
  },
  {
    "unitid":205090,
    "name":"Firelands Regional Medical Center School of Nursing",
    "state":"OH",
    "city":"Sandusky"
  },
  {
    "unitid":205179,
    "name":"Fortis College-Centerville",
    "state":"OH",
    "city":"Centerville"
  },
  {
    "unitid":205957,
    "name":"Franciscan University of Steubenville",
    "state":"OH",
    "city":"Steubenville"
  },
  {
    "unitid":207087,
    "name":"Formations Institute",
    "state":"OK",
    "city":"Enid"
  },
  {
    "unitid":208044,
    "name":"Formations Institute of Cosmetology & Barbering",
    "state":"OK",
    "city":"Woodward"
  },
  {
    "unitid":212577,
    "name":"Franklin and Marshall College",
    "state":"PA",
    "city":"Lancaster"
  },
  {
    "unitid":218025,
    "name":"Florence-Darlington Technical College",
    "state":"SC",
    "city":"Florence"
  },
  {
    "unitid":218061,
    "name":"Francis Marion University",
    "state":"SC",
    "city":"Florence"
  },
  {
    "unitid":218070,
    "name":"Furman University",
    "state":"SC",
    "city":"Greenville"
  },
  {
    "unitid":220181,
    "name":"Fisk University",
    "state":"TN",
    "city":"Nashville"
  },
  {
    "unitid":220215,
    "name":"Freed-Hardeman University",
    "state":"TN",
    "city":"Henderson"
  },
  {
    "unitid":224828,
    "name":"Fort Worth Beauty School",
    "state":"TX",
    "city":"Benbrook"
  },
  {
    "unitid":224891,
    "name":"Frank Phillips College",
    "state":"TX",
    "city":"Borger"
  },
  {
    "unitid":232089,
    "name":"Ferrum College",
    "state":"VA",
    "city":"Ferrum"
  },
  {
    "unitid":233329,
    "name":"Fortis College-Norfolk",
    "state":"VA",
    "city":"Norfolk"
  },
  {
    "unitid":237367,
    "name":"Fairmont State University",
    "state":"WV",
    "city":"Fairmont"
  },
  {
    "unitid":237844,
    "name":"Fred W Eberle Technical Center",
    "state":"WV",
    "city":"Buckhannon"
  },
  {
    "unitid":238722,
    "name":"Fox Valley Technical College",
    "state":"WI",
    "city":"Appleton"
  },
  {
    "unitid":245999,
    "name":"Francis Tuttle Technology Center",
    "state":"OK",
    "city":"Oklahoma City"
  },
  {
    "unitid":248624,
    "name":"Fayette County Career & Technical Institute Practical Nursing Program",
    "state":"PA",
    "city":"Uniontown"
  },
  {
    "unitid":248633,
    "name":"Franklin County Career and Technology Center",
    "state":"PA",
    "city":"Chambersburg"
  },
  {
    "unitid":249609,
    "name":"Fortis Institute-Forty Fort",
    "state":"PA",
    "city":"Forty Fort"
  },
  {
    "unitid":371052,
    "name":"Fortis College",
    "state":"AL",
    "city":"Mobile"
  },
  {
    "unitid":372073,
    "name":"Fremont University",
    "state":"CA",
    "city":"Cerritos"
  },
  {
    "unitid":372921,
    "name":"Fortis College-Smyrna",
    "state":"GA",
    "city":"Smyrna"
  },
  {
    "unitid":380368,
    "name":"Fond du Lac Tribal and Community College",
    "state":"MN",
    "city":"Cloquet"
  },
  {
    "unitid":381486,
    "name":"Faust Institute of Cosmetology-Spirit Lake",
    "state":"IA",
    "city":"Spirit Lake"
  },
  {
    "unitid":382957,
    "name":"Fortis College-Richmond",
    "state":"VA",
    "city":"Richmond"
  },
  {
    "unitid":385503,
    "name":"Fortis Institute-Scranton",
    "state":"PA",
    "city":"Scranton"
  },
  {
    "unitid":392415,
    "name":"Fortis College",
    "state":"TX",
    "city":"Houston"
  },
  {
    "unitid":403469,
    "name":"Frontier Community College",
    "state":"IL",
    "city":"Fairfield"
  },
  {
    "unitid":408844,
    "name":"Florida National University-Main Campus",
    "state":"FL",
    "city":"Hialeah"
  },
  {
    "unitid":409120,
    "name":"Franklin Technology Center Adult Education",
    "state":"MO",
    "city":"Joplin"
  },
  {
    "unitid":413176,
    "name":"Fayette Institute of Technology",
    "state":"WV",
    "city":"Oak Hill"
  },
  {
    "unitid":433660,
    "name":"Florida Gulf Coast University",
    "state":"FL",
    "city":"Fort Myers"
  },
  {
    "unitid":434441,
    "name":"Florida College of Integrative Medicine",
    "state":"FL",
    "city":"Orlando"
  },
  {
    "unitid":436599,
    "name":"FINE Mortuary College",
    "state":"MA",
    "city":"Norwood"
  },
  {
    "unitid":436641,
    "name":"Fortis College-Foley",
    "state":"AL",
    "city":"Foley"
  },
  {
    "unitid":439738,
    "name":"Fortis College-Baton Rouge",
    "state":"LA",
    "city":"Baton Rouge"
  },
  {
    "unitid":439792,
    "name":"Fortis College-Orange Park",
    "state":"FL",
    "city":"Orange Park"
  },
  {
    "unitid":441380,
    "name":"Florida Barber Academy",
    "state":"FL",
    "city":"Plantation"
  },
  {
    "unitid":441423,
    "name":"Florida Education Institute",
    "state":"FL",
    "city":"Miami"
  },
  {
    "unitid":441982,
    "name":"Franklin W Olin College of Engineering",
    "state":"MA",
    "city":"Needham"
  },
  {
    "unitid":443049,
    "name":"Faith International University",
    "state":"WA",
    "city":"Tacoma"
  },
  {
    "unitid":443058,
    "name":"Family of Faith Christian University",
    "state":"OK",
    "city":"Shawnee"
  },
  {
    "unitid":444219,
    "name":"Folsom Lake College",
    "state":"CA",
    "city":"Folsom"
  },
  {
    "unitid":445744,
    "name":"Fortis Institute-Port Saint Lucie",
    "state":"FL",
    "city":"Port Saint Lucie"
  },
  {
    "unitid":447908,
    "name":"Florida Academy of Health & Beauty",
    "state":"FL",
    "city":"Oakland Park"
  },
  {
    "unitid":450058,
    "name":"Fortis College-Columbus",
    "state":"OH",
    "city":"Westerville"
  },
  {
    "unitid":450067,
    "name":"Fortis College-Cincinnati",
    "state":"OH",
    "city":"Cincinnati"
  },
  {
    "unitid":452124,
    "name":"Fortis Institute-Nashville",
    "state":"TN",
    "city":"Nashville"
  },
  {
    "unitid":455062,
    "name":"French Academy of Cosmetology",
    "state":"MI",
    "city":"Spring Lake"
  },
  {
    "unitid":455460,
    "name":"Fortis College-Dothan",
    "state":"AL",
    "city":"Dothan"
  },
  {
    "unitid":455479,
    "name":"Fortis Institute-Pensacola",
    "state":"FL",
    "city":"Pensacola"
  },
  {
    "unitid":455488,
    "name":"Fortis College-Montgomery",
    "state":"AL",
    "city":"Montgomery"
  },
  {
    "unitid":455628,
    "name":"Fortis Institute-Birmingham",
    "state":"AL",
    "city":"Birmingham"
  },
  {
    "unitid":456454,
    "name":"Fortis College-Salt Lake City",
    "state":"UT",
    "city":"Salt Lake City"
  },
  {
    "unitid":457350,
    "name":"Florida School of Traditional Midwifery",
    "state":"FL",
    "city":"Gainesville"
  },
  {
    "unitid":457873,
    "name":"Four County Career Center",
    "state":"OH",
    "city":"Archbold"
  },
  {
    "unitid":458681,
    "name":"Fortis College-Indianapolis",
    "state":"IN",
    "city":"Indianapolis"
  },
  {
    "unitid":459329,
    "name":"Fred K Marchman Technical College",
    "state":"FL",
    "city":"New Port Richey"
  },
  {
    "unitid":459958,
    "name":"Fortis Institute",
    "state":"TX",
    "city":"Houston"
  },
  {
    "unitid":460020,
    "name":"Fortis College-Columbia",
    "state":"SC",
    "city":"Columbia"
  },
  {
    "unitid":460376,
    "name":"Fairfax University of America",
    "state":"VA",
    "city":"Fairfax"
  },
  {
    "unitid":461245,
    "name":"Flagler Technical College",
    "state":"FL",
    "city":"Palm Coast"
  },
  {
    "unitid":461874,
    "name":"First Class Cosmetology School",
    "state":"WI",
    "city":"Beloit"
  },
  {
    "unitid":462035,
    "name":"Florida Academy",
    "state":"FL",
    "city":"Fort Myers"
  },
  {
    "unitid":475024,
    "name":"Fortis Institute-Lawrenceville",
    "state":"NJ",
    "city":"Lawrenceville"
  },
  {
    "unitid":475422,
    "name":"Finger Lakes Health College of Nursing & Health Sciences",
    "state":"NY",
    "city":"Geneva"
  },
  {
    "unitid":476498,
    "name":"Futura Career Institute",
    "state":"FL",
    "city":"Hialeah"
  },
  {
    "unitid":476513,
    "name":"Flair Beauty College",
    "state":"CA",
    "city":"Valencia"
  },
  {
    "unitid":476814,
    "name":"Florida Institute of Recording Sound and Technology",
    "state":"FL",
    "city":"Orlando"
  },
  {
    "unitid":476939,
    "name":"FVI School of Nursing and Technology",
    "state":"FL",
    "city":"Miami"
  },
  {
    "unitid":480569,
    "name":"Florida Institute of Technology-Online",
    "state":"FL",
    "city":"Melbourne"
  },
  {
    "unitid":481030,
    "name":"Future Generations University",
    "state":"WV",
    "city":"Franklin"
  },
  {
    "unitid":482936,
    "name":"Florida Polytechnic University",
    "state":"FL",
    "city":"Lakeland"
  },
  {
    "unitid":483577,
    "name":"Franklin Hair Academy School of Cosmetology",
    "state":"TN",
    "city":"Franklin"
  },
  {
    "unitid":484075,
    "name":"First Coast Barber Academy",
    "state":"FL",
    "city":"Jacksonville"
  },
  {
    "unitid":485236,
    "name":"Fountain of Youth Academy of Cosmetology",
    "state":"PA",
    "city":"Bellevue"
  },
  {
    "unitid":486512,
    "name":"Florida International Training Institute",
    "state":"FL",
    "city":"Miami"
  },
  {
    "unitid":487302,
    "name":"Fortis College-Cuyahoga Falls",
    "state":"OH",
    "city":"Cuyahoga Falls"
  },
  {
    "unitid":487384,
    "name":"Florida Career College-Pembroke Pines",
    "state":"FL",
    "city":"Pembroke Pines"
  },
  {
    "unitid":487393,
    "name":"Florida Career College-West Palm Beach",
    "state":"FL",
    "city":"West Palm Beach"
  },
  {
    "unitid":487409,
    "name":"Florida Career College-Hialeah",
    "state":"FL",
    "city":"Hialeah"
  },
  {
    "unitid":487418,
    "name":"Florida Career College-Lauderdale Lakes",
    "state":"FL",
    "city":"Lauderdale Lakes"
  },
  {
    "unitid":487427,
    "name":"Florida Career College-Tampa",
    "state":"FL",
    "city":"Tampa"
  },
  {
    "unitid":487436,
    "name":"Florida Career College-Jacksonville",
    "state":"FL",
    "city":"Jacksonville"
  },
  {
    "unitid":487445,
    "name":"Florida Career College-Boynton Beach",
    "state":"FL",
    "city":"Boynton Beach"
  },
  {
    "unitid":487454,
    "name":"Florida Career College-Margate",
    "state":"FL",
    "city":"Margate"
  },
  {
    "unitid":487472,
    "name":"Florida Career College-Orlando",
    "state":"FL",
    "city":"Orlando"
  },
  {
    "unitid":487490,
    "name":"Florida Career College-Houston",
    "state":"TX",
    "city":"Houston"
  },
  {
    "unitid":487861,
    "name":"Felbry College",
    "state":"OH",
    "city":"Columbus"
  },
  {
    "unitid":488253,
    "name":"Focus Personal Training Institute",
    "state":"NY",
    "city":"New York"
  },
  {
    "unitid":488271,
    "name":"Fosbre Academy of Hair Design",
    "state":"WA",
    "city":"Olympia"
  },
  {
    "unitid":490975,
    "name":"Fortis College-Cutler Bay",
    "state":"FL",
    "city":"Cutler Bay"
  },
  {
    "unitid":493813,
    "name":"Falcon Institute of Health and Science",
    "state":"PA",
    "city":"Bethlehem"
  },
  {
    "unitid":494436,
    "name":"Fortis Institute-Cookeville",
    "state":"TN",
    "city":"Cookeville"
  },
  {
    "unitid":494597,
    "name":"Faith Theological Seminary and Christian College",
    "state":"FL",
    "city":"Tampa"
  },
  {
    "unitid":494843,
    "name":"Fortis College-Landover",
    "state":"MD",
    "city":"Landover"
  },
  {
    "unitid":495299,
    "name":"Florida Professional Institute",
    "state":"FL",
    "city":"Miami"
  },
  {
    "unitid":496681,
    "name":"Florida Academy of Nursing",
    "state":"FL",
    "city":"Miramar"
  }
]