[
  {
    "unitid":101240,
    "name":"Gadsden State Community College",
    "state":"AL",
    "city":"Gadsden"
  },
  {
    "unitid":101286,
    "name":"George C Wallace Community College-Dothan",
    "state":"AL",
    "city":"Dothan"
  },
  {
    "unitid":101295,
    "name":"George C Wallace State Community College-Hanceville",
    "state":"AL",
    "city":"Hanceville"
  },
  {
    "unitid":101301,
    "name":"George C Wallace State Community College-Selma",
    "state":"AL",
    "city":"Selma"
  },
  {
    "unitid":104708,
    "name":"Glendale Community College",
    "state":"AZ",
    "city":"Glendale"
  },
  {
    "unitid":104717,
    "name":"Grand Canyon University",
    "state":"AZ",
    "city":"Phoenix"
  },
  {
    "unitid":105145,
    "name":"GateWay Community College",
    "state":"AZ",
    "city":"Phoenix"
  },
  {
    "unitid":114938,
    "name":"Gavilan College",
    "state":"CA",
    "city":"Gilroy"
  },
  {
    "unitid":114947,
    "name":"Gemological Institute of America-Carlsbad",
    "state":"CA",
    "city":"Carlsbad"
  },
  {
    "unitid":115001,
    "name":"Glendale Community College",
    "state":"CA",
    "city":"Glendale"
  },
  {
    "unitid":115010,
    "name":"Glendale Career College",
    "state":"CA",
    "city":"Glendale"
  },
  {
    "unitid":115083,
    "name":"Golden Gate University",
    "state":"CA",
    "city":"San Francisco"
  },
  {
    "unitid":115126,
    "name":"Golden West College",
    "state":"CA",
    "city":"Huntington Beach"
  },
  {
    "unitid":115214,
    "name":"Graduate Theological Union",
    "state":"CA",
    "city":"Berkeley"
  },
  {
    "unitid":115287,
    "name":"Grossmont-Cuyamaca Community College District",
    "state":"California",
    "city":null
  },
  {
    "unitid":115296,
    "name":"Grossmont College",
    "state":"CA",
    "city":"El Cajon"
  },
  {
    "unitid":129154,
    "name":"Goodwin University",
    "state":"CT",
    "city":"East Hartford"
  },
  {
    "unitid":130989,
    "name":"Goldey-Beacom College",
    "state":"DE",
    "city":"Wilmington"
  },
  {
    "unitid":131450,
    "name":"Gallaudet University",
    "state":"DC",
    "city":"Washington"
  },
  {
    "unitid":131469,
    "name":"George Washington University",
    "state":"DC",
    "city":"Washington"
  },
  {
    "unitid":131496,
    "name":"Georgetown University",
    "state":"DC",
    "city":"Washington"
  },
  {
    "unitid":134291,
    "name":"George Stone Technical College",
    "state":"FL",
    "city":"Pensacola"
  },
  {
    "unitid":134307,
    "name":"George T Baker Aviation Technical College",
    "state":"FL",
    "city":"Miami"
  },
  {
    "unitid":134343,
    "name":"Gulf Coast State College",
    "state":"FL",
    "city":"Panama City"
  },
  {
    "unitid":138822,
    "name":"Georgia Career Institute",
    "state":"GA",
    "city":"Conyers"
  },
  {
    "unitid":139384,
    "name":"Georgia Northwestern Technical College",
    "state":"GA",
    "city":"Rome"
  },
  {
    "unitid":139700,
    "name":"Georgia Highlands College",
    "state":"GA",
    "city":"Rome"
  },
  {
    "unitid":139746,
    "name":"Grady Health System Professional Schools",
    "state":"GA",
    "city":"Atlanta"
  },
  {
    "unitid":139755,
    "name":"Georgia Institute of Technology-Main Campus",
    "state":"GA",
    "city":"Atlanta"
  },
  {
    "unitid":139764,
    "name":"Georgia Southwestern State University",
    "state":"GA",
    "city":"Americus"
  },
  {
    "unitid":139861,
    "name":"Georgia College & State University",
    "state":"GA",
    "city":"Milledgeville"
  },
  {
    "unitid":139931,
    "name":"Georgia Southern University",
    "state":"GA",
    "city":"Statesboro"
  },
  {
    "unitid":139940,
    "name":"Georgia State University",
    "state":"GA",
    "city":"Atlanta"
  },
  {
    "unitid":139968,
    "name":"Gordon State College",
    "state":"GA",
    "city":"Barnesville"
  },
  {
    "unitid":139995,
    "name":"Gupton Jones College of Funeral Service",
    "state":"GA",
    "city":"Decatur"
  },
  {
    "unitid":140003,
    "name":"Gwinnett College-Lilburn",
    "state":"GA",
    "city":"Lilburn"
  },
  {
    "unitid":140012,
    "name":"Gwinnett Technical College",
    "state":"GA",
    "city":"Lawrenceville"
  },
  {
    "unitid":145275,
    "name":"Garrett-Evangelical Theological Seminary",
    "state":"IL",
    "city":"Evanston"
  },
  {
    "unitid":145309,
    "name":"Gem City College",
    "state":"IL",
    "city":"Quincy"
  },
  {
    "unitid":145336,
    "name":"Governors State University",
    "state":"IL",
    "city":"University Park"
  },
  {
    "unitid":145354,
    "name":"Graham Hospital School of Nursing",
    "state":"IL",
    "city":"Canton"
  },
  {
    "unitid":145372,
    "name":"Greenville University",
    "state":"IL",
    "city":"Greenville"
  },
  {
    "unitid":145406,
    "name":"G Skin & Beauty Institute",
    "state":"IL",
    "city":"Schaumburg"
  },
  {
    "unitid":146816,
    "name":"Generations College",
    "state":"IL",
    "city":"Chicago"
  },
  {
    "unitid":150668,
    "name":"Goshen College",
    "state":"IN",
    "city":"Goshen"
  },
  {
    "unitid":150677,
    "name":"Grace College and Theological Seminary",
    "state":"IN",
    "city":"Winona Lake"
  },
  {
    "unitid":153366,
    "name":"Graceland University-Lamoni",
    "state":"IA",
    "city":"Lamoni"
  },
  {
    "unitid":153375,
    "name":"Grand View University",
    "state":"IA",
    "city":"Des Moines"
  },
  {
    "unitid":153384,
    "name":"Grinnell College",
    "state":"IA",
    "city":"Grinnell"
  },
  {
    "unitid":155104,
    "name":"Garden City Community College",
    "state":"KS",
    "city":"Garden City"
  },
  {
    "unitid":156471,
    "name":"Galen College of Nursing-Louisville",
    "state":"KY",
    "city":"Louisville"
  },
  {
    "unitid":156745,
    "name":"Georgetown College",
    "state":"KY",
    "city":"Georgetown"
  },
  {
    "unitid":157438,
    "name":"Gateway Community and Technical College",
    "state":"KY",
    "city":"Florence"
  },
  {
    "unitid":159009,
    "name":"Grambling State University",
    "state":"LA",
    "city":"Grambling"
  },
  {
    "unitid":162609,
    "name":"Garrett College",
    "state":"MD",
    "city":"McHenry"
  },
  {
    "unitid":162654,
    "name":"Goucher College",
    "state":"MD",
    "city":"Baltimore"
  },
  {
    "unitid":165936,
    "name":"Gordon College",
    "state":"MA",
    "city":"Wenham"
  },
  {
    "unitid":165945,
    "name":"Gordon-Conwell Theological Seminary",
    "state":"MA",
    "city":"South Hamilton"
  },
  {
    "unitid":165981,
    "name":"Greenfield Community College",
    "state":"MA",
    "city":"Greenfield"
  },
  {
    "unitid":169974,
    "name":"Glen Oaks Community College",
    "state":"MI",
    "city":"Centreville"
  },
  {
    "unitid":169992,
    "name":"Gogebic Community College",
    "state":"MI",
    "city":"Ironwood"
  },
  {
    "unitid":170000,
    "name":"Grace Christian University",
    "state":"MI",
    "city":"Wyoming"
  },
  {
    "unitid":170055,
    "name":"Grand Rapids Community College",
    "state":"MI",
    "city":"Grand Rapids"
  },
  {
    "unitid":170082,
    "name":"Grand Valley State University",
    "state":"MI",
    "city":"Allendale"
  },
  {
    "unitid":170091,
    "name":"Great Lakes Christian College",
    "state":"MI",
    "city":"Lansing"
  },
  {
    "unitid":173647,
    "name":"Gustavus Adolphus College",
    "state":"MN",
    "city":"Saint Peter"
  },
  {
    "unitid":176983,
    "name":"Grand River Technical School",
    "state":"MO",
    "city":"Chillicothe"
  },
  {
    "unitid":180249,
    "name":"Great Falls College Montana State University",
    "state":"MT",
    "city":"Great Falls"
  },
  {
    "unitid":182306,
    "name":"Great Basin College",
    "state":"NV",
    "city":"Elko"
  },
  {
    "unitid":183150,
    "name":"Great Bay Community College",
    "state":"NH",
    "city":"Portsmouth"
  },
  {
    "unitid":184773,
    "name":"Georgian Court University",
    "state":"NJ",
    "city":"Lakewood"
  },
  {
    "unitid":191311,
    "name":"Gemological Institute of America-New York",
    "state":"NY",
    "city":"New York"
  },
  {
    "unitid":191339,
    "name":"Genesee Community College",
    "state":"NY",
    "city":"Batavia"
  },
  {
    "unitid":198561,
    "name":"Gardner-Webb University",
    "state":"NC",
    "city":"Boiling Springs"
  },
  {
    "unitid":198570,
    "name":"Gaston College",
    "state":"NC",
    "city":"Dallas"
  },
  {
    "unitid":198598,
    "name":"Greensboro College",
    "state":"NC",
    "city":"Greensboro"
  },
  {
    "unitid":198613,
    "name":"Guilford College",
    "state":"NC",
    "city":"Greensboro"
  },
  {
    "unitid":198622,
    "name":"Guilford Technical Community College",
    "state":"NC",
    "city":"Jamestown"
  },
  {
    "unitid":202888,
    "name":"Gerbers Akron Beauty School",
    "state":"OH",
    "city":"Akron"
  },
  {
    "unitid":202903,
    "name":"Gods Bible School and College",
    "state":"OH",
    "city":"Cincinnati"
  },
  {
    "unitid":202912,
    "name":"Good Samaritan College of Nursing and Health Science",
    "state":"OH",
    "city":"Cincinnati"
  },
  {
    "unitid":202949,
    "name":"Great Oaks Career Campuses",
    "state":"OH",
    "city":"Cincinnati"
  },
  {
    "unitid":208822,
    "name":"George Fox University",
    "state":"OR",
    "city":"Newberg"
  },
  {
    "unitid":212601,
    "name":"Gannon University",
    "state":"PA",
    "city":"Erie"
  },
  {
    "unitid":212656,
    "name":"Geneva College",
    "state":"PA",
    "city":"Beaver Falls"
  },
  {
    "unitid":212674,
    "name":"Gettysburg College",
    "state":"PA",
    "city":"Gettysburg"
  },
  {
    "unitid":212771,
    "name":"Gratz College",
    "state":"PA",
    "city":"Melrose Park"
  },
  {
    "unitid":212805,
    "name":"Grove City College",
    "state":"PA",
    "city":"Grove City"
  },
  {
    "unitid":212832,
    "name":"Gwynedd Mercy University",
    "state":"PA",
    "city":"Gwynedd Valley"
  },
  {
    "unitid":213181,
    "name":"Great Lakes Institute of Technology",
    "state":"PA",
    "city":"Erie"
  },
  {
    "unitid":218113,
    "name":"Greenville Technical College",
    "state":"SC",
    "city":"Greenville"
  },
  {
    "unitid":220765,
    "name":"Genesis Career College-Cookeville",
    "state":"TN",
    "city":"Cookeville"
  },
  {
    "unitid":224961,
    "name":"Galveston College",
    "state":"TX",
    "city":"Galveston"
  },
  {
    "unitid":225043,
    "name":"Graham's Barber College",
    "state":"TX",
    "city":"DALLAS"
  },
  {
    "unitid":225070,
    "name":"Grayson College",
    "state":"TX",
    "city":"Denison"
  },
  {
    "unitid":230889,
    "name":"Goddard College",
    "state":"VT",
    "city":"Plainfield"
  },
  {
    "unitid":232186,
    "name":"George Mason University",
    "state":"VA",
    "city":"Fairfax"
  },
  {
    "unitid":232195,
    "name":"Germanna Community College",
    "state":"VA",
    "city":"Locust Grove"
  },
  {
    "unitid":235307,
    "name":"Glen Dow Academy of Hair Design",
    "state":"WA",
    "city":"Spokane"
  },
  {
    "unitid":235316,
    "name":"Gonzaga University",
    "state":"WA",
    "city":"Spokane"
  },
  {
    "unitid":235334,
    "name":"Grays Harbor College",
    "state":"WA",
    "city":"Aberdeen"
  },
  {
    "unitid":235343,
    "name":"Green River College",
    "state":"WA",
    "city":"Auburn"
  },
  {
    "unitid":237385,
    "name":"Glenville State University",
    "state":"WV",
    "city":"Glenville"
  },
  {
    "unitid":238759,
    "name":"Gateway Technical College",
    "state":"WI",
    "city":"Kenosha"
  },
  {
    "unitid":240745,
    "name":"Guam Community College",
    "state":"GU",
    "city":"Mangilao"
  },
  {
    "unitid":244437,
    "name":"Georgia State University-Perimeter College",
    "state":"GA",
    "city":"Atlanta"
  },
  {
    "unitid":244446,
    "name":"Georgia Piedmont Technical College",
    "state":"GA",
    "city":"Clarkston"
  },
  {
    "unitid":246895,
    "name":"GateWay Community College-Central City",
    "state":"AZ",
    "city":"Phoenix"
  },
  {
    "unitid":260363,
    "name":"Greene County Career and Technology Center",
    "state":"PA",
    "city":"Waynesburg"
  },
  {
    "unitid":363679,
    "name":"Grabber School of Hair Design",
    "state":"MO",
    "city":"St. Louis"
  },
  {
    "unitid":364548,
    "name":"Great Plains Technology Center",
    "state":"OK",
    "city":"Lawton"
  },
  {
    "unitid":365240,
    "name":"Greene County Career Center",
    "state":"OH",
    "city":"Xenia"
  },
  {
    "unitid":375683,
    "name":"Gordon Cooper Technology Center",
    "state":"OK",
    "city":"Shawnee"
  },
  {
    "unitid":382416,
    "name":"Greater Lowell Technical School",
    "state":"MA",
    "city":"Tyngsboro"
  },
  {
    "unitid":382780,
    "name":"Genesis Career College-Lebanon",
    "state":"TN",
    "city":"Lebanon"
  },
  {
    "unitid":383367,
    "name":"Greater Altoona Career & Technology Center",
    "state":"PA",
    "city":"Altoona"
  },
  {
    "unitid":406024,
    "name":"Galen College of Nursing-Tampa Bay",
    "state":"FL",
    "city":"Saint Petersburg"
  },
  {
    "unitid":406033,
    "name":"Galen College of Nursing-San Antonio",
    "state":"TX",
    "city":"San Antonio"
  },
  {
    "unitid":407090,
    "name":"G Skin & Beauty Institute",
    "state":"IL",
    "city":"Oakbrook"
  },
  {
    "unitid":408862,
    "name":"Georgia Institute of Cosmetology",
    "state":"GA",
    "city":"Athens"
  },
  {
    "unitid":418454,
    "name":"Greater Johnstown Career and Technology Center",
    "state":"PA",
    "city":"Johnstown"
  },
  {
    "unitid":425250,
    "name":"Gwinnett College-Sandy Springs",
    "state":"GA",
    "city":"Sandy Springs"
  },
  {
    "unitid":428019,
    "name":"Green Country Technology Center",
    "state":"OK",
    "city":"Okmulgee"
  },
  {
    "unitid":431196,
    "name":"Genesee Valley BOCES-Practical Nursing Program",
    "state":"NY",
    "city":"Batavia"
  },
  {
    "unitid":431284,
    "name":"Graduate America College",
    "state":"TX",
    "city":"Garland"
  },
  {
    "unitid":436632,
    "name":"Gwinnett College",
    "state":"NC",
    "city":"Raleigh"
  },
  {
    "unitid":444714,
    "name":"Gwinnett College-Marietta Campus",
    "state":"GA",
    "city":"Marietta"
  },
  {
    "unitid":447689,
    "name":"Georgia Gwinnett College",
    "state":"GA",
    "city":"Lawrenceville"
  },
  {
    "unitid":449384,
    "name":"Gnomon",
    "state":"CA",
    "city":"Hollywood"
  },
  {
    "unitid":452948,
    "name":"Galen College of Nursing-Cincinnati",
    "state":"OH",
    "city":"Cincinnati"
  },
  {
    "unitid":456542,
    "name":"Geisinger Commonwealth School of Medicine",
    "state":"PA",
    "city":"Scranton"
  },
  {
    "unitid":459213,
    "name":"Gurnick Academy of Medical Arts",
    "state":"CA",
    "city":"San Mateo"
  },
  {
    "unitid":460385,
    "name":"Geisinger-Lewistown Hospital School of Nursing",
    "state":"PA",
    "city":"Lewistown"
  },
  {
    "unitid":461254,
    "name":"Galaxy Medical College",
    "state":"CA",
    "city":"North Hollywood"
  },
  {
    "unitid":481058,
    "name":"Grace Mission University",
    "state":"CA",
    "city":"Fullerton"
  },
  {
    "unitid":481401,
    "name":"Grace School of Theology",
    "state":"TX",
    "city":"Conroe"
  },
  {
    "unitid":483841,
    "name":"Grace International Beauty School",
    "state":"NY",
    "city":"Flushing"
  },
  {
    "unitid":485111,
    "name":"Georgia Military College",
    "state":"GA",
    "city":"Milledgeville"
  },
  {
    "unitid":485926,
    "name":"GA Beauty & Barber School",
    "state":"TX",
    "city":"McAllen"
  },
  {
    "unitid":486530,
    "name":"Gould's Academy",
    "state":"TN",
    "city":"Memphis"
  },
  {
    "unitid":488013,
    "name":"Garden State Science and Technology Institute",
    "state":"NJ",
    "city":"Jersey City"
  },
  {
    "unitid":488651,
    "name":"Glitz School of Cosmetology",
    "state":"NM",
    "city":"Las Cruces"
  },
  {
    "unitid":490090,
    "name":"Gadsden Technical College",
    "state":"FL",
    "city":"Quincy"
  },
  {
    "unitid":490559,
    "name":"Gwinnett Institute",
    "state":"FL",
    "city":"Orlando"
  },
  {
    "unitid":491181,
    "name":"Galen College of Nursing-ARH",
    "state":"KY",
    "city":"Hazard"
  },
  {
    "unitid":491729,
    "name":"Goshen School of Cosmetology",
    "state":"MS",
    "city":"Cleveland"
  },
  {
    "unitid":492281,
    "name":"GoodFellas Barber College",
    "state":"AR",
    "city":"Little Rock"
  },
  {
    "unitid":492935,
    "name":"Global Medical & Technical Training Institute",
    "state":"FL",
    "city":"Miami"
  },
  {
    "unitid":493150,
    "name":"Gould's Academy",
    "state":"TN",
    "city":"Bartlett"
  },
  {
    "unitid":493521,
    "name":"Global Tech College",
    "state":"OH",
    "city":"Toledo"
  },
  {
    "unitid":494551,
    "name":"Glasgow Caledonian New York College",
    "state":"NY",
    "city":"New York"
  },
  {
    "unitid":495110,
    "name":"Great Lakes Boat Building School",
    "state":"MI",
    "city":"Cedarville"
  },
  {
    "unitid":496991,
    "name":"Galen Health Institutes-Miami Campus",
    "state":"FL",
    "city":"Pembroke Pines"
  },
  {
    "unitid":497116,
    "name":"Galen Health Institutes-Austin Campus",
    "state":"TX",
    "city":"Austin"
  },
  {
    "unitid":497125,
    "name":"Galen Health Institutes-Nashville Campus",
    "state":"TN",
    "city":"Nashville"
  },
  {
    "unitid":497213,
    "name":"Great Northern University",
    "state":"WA",
    "city":"Spokane"
  },
  {
    "unitid":497338,
    "name":"Glendale Career College-North-West College-Bakersfield",
    "state":"CA",
    "city":"Bakersfield"
  },
  {
    "unitid":498076,
    "name":"Galen Health Institutes-Sarasota",
    "state":"FL",
    "city":"Sarasota"
  },
  {
    "unitid":498085,
    "name":"Galen Health Institutes-Gainesville",
    "state":"FL",
    "city":"Gainesville"
  },
  {
    "unitid":498094,
    "name":"Galen Health Institutes-Richmond",
    "state":"VA",
    "city":"Richmond"
  },
  {
    "unitid":498100,
    "name":"Galen Health Institutes-Myrtle Beach",
    "state":"SC",
    "city":"Myrtle Beach"
  },
  {
    "unitid":498119,
    "name":"Galen Health Institutes-Asheville",
    "state":"NC",
    "city":"Asheville"
  },
  {
    "unitid":498474,
    "name":"Galen Health Institutes-Houston",
    "state":"TX",
    "city":"Houston"
  },
  {
    "unitid":498483,
    "name":"Galen Health Institutes-Pikeville",
    "state":"KY",
    "city":"Pikeville"
  },
  {
    "unitid":499273,
    "name":"Galen Health Institutes-Dallas",
    "state":"Texas",
    "city":null
  },
  {
    "unitid":499282,
    "name":"Galen Health Institutes-Roanoke",
    "state":"Virginia",
    "city":null
  },
  {
    "unitid":499291,
    "name":"Galen Health Institutes-Wichita",
    "state":"Kansas",
    "city":null
  },
  {
    "unitid":499307,
    "name":"Galen Health Institutes-Salt Lake City",
    "state":"Utah",
    "city":null
  },
  {
    "unitid":499413,
    "name":"Glendale Career College-North-West College-MFSON",
    "state":"California",
    "city":null
  },
  {
    "unitid":499495,
    "name":"Gwinnett Institute",
    "state":"Florida",
    "city":null
  },
  {
    "unitid":499671,
    "name":"Galen Health Institutes-Las Vegas",
    "state":"Nevada",
    "city":null
  }
]