[
  {
    "unitid":113449,
    "name":"International School of Beauty Inc",
    "state":"CA",
    "city":"Palm Desert"
  },
  {
    "unitid":115861,
    "name":"Imperial Valley College",
    "state":"CA",
    "city":"Imperial"
  },
  {
    "unitid":115931,
    "name":"Institute for Business and Technology",
    "state":"CA",
    "city":"Santa Clara"
  },
  {
    "unitid":116226,
    "name":"Interior Designers Institute",
    "state":"CA",
    "city":"Newport Beach"
  },
  {
    "unitid":116350,
    "name":"International School of Cosmetology",
    "state":"CA",
    "city":"Los Angeles"
  },
  {
    "unitid":116439,
    "name":"Irvine Valley College",
    "state":"CA",
    "city":"Irvine"
  },
  {
    "unitid":127273,
    "name":"Iliff School of Theology",
    "state":"CO",
    "city":"Denver"
  },
  {
    "unitid":127316,
    "name":"International Salon and Spa Academy",
    "state":"CO",
    "city":"Colorado Springs"
  },
  {
    "unitid":128179,
    "name":"Intellitec College-Colorado Springs",
    "state":"CO",
    "city":"Colorado Springs"
  },
  {
    "unitid":128188,
    "name":"Intellitec College-Grand Junction",
    "state":"CO",
    "city":"Grand Junction"
  },
  {
    "unitid":134608,
    "name":"Indian River State College",
    "state":"FL",
    "city":"Fort Pierce"
  },
  {
    "unitid":134714,
    "name":"International Academy",
    "state":"FL",
    "city":"South Daytona"
  },
  {
    "unitid":138655,
    "name":"Interactive College of Technology-Chamblee",
    "state":"GA",
    "city":"Chamblee"
  },
  {
    "unitid":138664,
    "name":"Interactive College of Technology-Morrow",
    "state":"GA",
    "city":"Morrow"
  },
  {
    "unitid":140146,
    "name":"Interdenominational Theological Center",
    "state":"GA",
    "city":"Atlanta"
  },
  {
    "unitid":142276,
    "name":"Idaho State University",
    "state":"ID",
    "city":"Pocatello"
  },
  {
    "unitid":145628,
    "name":"Illinois College of Optometry",
    "state":"IL",
    "city":"Chicago"
  },
  {
    "unitid":145646,
    "name":"Illinois Wesleyan University",
    "state":"IL",
    "city":"Bloomington"
  },
  {
    "unitid":145682,
    "name":"Illinois Central College",
    "state":"IL",
    "city":"East Peoria"
  },
  {
    "unitid":145691,
    "name":"Illinois College",
    "state":"IL",
    "city":"Jacksonville"
  },
  {
    "unitid":145725,
    "name":"Illinois Institute of Technology",
    "state":"IL",
    "city":"Chicago"
  },
  {
    "unitid":145813,
    "name":"Illinois State University",
    "state":"IL",
    "city":"Normal"
  },
  {
    "unitid":145831,
    "name":"Illinois Valley Community College",
    "state":"IL",
    "city":"Oglesby"
  },
  {
    "unitid":145886,
    "name":"Institute for Clinical Social Work",
    "state":"IL",
    "city":"Chicago"
  },
  {
    "unitid":150987,
    "name":"Ivy Tech Community College",
    "state":"IN",
    "city":"Indianapolis"
  },
  {
    "unitid":151111,
    "name":"Indiana University-Indianapolis",
    "state":"IN",
    "city":"Indianapolis"
  },
  {
    "unitid":151290,
    "name":"Indiana Institute of Technology",
    "state":"IN",
    "city":"Fort Wayne"
  },
  {
    "unitid":151324,
    "name":"Indiana State University",
    "state":"IN",
    "city":"Terre Haute"
  },
  {
    "unitid":151333,
    "name":"Indiana University-Kokomo",
    "state":"IN",
    "city":"Kokomo"
  },
  {
    "unitid":151342,
    "name":"Indiana University-South Bend",
    "state":"IN",
    "city":"South Bend"
  },
  {
    "unitid":151351,
    "name":"Indiana University-Bloomington",
    "state":"IN",
    "city":"Bloomington"
  },
  {
    "unitid":151360,
    "name":"Indiana University-Northwest",
    "state":"IN",
    "city":"Gary"
  },
  {
    "unitid":151379,
    "name":"Indiana University-Southeast",
    "state":"IN",
    "city":"New Albany"
  },
  {
    "unitid":151388,
    "name":"Indiana University-East",
    "state":"IN",
    "city":"Richmond"
  },
  {
    "unitid":151467,
    "name":"International Business College-Indianapolis",
    "state":"IN",
    "city":"Indianapolis"
  },
  {
    "unitid":151801,
    "name":"Indiana Wesleyan University-Marion",
    "state":"IN",
    "city":"Marion"
  },
  {
    "unitid":153472,
    "name":"Indian Hills Community College",
    "state":"IA",
    "city":"Ottumwa"
  },
  {
    "unitid":153524,
    "name":"Iowa Central Community College",
    "state":"IA",
    "city":"Fort Dodge"
  },
  {
    "unitid":153533,
    "name":"Iowa Lakes Community College",
    "state":"IA",
    "city":"Estherville"
  },
  {
    "unitid":153597,
    "name":"Iowa School of Beauty-Des Moines",
    "state":"IA",
    "city":"Des Moines"
  },
  {
    "unitid":153603,
    "name":"Iowa State University",
    "state":"IA",
    "city":"Ames"
  },
  {
    "unitid":153621,
    "name":"Iowa Wesleyan University",
    "state":"IA",
    "city":"Mount Pleasant"
  },
  {
    "unitid":153630,
    "name":"Iowa Western Community College",
    "state":"IA",
    "city":"Council Bluffs"
  },
  {
    "unitid":154457,
    "name":"Iowa School of Beauty-Sioux City",
    "state":"IA",
    "city":"Sioux City"
  },
  {
    "unitid":155201,
    "name":"Independence Community College",
    "state":"KS",
    "city":"Independence"
  },
  {
    "unitid":159197,
    "name":"ITI Technical College",
    "state":"LA",
    "city":"Baton Rouge"
  },
  {
    "unitid":173799,
    "name":"Inver Hills Community College",
    "state":"MN",
    "city":"Inver Grove Heights"
  },
  {
    "unitid":175829,
    "name":"Itawamba Community College",
    "state":"MS",
    "city":"Fulton"
  },
  {
    "unitid":187745,
    "name":"Institute of American Indian and Alaska Native Culture and Arts Development",
    "state":"NM",
    "city":"Santa Fe"
  },
  {
    "unitid":191931,
    "name":"Iona University",
    "state":"NY",
    "city":"New Rochelle"
  },
  {
    "unitid":191940,
    "name":"Isabella Graham Hart School of Practical Nursing",
    "state":"NY",
    "city":"Rochester"
  },
  {
    "unitid":191959,
    "name":"Island Drafting and Technical Institute",
    "state":"NY",
    "city":"Amityville"
  },
  {
    "unitid":191968,
    "name":"Ithaca College",
    "state":"NY",
    "city":"Ithaca"
  },
  {
    "unitid":193405,
    "name":"Icahn School of Medicine at Mount Sinai",
    "state":"NY",
    "city":"New York"
  },
  {
    "unitid":198710,
    "name":"Isothermal Community College",
    "state":"NC",
    "city":"Spindale"
  },
  {
    "unitid":203289,
    "name":"International College of Broadcasting",
    "state":"OH",
    "city":"Dayton"
  },
  {
    "unitid":213011,
    "name":"Immaculata University",
    "state":"PA",
    "city":"Immaculata"
  },
  {
    "unitid":213020,
    "name":"Indiana University of Pennsylvania-Main Campus",
    "state":"PA",
    "city":"Indiana"
  },
  {
    "unitid":235501,
    "name":"International Air and Hospitality Academy",
    "state":"WA",
    "city":"Vancouver"
  },
  {
    "unitid":238005,
    "name":"International Beauty School 4",
    "state":"WV",
    "city":"Martinsburg"
  },
  {
    "unitid":240879,
    "name":"Institute of Beauty Careers",
    "state":"PR",
    "city":"Arecibo"
  },
  {
    "unitid":242042,
    "name":"Instituto Tecnologico de Puerto Rico-Recinto de Manati",
    "state":"PR",
    "city":"Manati"
  },
  {
    "unitid":242130,
    "name":"ICPR Junior College-Arecibo",
    "state":"PR",
    "city":"Arecibo"
  },
  {
    "unitid":242149,
    "name":"ICPR Junior College-Mayaguez",
    "state":"PR",
    "city":"Mayaguez"
  },
  {
    "unitid":242556,
    "name":"Instituto Tecnologico de Puerto Rico-Recinto de Guayama",
    "state":"PR",
    "city":"Guayama"
  },
  {
    "unitid":242583,
    "name":"Instituto Tecnologico de Puerto Rico-Recinto de San Juan",
    "state":"PR",
    "city":"San Juan"
  },
  {
    "unitid":242617,
    "name":"Inter American University of Puerto Rico-San German",
    "state":"PR",
    "city":"San German"
  },
  {
    "unitid":242626,
    "name":"Inter American University of Puerto Rico-Aguadilla",
    "state":"PR",
    "city":"Aguadilla"
  },
  {
    "unitid":242635,
    "name":"Inter American University of Puerto Rico-Arecibo",
    "state":"PR",
    "city":"Arecibo"
  },
  {
    "unitid":242644,
    "name":"Inter American University of Puerto Rico-Barranquitas",
    "state":"PR",
    "city":"Barranquitas"
  },
  {
    "unitid":242653,
    "name":"Inter American University of Puerto Rico-Metro",
    "state":"PR",
    "city":"San Juan"
  },
  {
    "unitid":242662,
    "name":"Inter American University of Puerto Rico-Ponce",
    "state":"PR",
    "city":"Mercedita"
  },
  {
    "unitid":242671,
    "name":"Inter American University of Puerto Rico-Central Office",
    "state":"Puerto Rico",
    "city":null
  },
  {
    "unitid":242680,
    "name":"Inter American University of Puerto Rico-Fajardo",
    "state":"PR",
    "city":"Fajardo"
  },
  {
    "unitid":242699,
    "name":"Inter American University of Puerto Rico-Guayama",
    "state":"PR",
    "city":"Guayama"
  },
  {
    "unitid":242705,
    "name":"Inter American University of Puerto Rico-Bayamon",
    "state":"PR",
    "city":"Bayamon"
  },
  {
    "unitid":242723,
    "name":"Inter American University of Puerto Rico-School of Law",
    "state":"PR",
    "city":"San Juan"
  },
  {
    "unitid":243841,
    "name":"ICPR Junior College",
    "state":"PR",
    "city":"Hato Rey"
  },
  {
    "unitid":365091,
    "name":"International School of Skin Nailcare & Massage Therapy",
    "state":"GA",
    "city":"Sandy Springs"
  },
  {
    "unitid":366289,
    "name":"InterCoast Colleges-Santa Ana",
    "state":"CA",
    "city":"Santa Ana"
  },
  {
    "unitid":367103,
    "name":"Interactive College of Technology-Newport",
    "state":"KY",
    "city":"Newport"
  },
  {
    "unitid":367361,
    "name":"Interactive College of Technology",
    "state":"TX",
    "city":"Houston"
  },
  {
    "unitid":372329,
    "name":"IBMC College",
    "state":"CO",
    "city":"Fort Collins"
  },
  {
    "unitid":376288,
    "name":"Institucion Chaviano de Mayaguez",
    "state":"PR",
    "city":"Mayaguez"
  },
  {
    "unitid":404222,
    "name":"Inter American University of Puerto Rico-School of Optometry",
    "state":"PR",
    "city":"Bayamon"
  },
  {
    "unitid":415057,
    "name":"Industrial Management Training Institute",
    "state":"CT",
    "city":"Waterbury"
  },
  {
    "unitid":418296,
    "name":"Indian Capital Technology Center-Muskogee",
    "state":"OK",
    "city":"Muskogee"
  },
  {
    "unitid":418560,
    "name":"Indiana County Technology Center",
    "state":"PA",
    "city":"Indiana"
  },
  {
    "unitid":419253,
    "name":"Illinois Media School",
    "state":"IL",
    "city":"Lombard"
  },
  {
    "unitid":431141,
    "name":"Institute of Technology",
    "state":"CA",
    "city":"Clovis"
  },
  {
    "unitid":434584,
    "name":"Ilisagvik College",
    "state":"AK",
    "city":"Barrow"
  },
  {
    "unitid":436614,
    "name":"International Baptist College and Seminary",
    "state":"AZ",
    "city":"Chandler"
  },
  {
    "unitid":437237,
    "name":"IYRS School of Technology & Trades",
    "state":"RI",
    "city":"Newport"
  },
  {
    "unitid":438984,
    "name":"IVAEM College",
    "state":"PR",
    "city":"Caguas"
  },
  {
    "unitid":439686,
    "name":"International Training Careers",
    "state":"FL",
    "city":"Miami"
  },
  {
    "unitid":440776,
    "name":"Interactive College of Technology",
    "state":"TX",
    "city":"Pasadena"
  },
  {
    "unitid":441238,
    "name":"Irell & Manella Graduate School of Biological Sciences at City of Hope",
    "state":"CA",
    "city":"Duarte"
  },
  {
    "unitid":441663,
    "name":"Institute of Technology",
    "state":"OR",
    "city":"Salem"
  },
  {
    "unitid":442435,
    "name":"Interactive College of Technology-Gainesville",
    "state":"GA",
    "city":"Gainesville"
  },
  {
    "unitid":442888,
    "name":"InterCoast Colleges-Riverside",
    "state":"CA",
    "city":"Riverside"
  },
  {
    "unitid":443137,
    "name":"Irene's Myomassology Institute",
    "state":"MI",
    "city":"Southfield"
  },
  {
    "unitid":443368,
    "name":"Illinois Eastern Community College-System Office",
    "state":"Illinois",
    "city":null
  },
  {
    "unitid":443571,
    "name":"InterCoast Colleges-West Covina",
    "state":"CA",
    "city":"W. Covina"
  },
  {
    "unitid":443696,
    "name":"Interactive College of Technology",
    "state":"TX",
    "city":"Houston"
  },
  {
    "unitid":444671,
    "name":"Industrial Technical College",
    "state":"PR",
    "city":"Humacao"
  },
  {
    "unitid":444699,
    "name":"Institute of Clinical Acupuncture & Oriental Med",
    "state":"HI",
    "city":"Honolulu"
  },
  {
    "unitid":448691,
    "name":"International Institute for Restorative Practices",
    "state":"PA",
    "city":"Bethlehem"
  },
  {
    "unitid":449597,
    "name":"Ideal Beauty Academy",
    "state":"IN",
    "city":"Jeffersonville"
  },
  {
    "unitid":451501,
    "name":"Instituto Educativo Premier",
    "state":"PR",
    "city":"Ponce"
  },
  {
    "unitid":453297,
    "name":"International Culinary Arts and Sciences Institute",
    "state":"OH",
    "city":"Chesterland"
  },
  {
    "unitid":454838,
    "name":"Institute of Taoist Education and Acupuncture",
    "state":"CO",
    "city":"Louisville"
  },
  {
    "unitid":455804,
    "name":"Institute of World Politics",
    "state":"DC",
    "city":"Washington"
  },
  {
    "unitid":457208,
    "name":"InterCoast Colleges-Rancho Cordova",
    "state":"CA",
    "city":"Rancho Cordova"
  },
  {
    "unitid":457341,
    "name":"International Institute of Cosmetology",
    "state":"CT",
    "city":"Wethersfield"
  },
  {
    "unitid":457387,
    "name":"Immokalee Technical College",
    "state":"FL",
    "city":"Immokalee"
  },
  {
    "unitid":457554,
    "name":"Innovations Design Academy",
    "state":"IL",
    "city":"Canton"
  },
  {
    "unitid":457785,
    "name":"International Academy of Style",
    "state":"NV",
    "city":"Reno"
  },
  {
    "unitid":457819,
    "name":"Institute of Culinary Education",
    "state":"NY",
    "city":"New York"
  },
  {
    "unitid":458122,
    "name":"Institute of Advanced Medical Esthetics",
    "state":"VA",
    "city":"Ashland"
  },
  {
    "unitid":460145,
    "name":"Illinois Media School-Chicago Campus",
    "state":"IL",
    "city":"Chicago"
  },
  {
    "unitid":460677,
    "name":"ICPR Junior College",
    "state":"PR",
    "city":"Manati"
  },
  {
    "unitid":460808,
    "name":"Integrated Massage Therapy Services",
    "state":"ID",
    "city":"Blackfoot"
  },
  {
    "unitid":461175,
    "name":"International College of Cosmetology",
    "state":"CA",
    "city":"Oakland"
  },
  {
    "unitid":461218,
    "name":"Institute of Medical Careers",
    "state":"PA",
    "city":"Pittsburgh"
  },
  {
    "unitid":462044,
    "name":"Institute for Doctoral Studies in the Visual Arts",
    "state":"ME",
    "city":"Portland"
  },
  {
    "unitid":462336,
    "name":"International College of Beauty Arts & Sciences",
    "state":"CA",
    "city":"Los Angeles"
  },
  {
    "unitid":480161,
    "name":"Ideal Beauty Academy",
    "state":"KY",
    "city":"Louisville"
  },
  {
    "unitid":480347,
    "name":"International School of Cosmetology",
    "state":"AZ",
    "city":"Scottsdale"
  },
  {
    "unitid":481207,
    "name":"Institute of Health Sciences",
    "state":"MD",
    "city":"Hunt Valley"
  },
  {
    "unitid":481960,
    "name":"InterCoast Colleges-Fairfield",
    "state":"CA",
    "city":"Fairfield"
  },
  {
    "unitid":483106,
    "name":"Innovate Salon Academy",
    "state":"NJ",
    "city":"South Plainfield"
  },
  {
    "unitid":483373,
    "name":"Integrity College of Health",
    "state":"CA",
    "city":"Pasadena"
  },
  {
    "unitid":483869,
    "name":"InterAmerican Technical Institute",
    "state":"FL",
    "city":"Miami"
  },
  {
    "unitid":485564,
    "name":"Infinity College",
    "state":"LA",
    "city":"Lafayette"
  },
  {
    "unitid":487922,
    "name":"Image Maker Beauty Institute",
    "state":"TN",
    "city":"Hendersonville"
  },
  {
    "unitid":488378,
    "name":"International Beauty Education Center",
    "state":"WA",
    "city":"Airway Heights"
  },
  {
    "unitid":488420,
    "name":"Indiana Wellness College",
    "state":"IN",
    "city":"Carmel"
  },
  {
    "unitid":488679,
    "name":"Indiana Wesleyan University-National & Global",
    "state":"IN",
    "city":"Marion"
  },
  {
    "unitid":489335,
    "name":"Institute of Buddhist Studies",
    "state":"CA",
    "city":"Berkeley"
  },
  {
    "unitid":491570,
    "name":"Institute of Medical Ultrasound",
    "state":"GA",
    "city":"Atlanta"
  },
  {
    "unitid":491659,
    "name":"ICOHS College",
    "state":"CA",
    "city":"San Diego"
  },
  {
    "unitid":491686,
    "name":"International Barber College",
    "state":"AZ",
    "city":"Chandler"
  },
  {
    "unitid":491738,
    "name":"IBS School of Cosmetology and Massage",
    "state":"HI",
    "city":"Kahului"
  },
  {
    "unitid":491880,
    "name":"Independent Training & Apprenticeship Program",
    "state":"CA",
    "city":"Sacramento"
  },
  {
    "unitid":491932,
    "name":"Installer Institute",
    "state":"FL",
    "city":"Holly Hill"
  },
  {
    "unitid":492731,
    "name":"Innovate Salon Academy",
    "state":"NJ",
    "city":"Ewing"
  },
  {
    "unitid":492962,
    "name":"Indiana Institute of Technology-College of Professional Studies",
    "state":"IN",
    "city":"Fort Wayne"
  },
  {
    "unitid":493080,
    "name":"Institute of Culinary Education",
    "state":"CA",
    "city":"Pasadena"
  },
  {
    "unitid":493363,
    "name":"Institute of Lutheran Theology",
    "state":"South Dakota",
    "city":null
  },
  {
    "unitid":493947,
    "name":"Idaho College of Osteopathic Medicine",
    "state":"ID",
    "city":"Meridian"
  },
  {
    "unitid":495280,
    "name":"Indian Bible College",
    "state":"AZ",
    "city":"Flagstaff"
  },
  {
    "unitid":496751,
    "name":"Institute of Allied Healthcare",
    "state":"TX",
    "city":"San Antonio"
  },
  {
    "unitid":499130,
    "name":"Innovate Salon Academy",
    "state":"New Jersey",
    "city":null
  }
]