[
  {
    "unitid":101912,
    "name":"Oakwood University",
    "state":"AL",
    "city":"Huntsville"
  },
  {
    "unitid":107512,
    "name":"Ouachita Baptist University",
    "state":"AR",
    "city":"Arkadelphia"
  },
  {
    "unitid":107549,
    "name":"Ozarka College",
    "state":"AR",
    "city":"Melbourne"
  },
  {
    "unitid":120254,
    "name":"Occidental College",
    "state":"CA",
    "city":"Los Angeles"
  },
  {
    "unitid":120290,
    "name":"Ohlone College",
    "state":"CA",
    "city":"Fremont"
  },
  {
    "unitid":120342,
    "name":"Orange Coast College",
    "state":"CA",
    "city":"Costa Mesa"
  },
  {
    "unitid":120403,
    "name":"Otis College of Art and Design",
    "state":"CA",
    "city":"Los Angeles"
  },
  {
    "unitid":120421,
    "name":"Oxnard College",
    "state":"CA",
    "city":"Oxnard"
  },
  {
    "unitid":127778,
    "name":"Otero College",
    "state":"CO",
    "city":"La Junta"
  },
  {
    "unitid":135735,
    "name":"Orange Technical College-South Campus",
    "state":"FL",
    "city":"Orlando"
  },
  {
    "unitid":136303,
    "name":"Orange Technical College",
    "state":"FL",
    "city":"Orlando"
  },
  {
    "unitid":138372,
    "name":"Orange Technical College-West Campus",
    "state":"FL",
    "city":"Winter Garden"
  },
  {
    "unitid":138488,
    "name":"Orange Technical College-East Campus",
    "state":"FL",
    "city":"Winter Park"
  },
  {
    "unitid":140696,
    "name":"Oglethorpe University",
    "state":"GA",
    "city":"Atlanta"
  },
  {
    "unitid":145707,
    "name":"Olney Central College",
    "state":"IL",
    "city":"Olney"
  },
  {
    "unitid":147800,
    "name":"Oakton College",
    "state":"IL",
    "city":"Des Plaines"
  },
  {
    "unitid":147819,
    "name":"Oehrlein School of Cosmetology",
    "state":"IL",
    "city":"East Peoria"
  },
  {
    "unitid":147828,
    "name":"Olivet Nazarene University",
    "state":"IL",
    "city":"Bourbonnais"
  },
  {
    "unitid":149763,
    "name":"Oak Point University",
    "state":"IL",
    "city":"Oak Brook"
  },
  {
    "unitid":152099,
    "name":"Oakland City University",
    "state":"IN",
    "city":"Oakland City"
  },
  {
    "unitid":153427,
    "name":"Orion Technical College",
    "state":"IA",
    "city":"Davenport"
  },
  {
    "unitid":155353,
    "name":"Old Town Barber College-Wichita",
    "state":"KS",
    "city":"Wichita"
  },
  {
    "unitid":155627,
    "name":"Ottawa University-Ottawa",
    "state":"KS",
    "city":"Ottawa"
  },
  {
    "unitid":155636,
    "name":"Ottawa University-Kansas City",
    "state":"KS",
    "city":"Overland Park"
  },
  {
    "unitid":159601,
    "name":"Opelousas School of Cosmetology",
    "state":"LA",
    "city":"Opelousas"
  },
  {
    "unitid":171535,
    "name":"Oakland Community College",
    "state":"MI",
    "city":"Auburn Hills"
  },
  {
    "unitid":171571,
    "name":"Oakland University",
    "state":"MI",
    "city":"Rochester Hills"
  },
  {
    "unitid":174525,
    "name":"Oak Hills Christian College",
    "state":"MN",
    "city":"Bemidji"
  },
  {
    "unitid":177472,
    "name":"Ozarks Technical Community College",
    "state":"MO",
    "city":"Springfield"
  },
  {
    "unitid":178679,
    "name":"Ozark Christian College",
    "state":"MO",
    "city":"Joplin"
  },
  {
    "unitid":185873,
    "name":"Ocean County College",
    "state":"NJ",
    "city":"Toms River"
  },
  {
    "unitid":187505,
    "name":"Olympian Academy of Cosmetology",
    "state":"NM",
    "city":"Alamogordo"
  },
  {
    "unitid":194189,
    "name":"Ohr Hameir Theological Seminary",
    "state":"NY",
    "city":"Peekskill"
  },
  {
    "unitid":194222,
    "name":"Onondaga Community College",
    "state":"NY",
    "city":"Syracuse"
  },
  {
    "unitid":194240,
    "name":"Orange County Community College",
    "state":"NY",
    "city":"Middletown"
  },
  {
    "unitid":194259,
    "name":"Otsego Area BOCES-Practical Nursing Program",
    "state":"NY",
    "city":"Oneonta"
  },
  {
    "unitid":201964,
    "name":"Ohio Christian University",
    "state":"OH",
    "city":"Circleville"
  },
  {
    "unitid":203720,
    "name":"Ohio Business College-Sheffield",
    "state":"OH",
    "city":"Sheffield Village"
  },
  {
    "unitid":203739,
    "name":"Ohio Business College-Sandusky",
    "state":"OH",
    "city":"Sandusky"
  },
  {
    "unitid":204501,
    "name":"Oberlin College",
    "state":"OH",
    "city":"Oberlin"
  },
  {
    "unitid":204608,
    "name":"Ohio Technical College",
    "state":"OH",
    "city":"Cleveland"
  },
  {
    "unitid":204617,
    "name":"Ohio Dominican University",
    "state":"OH",
    "city":"Columbus"
  },
  {
    "unitid":204635,
    "name":"Ohio Northern University",
    "state":"OH",
    "city":"Ada"
  },
  {
    "unitid":204662,
    "name":"Ohio State University Agricultural Technical Institute",
    "state":"OH",
    "city":"Wooster"
  },
  {
    "unitid":204671,
    "name":"Ohio State University-Lima Campus",
    "state":"OH",
    "city":"Lima"
  },
  {
    "unitid":204680,
    "name":"Ohio State University-Mansfield Campus",
    "state":"OH",
    "city":"Mansfield"
  },
  {
    "unitid":204699,
    "name":"Ohio State University-Marion Campus",
    "state":"OH",
    "city":"Marion"
  },
  {
    "unitid":204705,
    "name":"Ohio State University-Newark Campus",
    "state":"OH",
    "city":"Newark"
  },
  {
    "unitid":204714,
    "name":"Ohio State Beauty Academy",
    "state":"OH",
    "city":"Lima"
  },
  {
    "unitid":204723,
    "name":"Ohio State College of Barber Styling",
    "state":"OH",
    "city":"Columbus"
  },
  {
    "unitid":204778,
    "name":"Ohio State School of Cosmetology-Canal Winchester",
    "state":"OH",
    "city":"CANAL WINCHESTER"
  },
  {
    "unitid":204796,
    "name":"Ohio State University-Main Campus",
    "state":"OH",
    "city":"Columbus"
  },
  {
    "unitid":204802,
    "name":"Ohio University-Eastern Campus",
    "state":"OH",
    "city":"Saint Clairsville"
  },
  {
    "unitid":204820,
    "name":"Ohio University-Chillicothe Campus",
    "state":"OH",
    "city":"Chillicothe"
  },
  {
    "unitid":204839,
    "name":"Ohio University-Southern Campus",
    "state":"OH",
    "city":"Ironton"
  },
  {
    "unitid":204848,
    "name":"Ohio University-Lancaster Campus",
    "state":"OH",
    "city":"Lancaster"
  },
  {
    "unitid":204857,
    "name":"Ohio University-Main Campus",
    "state":"OH",
    "city":"Athens"
  },
  {
    "unitid":204866,
    "name":"Ohio University-Zanesville Campus",
    "state":"OH",
    "city":"Zanesville"
  },
  {
    "unitid":204909,
    "name":"Ohio Wesleyan University",
    "state":"OH",
    "city":"Delaware"
  },
  {
    "unitid":204936,
    "name":"Otterbein University",
    "state":"OH",
    "city":"Westerville"
  },
  {
    "unitid":204945,
    "name":"Owens Community College",
    "state":"OH",
    "city":"Perrysburg"
  },
  {
    "unitid":206835,
    "name":"Oklahoma Wesleyan University",
    "state":"OK",
    "city":"Bartlesville"
  },
  {
    "unitid":207315,
    "name":"Oklahoma State University Center for Health Sciences",
    "state":"OK",
    "city":"Tulsa"
  },
  {
    "unitid":207324,
    "name":"Oklahoma Christian University",
    "state":"OK",
    "city":"Edmond"
  },
  {
    "unitid":207351,
    "name":"Oklahoma Panhandle State University",
    "state":"OK",
    "city":"Goodwell"
  },
  {
    "unitid":207388,
    "name":"Oklahoma State University-Main Campus",
    "state":"OK",
    "city":"Stillwater"
  },
  {
    "unitid":207397,
    "name":"Oklahoma State University-Oklahoma City",
    "state":"OK",
    "city":"Oklahoma City"
  },
  {
    "unitid":207403,
    "name":"Oklahoma Baptist University",
    "state":"OK",
    "city":"Shawnee"
  },
  {
    "unitid":207449,
    "name":"Oklahoma City Community College",
    "state":"OK",
    "city":"Oklahoma City"
  },
  {
    "unitid":207458,
    "name":"Oklahoma City University",
    "state":"OK",
    "city":"Oklahoma City"
  },
  {
    "unitid":207564,
    "name":"Oklahoma State University Institute of Technology",
    "state":"OK",
    "city":"Okmulgee"
  },
  {
    "unitid":207582,
    "name":"Oral Roberts University",
    "state":"OK",
    "city":"Tulsa"
  },
  {
    "unitid":209490,
    "name":"Oregon Health & Science University",
    "state":"OR",
    "city":"Portland"
  },
  {
    "unitid":209506,
    "name":"Oregon Institute of Technology",
    "state":"OR",
    "city":"Klamath Falls"
  },
  {
    "unitid":209542,
    "name":"Oregon State University",
    "state":"OR",
    "city":"Corvallis"
  },
  {
    "unitid":214528,
    "name":"Orleans Technical College",
    "state":"PA",
    "city":"Philadelphia"
  },
  {
    "unitid":218487,
    "name":"Orangeburg Calhoun Technical College",
    "state":"SC",
    "city":"Orangeburg"
  },
  {
    "unitid":219277,
    "name":"Oglala Lakota College",
    "state":"SD",
    "city":"Kyle"
  },
  {
    "unitid":227289,
    "name":"Oblate School of Theology",
    "state":"TX",
    "city":"San Antonio"
  },
  {
    "unitid":227298,
    "name":"Ocean Corporation",
    "state":"TX",
    "city":"Houston"
  },
  {
    "unitid":227304,
    "name":"Odessa College",
    "state":"TX",
    "city":"Odessa"
  },
  {
    "unitid":227313,
    "name":"Ogle School Hair Skin Nails-Arlington",
    "state":"TX",
    "city":"Arlington"
  },
  {
    "unitid":227322,
    "name":"Ogle School Hair Skin Nails-Ft Worth",
    "state":"TX",
    "city":"Fort Worth"
  },
  {
    "unitid":227331,
    "name":"Our Lady of the Lake University",
    "state":"TX",
    "city":"San Antonio"
  },
  {
    "unitid":230490,
    "name":"Ogden-Weber Technical College",
    "state":"UT",
    "city":"Ogden"
  },
  {
    "unitid":231004,
    "name":"O'Briens Aveda Institute",
    "state":"VT",
    "city":"Williston"
  },
  {
    "unitid":232982,
    "name":"Old Dominion University",
    "state":"VA",
    "city":"Norfolk"
  },
  {
    "unitid":236188,
    "name":"Olympic College",
    "state":"WA",
    "city":"Bremerton"
  },
  {
    "unitid":247940,
    "name":"Owensboro Community and Technical College",
    "state":"KY",
    "city":"Owensboro"
  },
  {
    "unitid":248703,
    "name":"Ogle School Hair Skin Nails-Hurst",
    "state":"TX",
    "city":"Hurst"
  },
  {
    "unitid":366465,
    "name":"Ogeechee Technical College",
    "state":"GA",
    "city":"Statesboro"
  },
  {
    "unitid":369659,
    "name":"Oregon College of Oriental Medicine",
    "state":"OR",
    "city":"Portland"
  },
  {
    "unitid":381404,
    "name":"Ogle School Hair Skin Nails-Dallas",
    "state":"TX",
    "city":"Dallas"
  },
  {
    "unitid":405012,
    "name":"Ohio State School of Cosmetology-Heath",
    "state":"OH",
    "city":"Heath"
  },
  {
    "unitid":407434,
    "name":"Orlo School of Hair Design and Cosmetology",
    "state":"NY",
    "city":"Albany"
  },
  {
    "unitid":410797,
    "name":"Ohio Media School-Valley View",
    "state":"OH",
    "city":"Valley View"
  },
  {
    "unitid":417992,
    "name":"Orange Ulster BOCES-Practical Nursing Program",
    "state":"NY",
    "city":"Newburgh"
  },
  {
    "unitid":418269,
    "name":"Ohio Media School-Cincinnati",
    "state":"OH",
    "city":"Norwood"
  },
  {
    "unitid":420431,
    "name":"Oconee Fall Line Technical College",
    "state":"GA",
    "city":"Sandersville"
  },
  {
    "unitid":423652,
    "name":"Oregon Coast Community College",
    "state":"OR",
    "city":"Newport"
  },
  {
    "unitid":427991,
    "name":"Osceola Technical College",
    "state":"FL",
    "city":"Kissimmee"
  },
  {
    "unitid":428259,
    "name":"Ottawa University-Milwaukee",
    "state":"WI",
    "city":"Brookfield"
  },
  {
    "unitid":431716,
    "name":"Ocean County Vocational-Technical School",
    "state":"NJ",
    "city":"Toms River"
  },
  {
    "unitid":433068,
    "name":"Okaloosa Technical College",
    "state":"FL",
    "city":"Fort Walton Beach"
  },
  {
    "unitid":439844,
    "name":"Omega Institute of Cosmetology",
    "state":"LA",
    "city":"Houma"
  },
  {
    "unitid":440730,
    "name":"Onondaga Cortland Madison BOCES",
    "state":"NY",
    "city":"Liverpool"
  },
  {
    "unitid":440828,
    "name":"Oregon State University-Cascades Campus",
    "state":"OR",
    "city":"Bend"
  },
  {
    "unitid":441593,
    "name":"Orleans Niagara BOCES-Practical Nursing Program",
    "state":"NY",
    "city":"Lockport"
  },
  {
    "unitid":444635,
    "name":"Orion Institute",
    "state":"OH",
    "city":"Perrysburg"
  },
  {
    "unitid":453756,
    "name":"Ohio Media School-Columbus",
    "state":"OH",
    "city":"Columbus"
  },
  {
    "unitid":453792,
    "name":"Ohio Medical Career College",
    "state":"OH",
    "city":"Dayton"
  },
  {
    "unitid":454582,
    "name":"Ottawa University-Online",
    "state":"KS",
    "city":"Ottawa"
  },
  {
    "unitid":455026,
    "name":"Omega Studios' School of Applied Recording Arts & Sciences",
    "state":"MD",
    "city":"Rockville"
  },
  {
    "unitid":455798,
    "name":"Oxford Academy of Hair Design Inc",
    "state":"CT",
    "city":"Seymour"
  },
  {
    "unitid":455859,
    "name":"Oliver Finley Academy of Cosmetology",
    "state":"ID",
    "city":"Boise"
  },
  {
    "unitid":460978,
    "name":"Ogle School Hair Skin Nails-North Dallas",
    "state":"TX",
    "city":"Dallas"
  },
  {
    "unitid":461120,
    "name":"Omega Graduate School",
    "state":"TN",
    "city":"Dayton"
  },
  {
    "unitid":464226,
    "name":"Ottawa University-Surprise",
    "state":"AZ",
    "city":"Surprise"
  },
  {
    "unitid":469629,
    "name":"Oklahoma Technical College",
    "state":"OK",
    "city":"Tulsa"
  },
  {
    "unitid":478591,
    "name":"Ogle School Hair Skin Nails-Denton",
    "state":"TX",
    "city":"Denton"
  },
  {
    "unitid":480125,
    "name":"Ogle School Hair Skin Nails-San Antonio",
    "state":"TX",
    "city":"San Antonio"
  },
  {
    "unitid":483647,
    "name":"Ohio Institute of Allied Health",
    "state":"OH",
    "city":"Huber Heights"
  },
  {
    "unitid":484604,
    "name":"Ogle School Hair Skin Nails-Stafford",
    "state":"TX",
    "city":"Stafford"
  },
  {
    "unitid":493646,
    "name":"Ohel Margulia Seminary",
    "state":"NY",
    "city":"Monsey"
  },
  {
    "unitid":495059,
    "name":"Oak Valley College",
    "state":"CA",
    "city":"Rialto"
  },
  {
    "unitid":497073,
    "name":"Ogle School Hair Skin Nails-Willowbrook",
    "state":"TX",
    "city":"Houston"
  },
  {
    "unitid":497161,
    "name":"Ohio Business College-Dayton-Driving Academy",
    "state":"OH",
    "city":"Trotwood"
  },
  {
    "unitid":498881,
    "name":"One Stop Academy",
    "state":"North Carolina",
    "city":null
  }
]