[
  {
    "unitid":101994,
    "name":"Reid State Technical College",
    "state":"AL",
    "city":"Evergreen"
  },
  {
    "unitid":105659,
    "name":"Refrigeration School Inc",
    "state":"AZ",
    "city":"Phoenix"
  },
  {
    "unitid":105668,
    "name":"Rio Salado College",
    "state":"AZ",
    "city":"Tempe"
  },
  {
    "unitid":105677,
    "name":"Roberto-Venn School of Luthiery",
    "state":"AZ",
    "city":"Phoenix"
  },
  {
    "unitid":114637,
    "name":"Redondo Beach Beauty College",
    "state":"CA",
    "city":"Torrance"
  },
  {
    "unitid":117052,
    "name":"Reedley College",
    "state":"CA",
    "city":"Reedley"
  },
  {
    "unitid":121886,
    "name":"Rio Hondo College",
    "state":"CA",
    "city":"Whittier"
  },
  {
    "unitid":121901,
    "name":"Riverside City College",
    "state":"CA",
    "city":"Riverside"
  },
  {
    "unitid":127909,
    "name":"Red Rocks Community College",
    "state":"CO",
    "city":"Lakewood"
  },
  {
    "unitid":127918,
    "name":"Regis University",
    "state":"CO",
    "city":"Denver"
  },
  {
    "unitid":127945,
    "name":"Rocky Mountain College of Art and Design",
    "state":"CO",
    "city":"Lakewood"
  },
  {
    "unitid":129428,
    "name":"Rensselaer at Hartford",
    "state":"CT",
    "city":"Hartford"
  },
  {
    "unitid":136659,
    "name":"Radford M Locklin Technical College",
    "state":"FL",
    "city":"Milton"
  },
  {
    "unitid":136765,
    "name":"Ridge Technical College",
    "state":"FL",
    "city":"Winter Haven"
  },
  {
    "unitid":136774,
    "name":"Ringling College of Art and Design",
    "state":"FL",
    "city":"Sarasota"
  },
  {
    "unitid":136826,
    "name":"Robert Morgan Educational Center and Technical College",
    "state":"FL",
    "city":"Miami"
  },
  {
    "unitid":136950,
    "name":"Rollins College",
    "state":"FL",
    "city":"Winter Park"
  },
  {
    "unitid":137713,
    "name":"Riveroak Technical College",
    "state":"FL",
    "city":"Live Oak"
  },
  {
    "unitid":138309,
    "name":"Rasmussen University-Florida",
    "state":"FL",
    "city":"Ocala"
  },
  {
    "unitid":140872,
    "name":"Reinhardt University",
    "state":"GA",
    "city":"Waleska"
  },
  {
    "unitid":145558,
    "name":"Rosalind Franklin University of Medicine and Science",
    "state":"IL",
    "city":"North Chicago"
  },
  {
    "unitid":148256,
    "name":"Rend Lake College",
    "state":"IL",
    "city":"Ina"
  },
  {
    "unitid":148292,
    "name":"Richland Community College",
    "state":"IL",
    "city":"Decatur"
  },
  {
    "unitid":148380,
    "name":"Rock Valley College",
    "state":"IL",
    "city":"Rockford"
  },
  {
    "unitid":148405,
    "name":"Rockford University",
    "state":"IL",
    "city":"Rockford"
  },
  {
    "unitid":148487,
    "name":"Roosevelt University",
    "state":"IL",
    "city":"Chicago"
  },
  {
    "unitid":148511,
    "name":"Rush University",
    "state":"IL",
    "city":"Chicago"
  },
  {
    "unitid":152275,
    "name":"Ravenscroft Beauty College",
    "state":"IN",
    "city":"Fort Wayne"
  },
  {
    "unitid":152309,
    "name":"Rogers Academy of Hair Design",
    "state":"IN",
    "city":"Evansville"
  },
  {
    "unitid":152318,
    "name":"Rose-Hulman Institute of Technology",
    "state":"IN",
    "city":"Terre Haute"
  },
  {
    "unitid":160524,
    "name":"Remington College-Lafayette Campus",
    "state":"LA",
    "city":"Lafayette"
  },
  {
    "unitid":165750,
    "name":"Rob Roy Academy-Fall River",
    "state":"MA",
    "city":"Fall River"
  },
  {
    "unitid":167039,
    "name":"Rob Roy Academy-New Bedford",
    "state":"MA",
    "city":"New Bedford"
  },
  {
    "unitid":167598,
    "name":"Regis College",
    "state":"MA",
    "city":"Weston"
  },
  {
    "unitid":167631,
    "name":"Roxbury Community College",
    "state":"MA",
    "city":"Roxbury Crossing"
  },
  {
    "unitid":168032,
    "name":"Rob Roy Academy-Taunton",
    "state":"MA",
    "city":"Taunton"
  },
  {
    "unitid":170967,
    "name":"Rochester University",
    "state":"MI",
    "city":"Rochester Hills"
  },
  {
    "unitid":171988,
    "name":"Ross Medical Education Center-Lansing",
    "state":"MI",
    "city":"Lansing"
  },
  {
    "unitid":171997,
    "name":"Ross Medical Education Center-Warren",
    "state":"MI",
    "city":"Warren"
  },
  {
    "unitid":172015,
    "name":"Ross Medical Education Center-Flint",
    "state":"MI",
    "city":"Flint"
  },
  {
    "unitid":173063,
    "name":"Riverland Community College",
    "state":"MN",
    "city":"Austin"
  },
  {
    "unitid":174738,
    "name":"Rochester Community and Technical College",
    "state":"MN",
    "city":"Rochester"
  },
  {
    "unitid":175014,
    "name":"Rasmussen University-Minnesota",
    "state":"MN",
    "city":"St. Cloud"
  },
  {
    "unitid":175236,
    "name":"Ridgewater College",
    "state":"MN",
    "city":"Willmar"
  },
  {
    "unitid":176318,
    "name":"Rust College",
    "state":"MS",
    "city":"Holly Springs"
  },
  {
    "unitid":178891,
    "name":"Ranken Technical College",
    "state":"MO",
    "city":"Saint Louis"
  },
  {
    "unitid":178989,
    "name":"Research College of Nursing",
    "state":"MO",
    "city":"Kansas City"
  },
  {
    "unitid":179043,
    "name":"Rockhurst University",
    "state":"MO",
    "city":"Kansas City"
  },
  {
    "unitid":180595,
    "name":"Rocky Mountain College",
    "state":"MT",
    "city":"Billings"
  },
  {
    "unitid":183114,
    "name":"River Valley Community College",
    "state":"NH",
    "city":"Claremont"
  },
  {
    "unitid":183211,
    "name":"Rivier University",
    "state":"NH",
    "city":"Nashua"
  },
  {
    "unitid":183877,
    "name":"Rowan College at Burlington County",
    "state":"NJ",
    "city":"Mount Laurel"
  },
  {
    "unitid":184205,
    "name":"Rowan College of South Jersey-Cumberland Campus",
    "state":"NJ",
    "city":"Vineland"
  },
  {
    "unitid":184782,
    "name":"Rowan University",
    "state":"NJ",
    "city":"Glassboro"
  },
  {
    "unitid":184791,
    "name":"Rowan College of South Jersey-Gloucester Campus",
    "state":"NJ",
    "city":"Sewell"
  },
  {
    "unitid":185466,
    "name":"Rizzieri Aveda School for Beauty and Wellness",
    "state":"NJ",
    "city":"Voorhees"
  },
  {
    "unitid":185767,
    "name":"Robert Fiance Beauty Schools-West New York",
    "state":"NJ",
    "city":"West New York"
  },
  {
    "unitid":186186,
    "name":"Rabbinical College of America",
    "state":"NJ",
    "city":"Morristown"
  },
  {
    "unitid":186201,
    "name":"Ramapo College of New Jersey",
    "state":"NJ",
    "city":"Mahwah"
  },
  {
    "unitid":186274,
    "name":"Robert Fiance Beauty Schools",
    "state":"FL",
    "city":"Boynton Beach"
  },
  {
    "unitid":186283,
    "name":"Rider University",
    "state":"NJ",
    "city":"Lawrenceville"
  },
  {
    "unitid":186371,
    "name":"Rutgers University-Camden",
    "state":"NJ",
    "city":"Camden"
  },
  {
    "unitid":186380,
    "name":"Rutgers University-New Brunswick",
    "state":"NJ",
    "city":"New Brunswick"
  },
  {
    "unitid":186399,
    "name":"Rutgers University-Newark",
    "state":"NJ",
    "city":"Newark"
  },
  {
    "unitid":186645,
    "name":"Raritan Valley Community College",
    "state":"NJ",
    "city":"Branchburg"
  },
  {
    "unitid":194657,
    "name":"Rabbinical Academy Mesivta Rabbi Chaim Berlin",
    "state":"NY",
    "city":"Brooklyn"
  },
  {
    "unitid":194666,
    "name":"Rabbinical College Bobover Yeshiva Bnei Zion",
    "state":"NY",
    "city":"Brooklyn"
  },
  {
    "unitid":194693,
    "name":"Rabbinical College Beth Shraga",
    "state":"NY",
    "city":"Monsey"
  },
  {
    "unitid":194718,
    "name":"Rabbinical Seminary Mkor Chaim",
    "state":"NJ",
    "city":"Lakewood"
  },
  {
    "unitid":194736,
    "name":"Rabbinical College of Long Island",
    "state":"NY",
    "city":"Long Beach"
  },
  {
    "unitid":194763,
    "name":"Rabbinical Seminary of America",
    "state":"NY",
    "city":"Flushing"
  },
  {
    "unitid":194824,
    "name":"Rensselaer Polytechnic Institute",
    "state":"NY",
    "city":"Troy"
  },
  {
    "unitid":194958,
    "name":"Roberts Wesleyan University",
    "state":"NY",
    "city":"Rochester"
  },
  {
    "unitid":195003,
    "name":"Rochester Institute of Technology",
    "state":"NY",
    "city":"Rochester"
  },
  {
    "unitid":195058,
    "name":"Rockland Community College",
    "state":"NY",
    "city":"Suffern"
  },
  {
    "unitid":195128,
    "name":"Russell Sage College",
    "state":"NY",
    "city":"Troy"
  },
  {
    "unitid":199421,
    "name":"Randolph Community College",
    "state":"NC",
    "city":"Asheboro"
  },
  {
    "unitid":199449,
    "name":"Richmond Community College",
    "state":"NC",
    "city":"Hamlet"
  },
  {
    "unitid":199467,
    "name":"Roanoke-Chowan Community College",
    "state":"NC",
    "city":"Ahoskie"
  },
  {
    "unitid":199476,
    "name":"Robeson Community College",
    "state":"NC",
    "city":"Lumberton"
  },
  {
    "unitid":199485,
    "name":"Rockingham Community College",
    "state":"NC",
    "city":"Wentworth"
  },
  {
    "unitid":199494,
    "name":"Rowan-Cabarrus Community College",
    "state":"NC",
    "city":"Salisbury"
  },
  {
    "unitid":200013,
    "name":"Rasmussen University-North Dakota",
    "state":"ND",
    "city":"Fargo"
  },
  {
    "unitid":203234,
    "name":"Ross Medical Education Center-Cincinnati",
    "state":"OH",
    "city":"Cincinnati"
  },
  {
    "unitid":205124,
    "name":"Rabbinical College Telshe",
    "state":"OH",
    "city":"Wickliffe"
  },
  {
    "unitid":205142,
    "name":"Raphael's School of Beauty Culture Inc-Niles",
    "state":"OH",
    "city":"Niles"
  },
  {
    "unitid":207069,
    "name":"Redlands Community College",
    "state":"OK",
    "city":"El Reno"
  },
  {
    "unitid":207157,
    "name":"Randall University",
    "state":"OK",
    "city":"Moore"
  },
  {
    "unitid":207661,
    "name":"Rogers State University",
    "state":"OK",
    "city":"Claremore"
  },
  {
    "unitid":207670,
    "name":"Rose State College",
    "state":"OK",
    "city":"Midwest City"
  },
  {
    "unitid":209922,
    "name":"Reed College",
    "state":"OR",
    "city":"Portland"
  },
  {
    "unitid":209940,
    "name":"Rogue Community College",
    "state":"OR",
    "city":"Grants Pass"
  },
  {
    "unitid":213932,
    "name":"Roxborough Memorial Hospital School of Nursing",
    "state":"PA",
    "city":"Philadelphia"
  },
  {
    "unitid":215585,
    "name":"Reading Area Community College",
    "state":"PA",
    "city":"Reading"
  },
  {
    "unitid":215594,
    "name":"Reading Hospital School of Health Sciences",
    "state":"PA",
    "city":"Reading"
  },
  {
    "unitid":215619,
    "name":"Reconstructionist Rabbinical College",
    "state":"PA",
    "city":"Wyncote"
  },
  {
    "unitid":215655,
    "name":"Robert Morris University",
    "state":"PA",
    "city":"Moon Township"
  },
  {
    "unitid":215682,
    "name":"Rosedale Technical College",
    "state":"PA",
    "city":"Pittsburgh"
  },
  {
    "unitid":215691,
    "name":"Rosemont College",
    "state":"PA",
    "city":"Rosemont"
  },
  {
    "unitid":217420,
    "name":"Rhode Island College",
    "state":"RI",
    "city":"Providence"
  },
  {
    "unitid":217493,
    "name":"Rhode Island School of Design",
    "state":"RI",
    "city":"Providence"
  },
  {
    "unitid":217518,
    "name":"Roger Williams University",
    "state":"RI",
    "city":"Bristol"
  },
  {
    "unitid":221351,
    "name":"Rhodes College",
    "state":"TN",
    "city":"Memphis"
  },
  {
    "unitid":221397,
    "name":"Roane State Community College",
    "state":"TN",
    "city":"Harriman"
  },
  {
    "unitid":223463,
    "name":"Remington College-Dallas Campus",
    "state":"TX",
    "city":"Dallas"
  },
  {
    "unitid":227687,
    "name":"Ranger College",
    "state":"TX",
    "city":"Ranger"
  },
  {
    "unitid":227757,
    "name":"Rice University",
    "state":"TX",
    "city":"Houston"
  },
  {
    "unitid":231651,
    "name":"Regent University",
    "state":"VA",
    "city":"Virginia Beach"
  },
  {
    "unitid":233277,
    "name":"Radford University",
    "state":"VA",
    "city":"Radford"
  },
  {
    "unitid":233295,
    "name":"Randolph-Macon College",
    "state":"VA",
    "city":"Ashland"
  },
  {
    "unitid":233301,
    "name":"Randolph College",
    "state":"VA",
    "city":"Lynchburg"
  },
  {
    "unitid":233310,
    "name":"Rappahannock Community College",
    "state":"VA",
    "city":"Glenns"
  },
  {
    "unitid":233338,
    "name":"Richard Bland College",
    "state":"VA",
    "city":"South Prince George"
  },
  {
    "unitid":233408,
    "name":"Riverside College of Health Careers",
    "state":"VA",
    "city":"Newport News"
  },
  {
    "unitid":233426,
    "name":"Roanoke College",
    "state":"VA",
    "city":"Salem"
  },
  {
    "unitid":236382,
    "name":"Renton Technical College",
    "state":"WA",
    "city":"Renton"
  },
  {
    "unitid":237491,
    "name":"Ralph R Willis Career and Technical Center",
    "state":"WV",
    "city":"Stollings"
  },
  {
    "unitid":239628,
    "name":"Ripon College",
    "state":"WI",
    "city":"Ripon"
  },
  {
    "unitid":247409,
    "name":"Ross Medical Education Center-Saginaw",
    "state":"MI",
    "city":"Saginaw"
  },
  {
    "unitid":250993,
    "name":"Red River Technology Center",
    "state":"OK",
    "city":"Duncan"
  },
  {
    "unitid":261676,
    "name":"Ross Medical Education Center-Brighton",
    "state":"MI",
    "city":"Brighton"
  },
  {
    "unitid":261685,
    "name":"Ross Medical Education Center-Ann Arbor",
    "state":"MI",
    "city":"Ann Arbor"
  },
  {
    "unitid":363013,
    "name":"Ross Medical Education Center-Port Huron",
    "state":"MI",
    "city":"Port Huron"
  },
  {
    "unitid":363147,
    "name":"Raphael's School of Beauty Culture Inc-Alliance",
    "state":"OH",
    "city":"Alliance"
  },
  {
    "unitid":363882,
    "name":"Raphael's School of Beauty Culture Inc-Brunswick",
    "state":"OH",
    "city":"Brunswick"
  },
  {
    "unitid":364575,
    "name":"Roane-Jackson Technical Center",
    "state":"WV",
    "city":"Leroy"
  },
  {
    "unitid":365824,
    "name":"Ross Medical Education Center-Roosevelt Park",
    "state":"MI",
    "city":"Roosevelt Park"
  },
  {
    "unitid":365833,
    "name":"Ross Medical Education Center-Kentwood",
    "state":"MI",
    "city":"Kentwood"
  },
  {
    "unitid":366535,
    "name":"Remington College-Mobile Campus",
    "state":"AL",
    "city":"Mobile"
  },
  {
    "unitid":367158,
    "name":"Ross Medical Education Center-Taylor",
    "state":"MI",
    "city":"Taylor"
  },
  {
    "unitid":369446,
    "name":"Rosel School of Cosmetology",
    "state":"IL",
    "city":"Niles"
  },
  {
    "unitid":373085,
    "name":"Ross College-Davenport",
    "state":"IA",
    "city":"Davenport"
  },
  {
    "unitid":373696,
    "name":"Rob Roy Academy-Worcester",
    "state":"MA",
    "city":"Worcester"
  },
  {
    "unitid":375416,
    "name":"Remington College-Cleveland Campus",
    "state":"OH",
    "city":"Cleveland"
  },
  {
    "unitid":377111,
    "name":"Remington College-Fort Worth Campus",
    "state":"TX",
    "city":"Fort Worth"
  },
  {
    "unitid":383279,
    "name":"Robert Fiance Beauty Schools-North Plainfield",
    "state":"NJ",
    "city":"North Plainfield"
  },
  {
    "unitid":384421,
    "name":"Rabbi Jacob Joseph School",
    "state":"NJ",
    "city":"Edison"
  },
  {
    "unitid":405854,
    "name":"Rabbinical College of Ohr Shimon Yisroel",
    "state":"NY",
    "city":"Brooklyn"
  },
  {
    "unitid":407568,
    "name":"Raphael's School of Beauty Culture Inc-Boardman",
    "state":"OH",
    "city":"Boardman"
  },
  {
    "unitid":409616,
    "name":"Roger Williams University School of Law",
    "state":"RI",
    "city":"Bristol"
  },
  {
    "unitid":412599,
    "name":"Remington College-Memphis Campus",
    "state":"TN",
    "city":"Memphis"
  },
  {
    "unitid":418083,
    "name":"Rockland County BOCES-Practical Nursing Program",
    "state":"NY",
    "city":"West Nyack"
  },
  {
    "unitid":419235,
    "name":"Rivertown School of Beauty Barber Skin Care and Nails",
    "state":"GA",
    "city":"Columbus"
  },
  {
    "unitid":421513,
    "name":"Ross College-Hopkinsville",
    "state":"KY",
    "city":"Hopkinsville"
  },
  {
    "unitid":436304,
    "name":"River Parishes Community College",
    "state":"LA",
    "city":"Gonzales"
  },
  {
    "unitid":437857,
    "name":"Rudae's School of Beauty Culture-Ft Wayne",
    "state":"IN",
    "city":"Fort Wayne"
  },
  {
    "unitid":438665,
    "name":"Rancho Santiago Community College District Office",
    "state":"California",
    "city":null
  },
  {
    "unitid":439899,
    "name":"Rosedale Bible College",
    "state":"OH",
    "city":"Irwin"
  },
  {
    "unitid":440271,
    "name":"Remington College-Baton Rouge Campus",
    "state":"LA",
    "city":"Baton Rouge"
  },
  {
    "unitid":441104,
    "name":"Richmont Graduate University",
    "state":"TN",
    "city":"Chattanooga"
  },
  {
    "unitid":441876,
    "name":"Rudy & Kelly Academy, A Paul Mitchell Partner School",
    "state":"VA",
    "city":"Virginia Beach"
  },
  {
    "unitid":445203,
    "name":"Remington College-North Houston Campus",
    "state":"TX",
    "city":"Houston"
  },
  {
    "unitid":445249,
    "name":"Remington College-Nashville Campus",
    "state":"TN",
    "city":"Nashville"
  },
  {
    "unitid":445735,
    "name":"Roseman University of Health Sciences",
    "state":"NV",
    "city":"Henderson"
  },
  {
    "unitid":446516,
    "name":"Rosslyn Training Academy of Cosmetology",
    "state":"PR",
    "city":"Aguada"
  },
  {
    "unitid":448673,
    "name":"Rasmussen University-Illinois",
    "state":"IL",
    "city":"Rockford"
  },
  {
    "unitid":450571,
    "name":"Rasmussen University-Wisconsin",
    "state":"WI",
    "city":"Green Bay"
  },
  {
    "unitid":451857,
    "name":"Remington College-Houston Southeast Campus",
    "state":"TX",
    "city":"Webster"
  },
  {
    "unitid":451866,
    "name":"Remington College-Shreveport Campus",
    "state":"LA",
    "city":"Shreveport"
  },
  {
    "unitid":452072,
    "name":"Ross Medical Education Center-New Baltimore",
    "state":"MI",
    "city":"New Baltimore"
  },
  {
    "unitid":452081,
    "name":"Ross College-Sylvania",
    "state":"OH",
    "city":"Sylvania"
  },
  {
    "unitid":456506,
    "name":"Ross Medical Education Center-Fort Wayne",
    "state":"IN",
    "city":"Fort Wayne"
  },
  {
    "unitid":456515,
    "name":"Ross Medical Education Center-Battle Creek",
    "state":"MI",
    "city":"Battle Creek"
  },
  {
    "unitid":458104,
    "name":"Renaissance Academie",
    "state":"UT",
    "city":"Provo"
  },
  {
    "unitid":460093,
    "name":"Ross Medical Education Center-Davison",
    "state":"MI",
    "city":"Davison"
  },
  {
    "unitid":460109,
    "name":"Ross Medical Education Center-Granger",
    "state":"IN",
    "city":"Granger"
  },
  {
    "unitid":460118,
    "name":"Ross Medical Education Center-Niles",
    "state":"OH",
    "city":"Niles"
  },
  {
    "unitid":460127,
    "name":"Ross Medical Education Center-Canton",
    "state":"MI",
    "city":"Canton"
  },
  {
    "unitid":475033,
    "name":"Relay Graduate School of Education",
    "state":"NY",
    "city":"New York"
  },
  {
    "unitid":475495,
    "name":"Rocky Mountain University of Health Professions",
    "state":"UT",
    "city":"Provo"
  },
  {
    "unitid":475653,
    "name":"Reflections Academy of Beauty",
    "state":"IL",
    "city":"Decatur"
  },
  {
    "unitid":476230,
    "name":"Ross Medical Education Center-Morgantown",
    "state":"WV",
    "city":"Morgantown"
  },
  {
    "unitid":476726,
    "name":"Rio Grande Valley College",
    "state":"TX",
    "city":"Pharr"
  },
  {
    "unitid":480523,
    "name":"Ross Medical Education Center-Dayton",
    "state":"OH",
    "city":"Dayton"
  },
  {
    "unitid":480532,
    "name":"Ross Medical Education Center-Ontario",
    "state":"OH",
    "city":"Ontario"
  },
  {
    "unitid":480550,
    "name":"Ross Medical Education Center-Bowling Green",
    "state":"KY",
    "city":"Bowling Green"
  },
  {
    "unitid":480657,
    "name":"Rasmussen University-Kansas",
    "state":"KS",
    "city":"Topeka"
  },
  {
    "unitid":480790,
    "name":"Rocky Vista University",
    "state":"CO",
    "city":"Parker"
  },
  {
    "unitid":481191,
    "name":"Riverside County Office of Education-School of Career Education",
    "state":"CA",
    "city":"Riverside"
  },
  {
    "unitid":481863,
    "name":"Ross Medical Education Center-Kokomo",
    "state":"IN",
    "city":"Kokomo"
  },
  {
    "unitid":481890,
    "name":"Ross Medical Education Center-Erlanger",
    "state":"KY",
    "city":"Erlanger"
  },
  {
    "unitid":481906,
    "name":"Ross Medical Education Center-Charleston",
    "state":"WV",
    "city":"Charleston"
  },
  {
    "unitid":484330,
    "name":"Ross Medical Education Center-Owensboro",
    "state":"KY",
    "city":"Owensboro"
  },
  {
    "unitid":484349,
    "name":"Ross Medical Education Center-Evansville",
    "state":"IN",
    "city":"Evansville"
  },
  {
    "unitid":484358,
    "name":"Ross Medical Education Center-Johnson City",
    "state":"TN",
    "city":"Johnson City"
  },
  {
    "unitid":484871,
    "name":"Rabbinical College Ohr Yisroel",
    "state":"NY",
    "city":"Brooklyn"
  },
  {
    "unitid":485704,
    "name":"River Valley School of Massage",
    "state":"AR",
    "city":"Russellville"
  },
  {
    "unitid":486406,
    "name":"Randolph Technical Center",
    "state":"WV",
    "city":"Elkins"
  },
  {
    "unitid":486707,
    "name":"Ross Medical Education Center-Huntsville",
    "state":"AL",
    "city":"Huntsville"
  },
  {
    "unitid":486716,
    "name":"Ross Medical Education Center-Knoxville",
    "state":"TN",
    "city":"Knoxville"
  },
  {
    "unitid":486752,
    "name":"Ross Medical Education Center-Muncie",
    "state":"IN",
    "city":"Muncie"
  },
  {
    "unitid":487889,
    "name":"Regional Center for Border Health",
    "state":"AZ",
    "city":"Somerton"
  },
  {
    "unitid":488183,
    "name":"Regina Webb Academy",
    "state":"KY",
    "city":"Bowling Green"
  },
  {
    "unitid":488952,
    "name":"Ross Medical Education Center-Elyria",
    "state":"OH",
    "city":"Elyria"
  },
  {
    "unitid":488961,
    "name":"Ross Medical Education Center-Lafayette",
    "state":"IN",
    "city":"Lafayette"
  },
  {
    "unitid":488970,
    "name":"Ross Medical Education Center-Midland",
    "state":"MI",
    "city":"Midland"
  },
  {
    "unitid":490197,
    "name":"Regan Career Institute",
    "state":"CA",
    "city":"El Monte"
  },
  {
    "unitid":490230,
    "name":"Reformed University",
    "state":"GA",
    "city":"Lawrenceville"
  },
  {
    "unitid":490531,
    "name":"Ray J's College of Hair",
    "state":"LA",
    "city":"Baton Rouge"
  },
  {
    "unitid":490814,
    "name":"Ross Medical Education Center-Portage",
    "state":"MI",
    "city":"Kalamazoo"
  },
  {
    "unitid":490832,
    "name":"Ross College-Canton",
    "state":"OH",
    "city":"Canton"
  },
  {
    "unitid":490841,
    "name":"Ross College-Grand Rapids North",
    "state":"MI",
    "city":"Grand Rapids"
  },
  {
    "unitid":491701,
    "name":"Rexburg College of Massage Therapy",
    "state":"ID",
    "city":"Rexburg"
  },
  {
    "unitid":491844,
    "name":"Red Lake Nation College",
    "state":"MN",
    "city":"Red Lake"
  },
  {
    "unitid":492209,
    "name":"Reiss-Davis Graduate School",
    "state":"CA",
    "city":"Los Angeles"
  },
  {
    "unitid":495165,
    "name":"Royal Learning Institute",
    "state":"NY",
    "city":"New York"
  },
  {
    "unitid":495396,
    "name":"Royal Learning Institute",
    "state":"NY",
    "city":"Jackson Heights"
  },
  {
    "unitid":496052,
    "name":"Ruben's Five Star Academy",
    "state":"FL",
    "city":"Lake Wales"
  },
  {
    "unitid":496663,
    "name":"Riggins Urban Barber College",
    "state":"CA",
    "city":"San Diego"
  },
  {
    "unitid":497000,
    "name":"Remington College-Online Dallas",
    "state":"TN",
    "city":"Knoxville"
  },
  {
    "unitid":497462,
    "name":"Redeemers University North America",
    "state":"TX",
    "city":"Greenville"
  },
  {
    "unitid":497480,
    "name":"Reach University",
    "state":"CA",
    "city":"Oakland"
  },
  {
    "unitid":498863,
    "name":"Renaissance Beauty Academy",
    "state":"Missouri",
    "city":null
  }
]