[
  {
    "unitid":101116,
    "name":"South University-Montgomery",
    "state":"AL",
    "city":"Montgomery"
  },
  {
    "unitid":102049,
    "name":"Samford University",
    "state":"AL",
    "city":"Birmingham"
  },
  {
    "unitid":102058,
    "name":"Selma University",
    "state":"AL",
    "city":"Selma"
  },
  {
    "unitid":102067,
    "name":"Shelton State Community College",
    "state":"AL",
    "city":"Tuscaloosa"
  },
  {
    "unitid":102076,
    "name":"Snead State Community College",
    "state":"AL",
    "city":"Boaz"
  },
  {
    "unitid":102234,
    "name":"Spring Hill College",
    "state":"AL",
    "city":"Mobile"
  },
  {
    "unitid":102270,
    "name":"Stillman College",
    "state":"AL",
    "city":"Tuscaloosa"
  },
  {
    "unitid":105747,
    "name":"Scottsdale Community College",
    "state":"AZ",
    "city":"Scottsdale"
  },
  {
    "unitid":105792,
    "name":"South Mountain Community College",
    "state":"AZ",
    "city":"Phoenix"
  },
  {
    "unitid":107637,
    "name":"Southeast Arkansas College",
    "state":"AR",
    "city":"Pine Bluff"
  },
  {
    "unitid":107831,
    "name":"Searcy Beauty College",
    "state":"AR",
    "city":"Searcy"
  },
  {
    "unitid":107840,
    "name":"Shorter College",
    "state":"AR",
    "city":"N Little Rock"
  },
  {
    "unitid":107974,
    "name":"South Arkansas College",
    "state":"AR",
    "city":"El Dorado"
  },
  {
    "unitid":107983,
    "name":"Southern Arkansas University Main Campus",
    "state":"AR",
    "city":"Magnolia"
  },
  {
    "unitid":107992,
    "name":"Southern Arkansas University Tech",
    "state":"AR",
    "city":"Camden"
  },
  {
    "unitid":110778,
    "name":"Sofia University",
    "state":"CA",
    "city":"Palo Alto"
  },
  {
    "unitid":112084,
    "name":"San Diego Christian College",
    "state":"CA",
    "city":"Spring Valley"
  },
  {
    "unitid":115357,
    "name":"Salon Success Academy-Riverside",
    "state":"CA",
    "city":"Riverside"
  },
  {
    "unitid":117575,
    "name":"Southern California Seminary",
    "state":"CA",
    "city":"El Cajon"
  },
  {
    "unitid":117672,
    "name":"Southern California University of Health Sciences",
    "state":"CA",
    "city":"Whittier"
  },
  {
    "unitid":120166,
    "name":"San Francisco Bay University",
    "state":"CA",
    "city":"Fremont"
  },
  {
    "unitid":121619,
    "name":"Santa Ana College",
    "state":"CA",
    "city":"Santa Ana"
  },
  {
    "unitid":121637,
    "name":"Shasta School of Cosmetology",
    "state":"CA",
    "city":"Redding"
  },
  {
    "unitid":121859,
    "name":"Salon Success Academy-Upland",
    "state":"CA",
    "city":"Upland"
  },
  {
    "unitid":121868,
    "name":"Salon Success Academy-Corona",
    "state":"CA",
    "city":"Corona"
  },
  {
    "unitid":122180,
    "name":"Sacramento City College",
    "state":"CA",
    "city":"Sacramento"
  },
  {
    "unitid":122205,
    "name":"Saddleback College",
    "state":"CA",
    "city":"Mission Viejo"
  },
  {
    "unitid":122296,
    "name":"Samuel Merritt University",
    "state":"CA",
    "city":"Oakland"
  },
  {
    "unitid":122320,
    "name":"San Diego Community College District-District Office",
    "state":"California",
    "city":null
  },
  {
    "unitid":122339,
    "name":"San Diego City College",
    "state":"CA",
    "city":"San Diego"
  },
  {
    "unitid":122375,
    "name":"San Diego Mesa College",
    "state":"CA",
    "city":"San Diego"
  },
  {
    "unitid":122384,
    "name":"San Diego Miramar College",
    "state":"CA",
    "city":"San Diego"
  },
  {
    "unitid":122409,
    "name":"San Diego State University",
    "state":"CA",
    "city":"San Diego"
  },
  {
    "unitid":122506,
    "name":"San Francisco Conservatory of Music",
    "state":"CA",
    "city":"San Francisco"
  },
  {
    "unitid":122597,
    "name":"San Francisco State University",
    "state":"CA",
    "city":"San Francisco"
  },
  {
    "unitid":122649,
    "name":"San Joaquin College of Law",
    "state":"CA",
    "city":"Clovis"
  },
  {
    "unitid":122658,
    "name":"San Joaquin Delta College",
    "state":"CA",
    "city":"Stockton"
  },
  {
    "unitid":122685,
    "name":"San Joaquin Valley College-Visalia",
    "state":"CA",
    "city":"Visalia"
  },
  {
    "unitid":122694,
    "name":"San Joaquin Valley College-Bakersfield",
    "state":"CA",
    "city":"Bakersfield"
  },
  {
    "unitid":122737,
    "name":"San Jose-Evergreen Community College District",
    "state":"California",
    "city":null
  },
  {
    "unitid":122746,
    "name":"San Jose City College",
    "state":"CA",
    "city":"San Jose"
  },
  {
    "unitid":122755,
    "name":"San Jose State University",
    "state":"CA",
    "city":"San Jose"
  },
  {
    "unitid":122782,
    "name":"San Mateo County Community College District Office",
    "state":"California",
    "city":null
  },
  {
    "unitid":122889,
    "name":"Santa Barbara City College",
    "state":"CA",
    "city":"Santa Barbara"
  },
  {
    "unitid":122931,
    "name":"Santa Clara University",
    "state":"CA",
    "city":"Santa Clara"
  },
  {
    "unitid":122977,
    "name":"Santa Monica College",
    "state":"CA",
    "city":"Santa Monica"
  },
  {
    "unitid":123013,
    "name":"Santa Rosa Junior College",
    "state":"CA",
    "city":"Santa Rosa"
  },
  {
    "unitid":123095,
    "name":"Saybrook University",
    "state":"CA",
    "city":"Pasadena"
  },
  {
    "unitid":123165,
    "name":"Scripps College",
    "state":"CA",
    "city":"Claremont"
  },
  {
    "unitid":123280,
    "name":"Shasta Bible College and Graduate School",
    "state":"CA",
    "city":"Redding"
  },
  {
    "unitid":123299,
    "name":"Shasta College",
    "state":"CA",
    "city":"Redding"
  },
  {
    "unitid":123341,
    "name":"Sierra College",
    "state":"CA",
    "city":"Rocklin"
  },
  {
    "unitid":123350,
    "name":"Sierra College of Beauty",
    "state":"CA",
    "city":"Merced"
  },
  {
    "unitid":123457,
    "name":"Simpson University",
    "state":"CA",
    "city":"Redding"
  },
  {
    "unitid":123509,
    "name":"Skyline College",
    "state":"CA",
    "city":"San Bruno"
  },
  {
    "unitid":123527,
    "name":"San Bernardino Valley College",
    "state":"CA",
    "city":"San Bernardino"
  },
  {
    "unitid":123554,
    "name":"Saint Mary's College of California",
    "state":"CA",
    "city":"Moraga"
  },
  {
    "unitid":123563,
    "name":"Solano Community College",
    "state":"CA",
    "city":"Fairfield"
  },
  {
    "unitid":123572,
    "name":"Sonoma State University",
    "state":"CA",
    "city":"Rohnert Park"
  },
  {
    "unitid":123633,
    "name":"South Baylo University",
    "state":"CA",
    "city":"Anaheim"
  },
  {
    "unitid":123642,
    "name":"South Coast College",
    "state":"CA",
    "city":"Orange"
  },
  {
    "unitid":123800,
    "name":"Southwestern College",
    "state":"CA",
    "city":"Chula Vista"
  },
  {
    "unitid":123916,
    "name":"Starr King School for the Ministry",
    "state":"CA",
    "city":"Oakland"
  },
  {
    "unitid":123925,
    "name":"State Center Community College District",
    "state":"California",
    "city":null
  },
  {
    "unitid":123952,
    "name":"Southern California Institute of Architecture",
    "state":"CA",
    "city":"Los Angeles"
  },
  {
    "unitid":123970,
    "name":"Southwestern Law School",
    "state":"CA",
    "city":"Los Angeles"
  },
  {
    "unitid":126605,
    "name":"Spartan College of Aeronautics and Technology",
    "state":"CO",
    "city":"Broomfield"
  },
  {
    "unitid":130253,
    "name":"Sacred Heart University",
    "state":"CT",
    "city":"Fairfield"
  },
  {
    "unitid":130493,
    "name":"Southern Connecticut State University",
    "state":"CT",
    "city":"New Haven"
  },
  {
    "unitid":131061,
    "name":"Schilling-Douglas School of Hair Design",
    "state":"DE",
    "city":"Newark"
  },
  {
    "unitid":131803,
    "name":"Strayer University-District of Columbia",
    "state":"DC",
    "city":"Washington"
  },
  {
    "unitid":133465,
    "name":"South University-West Palm Beach",
    "state":"FL",
    "city":"Royal Palm Beach"
  },
  {
    "unitid":135391,
    "name":"State College of Florida-Manatee-Sarasota",
    "state":"FL",
    "city":"Bradenton"
  },
  {
    "unitid":136701,
    "name":"Saint Vincent de Paul Regional Seminary",
    "state":"FL",
    "city":"Boynton Beach"
  },
  {
    "unitid":137032,
    "name":"Saint Leo University",
    "state":"FL",
    "city":"Saint Leo"
  },
  {
    "unitid":137078,
    "name":"St Petersburg College",
    "state":"FL",
    "city":"St. Petersburg"
  },
  {
    "unitid":137096,
    "name":"Santa Fe College",
    "state":"FL",
    "city":"Gainesville"
  },
  {
    "unitid":137120,
    "name":"Suncoast Technical College",
    "state":"FL",
    "city":"Sarasota"
  },
  {
    "unitid":137209,
    "name":"Seminole State College of Florida",
    "state":"FL",
    "city":"Sanford"
  },
  {
    "unitid":137245,
    "name":"Sheridan Technical College",
    "state":"FL",
    "city":"Hollywood"
  },
  {
    "unitid":137272,
    "name":"St. John Vianney College Seminary",
    "state":"FL",
    "city":"Miami"
  },
  {
    "unitid":137281,
    "name":"Saint Johns River State College",
    "state":"FL",
    "city":"Palatka"
  },
  {
    "unitid":137315,
    "name":"South Florida State College",
    "state":"FL",
    "city":"Avon Park"
  },
  {
    "unitid":137476,
    "name":"St. Thomas University",
    "state":"FL",
    "city":"Miami Gardens"
  },
  {
    "unitid":137546,
    "name":"Stetson University",
    "state":"FL",
    "city":"DeLand"
  },
  {
    "unitid":137564,
    "name":"Southeastern University",
    "state":"FL",
    "city":"Lakeland"
  },
  {
    "unitid":139579,
    "name":"South University-Savannah",
    "state":"GA",
    "city":"Savannah"
  },
  {
    "unitid":139986,
    "name":"Southern Crescent Technical College",
    "state":"GA",
    "city":"Griffin"
  },
  {
    "unitid":140942,
    "name":"Savannah Technical College",
    "state":"GA",
    "city":"Savannah"
  },
  {
    "unitid":140951,
    "name":"Savannah College of Art and Design",
    "state":"GA",
    "city":"Savannah"
  },
  {
    "unitid":140960,
    "name":"Savannah State University",
    "state":"GA",
    "city":"Savannah"
  },
  {
    "unitid":140988,
    "name":"Shorter University",
    "state":"GA",
    "city":"Rome"
  },
  {
    "unitid":141006,
    "name":"South Georgia Technical College",
    "state":"GA",
    "city":"Americus"
  },
  {
    "unitid":141060,
    "name":"Spelman College",
    "state":"GA",
    "city":"Atlanta"
  },
  {
    "unitid":143048,
    "name":"School of the Art Institute of Chicago",
    "state":"IL",
    "city":"Chicago"
  },
  {
    "unitid":143215,
    "name":"Southwestern Illinois College",
    "state":"IL",
    "city":"Belleville"
  },
  {
    "unitid":146807,
    "name":"Steven Papageorge Hair Academy",
    "state":"IL",
    "city":"Chicago"
  },
  {
    "unitid":148575,
    "name":"Saint Francis Medical Center College of Nursing",
    "state":"IL",
    "city":"Peoria"
  },
  {
    "unitid":148593,
    "name":"St. John's College-Department of Nursing",
    "state":"IL",
    "city":"Springfield"
  },
  {
    "unitid":148627,
    "name":"Saint Xavier University",
    "state":"IL",
    "city":"Chicago"
  },
  {
    "unitid":148672,
    "name":"Sauk Valley Community College",
    "state":"IL",
    "city":"Dixon"
  },
  {
    "unitid":148821,
    "name":"Shawnee Community College",
    "state":"IL",
    "city":"Ullin"
  },
  {
    "unitid":148876,
    "name":"St. Augustine College",
    "state":"IL",
    "city":"Chicago"
  },
  {
    "unitid":148937,
    "name":"Southeastern Illinois College",
    "state":"IL",
    "city":"Harrisburg"
  },
  {
    "unitid":148982,
    "name":"Spertus College",
    "state":"IL",
    "city":"Chicago"
  },
  {
    "unitid":148991,
    "name":"Spoon River College",
    "state":"IL",
    "city":"Canton"
  },
  {
    "unitid":149028,
    "name":"Saint Anthony College of Nursing",
    "state":"IL",
    "city":"Rockford"
  },
  {
    "unitid":149222,
    "name":"Southern Illinois University-Carbondale",
    "state":"IL",
    "city":"Carbondale"
  },
  {
    "unitid":149231,
    "name":"Southern Illinois University-Edwardsville",
    "state":"IL",
    "city":"Edwardsville"
  },
  {
    "unitid":149240,
    "name":"Southern Illinois University-System Office",
    "state":"Illinois",
    "city":null
  },
  {
    "unitid":149365,
    "name":"South Suburban College",
    "state":"IL",
    "city":"South Holland"
  },
  {
    "unitid":152381,
    "name":"Saint Mary-of-the-Woods College",
    "state":"IN",
    "city":"Saint Mary of the Woods"
  },
  {
    "unitid":152390,
    "name":"Saint Mary's College",
    "state":"IN",
    "city":"Notre Dame"
  },
  {
    "unitid":152451,
    "name":"Saint Meinrad School of Theology",
    "state":"IN",
    "city":"St. Meinrad"
  },
  {
    "unitid":152497,
    "name":"Saint Elizabeth School of Nursing",
    "state":"IN",
    "city":"Lafayette"
  },
  {
    "unitid":154235,
    "name":"Saint Ambrose University",
    "state":"IA",
    "city":"Davenport"
  },
  {
    "unitid":154262,
    "name":"St Luke's College",
    "state":"IA",
    "city":"Sioux City"
  },
  {
    "unitid":154350,
    "name":"Simpson College",
    "state":"IA",
    "city":"Indianola"
  },
  {
    "unitid":154378,
    "name":"Southeastern Community College",
    "state":"IA",
    "city":"West Burlington"
  },
  {
    "unitid":154396,
    "name":"Southwestern Community College",
    "state":"IA",
    "city":"Creston"
  },
  {
    "unitid":154466,
    "name":"SOHO Hair Academy",
    "state":"IA",
    "city":"Council Bluffs"
  },
  {
    "unitid":155830,
    "name":"Salina Area Technical College",
    "state":"KS",
    "city":"Salina"
  },
  {
    "unitid":155858,
    "name":"Seward County Community College",
    "state":"KS",
    "city":"Liberal"
  },
  {
    "unitid":155900,
    "name":"Southwestern College",
    "state":"KS",
    "city":"Winfield"
  },
  {
    "unitid":155937,
    "name":"Sterling College",
    "state":"KS",
    "city":"Sterling"
  },
  {
    "unitid":156338,
    "name":"Southcentral Kentucky Community and Technical College",
    "state":"KY",
    "city":"Bowling Green"
  },
  {
    "unitid":156967,
    "name":"Summit Salon Academy-Lexington",
    "state":"KY",
    "city":"Lexington"
  },
  {
    "unitid":157711,
    "name":"Somerset Community College",
    "state":"KY",
    "city":"Somerset"
  },
  {
    "unitid":157739,
    "name":"Southeast Kentucky Community & Technical College",
    "state":"KY",
    "city":"Cumberland"
  },
  {
    "unitid":157757,
    "name":"Spalding University",
    "state":"KY",
    "city":"Louisville"
  },
  {
    "unitid":157793,
    "name":"Sullivan University",
    "state":"KY",
    "city":"Louisville"
  },
  {
    "unitid":160409,
    "name":"Saint Joseph Seminary College",
    "state":"LA",
    "city":"St. Benedict"
  },
  {
    "unitid":160533,
    "name":"Southern University-Board and System",
    "state":"Louisiana",
    "city":null
  },
  {
    "unitid":160579,
    "name":"SOWELA Technical Community College",
    "state":"LA",
    "city":"Lake Charles"
  },
  {
    "unitid":160597,
    "name":"Stevensons Academy of Hair Design",
    "state":"LA",
    "city":"New Orleans"
  },
  {
    "unitid":160612,
    "name":"Southeastern Louisiana University",
    "state":"LA",
    "city":"Hammond"
  },
  {
    "unitid":160621,
    "name":"Southern University and A & M College",
    "state":"LA",
    "city":"Baton Rouge"
  },
  {
    "unitid":160630,
    "name":"Southern University at New Orleans",
    "state":"LA",
    "city":"New Orleans"
  },
  {
    "unitid":160649,
    "name":"Southern University at Shreveport",
    "state":"LA",
    "city":"Shreveport"
  },
  {
    "unitid":161518,
    "name":"Saint Joseph's College of Maine",
    "state":"ME",
    "city":"Standish"
  },
  {
    "unitid":161527,
    "name":"Spa Tech Institute-Westbrook",
    "state":"ME",
    "city":"Westbrook"
  },
  {
    "unitid":161545,
    "name":"Southern Maine Community College",
    "state":"ME",
    "city":"South Portland"
  },
  {
    "unitid":163851,
    "name":"Salisbury University",
    "state":"MD",
    "city":"Salisbury"
  },
  {
    "unitid":163912,
    "name":"St. Mary's College of Maryland",
    "state":"MD",
    "city":"St. Mary's City"
  },
  {
    "unitid":163976,
    "name":"St. John's College",
    "state":"MD",
    "city":"Annapolis"
  },
  {
    "unitid":164173,
    "name":"Stevenson University",
    "state":"MD",
    "city":"Owings Mills"
  },
  {
    "unitid":165060,
    "name":"Signature Healthcare Brockton Hospital School of Nursing",
    "state":"MA",
    "city":"Brockton"
  },
  {
    "unitid":167677,
    "name":"Saint John's Seminary",
    "state":"MA",
    "city":"Brighton"
  },
  {
    "unitid":167729,
    "name":"Salem State University",
    "state":"MA",
    "city":"Salem"
  },
  {
    "unitid":167783,
    "name":"Simmons University",
    "state":"MA",
    "city":"Boston"
  },
  {
    "unitid":167835,
    "name":"Smith College",
    "state":"MA",
    "city":"Northampton"
  },
  {
    "unitid":167871,
    "name":"Southeastern Technical Institute",
    "state":"MA",
    "city":"South Easton"
  },
  {
    "unitid":167899,
    "name":"Springfield College",
    "state":"MA",
    "city":"Springfield"
  },
  {
    "unitid":167905,
    "name":"Springfield Technical Community College",
    "state":"MA",
    "city":"Springfield"
  },
  {
    "unitid":167996,
    "name":"Stonehill College",
    "state":"MA",
    "city":"Easton"
  },
  {
    "unitid":168005,
    "name":"Suffolk University",
    "state":"MA",
    "city":"Boston"
  },
  {
    "unitid":172033,
    "name":"Sacred Heart Major Seminary",
    "state":"MI",
    "city":"Detroit"
  },
  {
    "unitid":172051,
    "name":"Saginaw Valley State University",
    "state":"MI",
    "city":"University Center"
  },
  {
    "unitid":172200,
    "name":"Schoolcraft Community College District",
    "state":"MI",
    "city":"Livonia"
  },
  {
    "unitid":172264,
    "name":"Siena Heights University",
    "state":"MI",
    "city":"Adrian"
  },
  {
    "unitid":172291,
    "name":"St Clair County Community College",
    "state":"MI",
    "city":"Port Huron"
  },
  {
    "unitid":172307,
    "name":"Southwestern Michigan College",
    "state":"MI",
    "city":"Dowagiac"
  },
  {
    "unitid":172334,
    "name":"Spring Arbor University",
    "state":"MI",
    "city":"Spring Arbor"
  },
  {
    "unitid":173911,
    "name":"South Central College",
    "state":"MN",
    "city":"North Mankato"
  },
  {
    "unitid":174756,
    "name":"St Cloud Technical and Community College",
    "state":"MN",
    "city":"Saint Cloud"
  },
  {
    "unitid":174783,
    "name":"Saint Cloud State University",
    "state":"MN",
    "city":"Saint Cloud"
  },
  {
    "unitid":174792,
    "name":"Saint Johns University",
    "state":"MN",
    "city":"Collegeville"
  },
  {
    "unitid":174817,
    "name":"Saint Mary's University of Minnesota",
    "state":"MN",
    "city":"Winona"
  },
  {
    "unitid":174844,
    "name":"St Olaf College",
    "state":"MN",
    "city":"Northfield"
  },
  {
    "unitid":175005,
    "name":"St Catherine University",
    "state":"MN",
    "city":"Saint Paul"
  },
  {
    "unitid":175041,
    "name":"Saint Paul College",
    "state":"MN",
    "city":"Saint Paul"
  },
  {
    "unitid":175078,
    "name":"Southwest Minnesota State University",
    "state":"MN",
    "city":"Marshall"
  },
  {
    "unitid":175120,
    "name":"Summit Academy Opportunities Industrialization Center",
    "state":"MN",
    "city":"Minneapolis"
  },
  {
    "unitid":176336,
    "name":"Southeastern Baptist College",
    "state":"MS",
    "city":"Laurel"
  },
  {
    "unitid":176354,
    "name":"Southwest Mississippi Community College",
    "state":"MS",
    "city":"Summit"
  },
  {
    "unitid":177603,
    "name":"Summit Salon Academy Kansas City",
    "state":"MO",
    "city":"Independence"
  },
  {
    "unitid":177977,
    "name":"State Technical College of Missouri",
    "state":"MO",
    "city":"Linn"
  },
  {
    "unitid":178767,
    "name":"Stevens-The Institute of Business & Arts",
    "state":"MO",
    "city":"Saint Louis"
  },
  {
    "unitid":179159,
    "name":"Saint Louis University",
    "state":"MO",
    "city":"Saint Louis"
  },
  {
    "unitid":179195,
    "name":"Salem College of Hairstyling",
    "state":"MO",
    "city":"Rolla"
  },
  {
    "unitid":179308,
    "name":"Saint Louis Community College",
    "state":"MO",
    "city":"Bridgeton"
  },
  {
    "unitid":179317,
    "name":"Saint Paul School of Theology",
    "state":"KS",
    "city":"Leawood"
  },
  {
    "unitid":179326,
    "name":"Southwest Baptist University",
    "state":"MO",
    "city":"Bolivar"
  },
  {
    "unitid":179511,
    "name":"St Louis College of Health Careers-St Louis",
    "state":"MO",
    "city":"Saint Louis"
  },
  {
    "unitid":179539,
    "name":"State Fair Community College",
    "state":"MO",
    "city":"Sedalia"
  },
  {
    "unitid":179548,
    "name":"Stephens College",
    "state":"MO",
    "city":"Columbia"
  },
  {
    "unitid":179557,
    "name":"Southeast Missouri State University",
    "state":"MO",
    "city":"Cape Girardeau"
  },
  {
    "unitid":180647,
    "name":"Salish Kootenai College",
    "state":"MT",
    "city":"Pablo"
  },
  {
    "unitid":181543,
    "name":"Summit Christian College",
    "state":"NE",
    "city":"Gering"
  },
  {
    "unitid":181640,
    "name":"Southeast Community College Area",
    "state":"NE",
    "city":"Lincoln"
  },
  {
    "unitid":183026,
    "name":"Southern New Hampshire University",
    "state":"NH",
    "city":"Manchester"
  },
  {
    "unitid":183239,
    "name":"Saint Anselm College",
    "state":"NH",
    "city":"Manchester"
  },
  {
    "unitid":183248,
    "name":"St Joseph School of Nursing",
    "state":"NH",
    "city":"Nashua"
  },
  {
    "unitid":186432,
    "name":"Saint Peter's University",
    "state":"NJ",
    "city":"Jersey City"
  },
  {
    "unitid":186469,
    "name":"Salem Community College",
    "state":"NJ",
    "city":"Carneys Point"
  },
  {
    "unitid":186584,
    "name":"Seton Hall University",
    "state":"NJ",
    "city":"South Orange"
  },
  {
    "unitid":186593,
    "name":"Shore Beauty School",
    "state":"NJ",
    "city":"Egg Harbor Township"
  },
  {
    "unitid":186618,
    "name":"Saint Elizabeth University",
    "state":"NJ",
    "city":"Morristown"
  },
  {
    "unitid":186867,
    "name":"Stevens Institute of Technology",
    "state":"NJ",
    "city":"Hoboken"
  },
  {
    "unitid":186876,
    "name":"Stockton University",
    "state":"NJ",
    "city":"Galloway"
  },
  {
    "unitid":188003,
    "name":"Southeast New Mexico College",
    "state":"NM",
    "city":"Carlsbad"
  },
  {
    "unitid":188100,
    "name":"San Juan College",
    "state":"NM",
    "city":"Farmington"
  },
  {
    "unitid":188137,
    "name":"Santa Fe Community College",
    "state":"NM",
    "city":"Santa Fe"
  },
  {
    "unitid":188207,
    "name":"Southwestern College",
    "state":"NM",
    "city":"Santa Fe"
  },
  {
    "unitid":188216,
    "name":"Southwestern Indian Polytechnic Institute",
    "state":"NM",
    "city":"Albuquerque"
  },
  {
    "unitid":188438,
    "name":"SUNY Adirondack",
    "state":"NY",
    "city":"Queensbury"
  },
  {
    "unitid":189547,
    "name":"SUNY Broome Community College",
    "state":"NY",
    "city":"Binghamton"
  },
  {
    "unitid":189811,
    "name":"St Paul's School of Nursing-Queens",
    "state":"NY",
    "city":"Rego Park"
  },
  {
    "unitid":190442,
    "name":"SUNY Corning Community College",
    "state":"NY",
    "city":"Corning"
  },
  {
    "unitid":192961,
    "name":"St. Peter's Hospital College of Nursing",
    "state":"NY",
    "city":"Albany"
  },
  {
    "unitid":195155,
    "name":"St Bernard's School of Theology and Ministry",
    "state":"NY",
    "city":"Rochester"
  },
  {
    "unitid":195164,
    "name":"St Bonaventure University",
    "state":"NY",
    "city":"Saint Bonaventure"
  },
  {
    "unitid":195173,
    "name":"St. Francis College",
    "state":"NY",
    "city":"Brooklyn"
  },
  {
    "unitid":195191,
    "name":"St. Joseph's College of Nursing",
    "state":"NY",
    "city":"Syracuse"
  },
  {
    "unitid":195216,
    "name":"St Lawrence University",
    "state":"NY",
    "city":"Canton"
  },
  {
    "unitid":195243,
    "name":"St. Thomas Aquinas College",
    "state":"NY",
    "city":"Sparkill"
  },
  {
    "unitid":195289,
    "name":"Samaritan Hospital School of Nursing",
    "state":"NY",
    "city":"Troy"
  },
  {
    "unitid":195304,
    "name":"Sarah Lawrence College",
    "state":"NY",
    "city":"Bronxville"
  },
  {
    "unitid":195322,
    "name":"Schenectady County Community College",
    "state":"NY",
    "city":"Schenectady"
  },
  {
    "unitid":195438,
    "name":"Sh'or Yoshuv Rabbinical College",
    "state":"NY",
    "city":"Lawrence"
  },
  {
    "unitid":195474,
    "name":"Siena College",
    "state":"NY",
    "city":"Loudonville"
  },
  {
    "unitid":195526,
    "name":"Skidmore College",
    "state":"NY",
    "city":"Saratoga Springs"
  },
  {
    "unitid":195544,
    "name":"St. Joseph's University-New York",
    "state":"NY",
    "city":"Brooklyn"
  },
  {
    "unitid":195580,
    "name":"Saint Vladimirs Orthodox Theological Seminary",
    "state":"NY",
    "city":"Yonkers"
  },
  {
    "unitid":195702,
    "name":"Saint Elizabeth College of Nursing",
    "state":"NY",
    "city":"Utica"
  },
  {
    "unitid":195720,
    "name":"St. John Fisher University",
    "state":"NY",
    "city":"Rochester"
  },
  {
    "unitid":195784,
    "name":"St Paul's School of Nursing-Staten Island",
    "state":"NY",
    "city":"Staten Island"
  },
  {
    "unitid":195809,
    "name":"St. John's University-New York",
    "state":"NY",
    "city":"Queens"
  },
  {
    "unitid":195827,
    "name":"SUNY-System Office",
    "state":"New York",
    "city":null
  },
  {
    "unitid":195988,
    "name":"Sullivan County Community College",
    "state":"NY",
    "city":"Loch Sheldrake"
  },
  {
    "unitid":196006,
    "name":"SUNY College of Technology at Alfred",
    "state":"NY",
    "city":"Alfred"
  },
  {
    "unitid":196015,
    "name":"SUNY College of Technology at Canton",
    "state":"NY",
    "city":"Canton"
  },
  {
    "unitid":196024,
    "name":"SUNY College of Technology at Delhi",
    "state":"NY",
    "city":"Delhi"
  },
  {
    "unitid":196033,
    "name":"SUNY College of Agriculture and Technology at Cobleskill",
    "state":"NY",
    "city":"Cobleskill"
  },
  {
    "unitid":196051,
    "name":"SUNY Morrisville",
    "state":"NY",
    "city":"Morrisville"
  },
  {
    "unitid":196097,
    "name":"Stony Brook University",
    "state":"NY",
    "city":"Stony Brook"
  },
  {
    "unitid":196103,
    "name":"SUNY College of Environmental Science and Forestry",
    "state":"NY",
    "city":"Syracuse"
  },
  {
    "unitid":196112,
    "name":"SUNY Polytechnic Institute",
    "state":"NY",
    "city":"Utica"
  },
  {
    "unitid":196121,
    "name":"SUNY Brockport",
    "state":"NY",
    "city":"Brockport"
  },
  {
    "unitid":196130,
    "name":"SUNY Buffalo State University",
    "state":"NY",
    "city":"Buffalo"
  },
  {
    "unitid":196149,
    "name":"State University of New York at Cortland",
    "state":"NY",
    "city":"Cortland"
  },
  {
    "unitid":196158,
    "name":"SUNY at Fredonia",
    "state":"NY",
    "city":"Fredonia"
  },
  {
    "unitid":196167,
    "name":"SUNY College at Geneseo",
    "state":"NY",
    "city":"Geneseo"
  },
  {
    "unitid":196176,
    "name":"State University of New York at New Paltz",
    "state":"NY",
    "city":"New Paltz"
  },
  {
    "unitid":196185,
    "name":"SUNY Oneonta",
    "state":"NY",
    "city":"Oneonta"
  },
  {
    "unitid":196194,
    "name":"State University of New York at Oswego",
    "state":"NY",
    "city":"Oswego"
  },
  {
    "unitid":196200,
    "name":"SUNY College at Potsdam",
    "state":"NY",
    "city":"Potsdam"
  },
  {
    "unitid":196219,
    "name":"SUNY at Purchase College",
    "state":"NY",
    "city":"Purchase"
  },
  {
    "unitid":196228,
    "name":"SUNY College of Optometry",
    "state":"NY",
    "city":"New York"
  },
  {
    "unitid":196237,
    "name":"SUNY Old Westbury",
    "state":"NY",
    "city":"Old Westbury"
  },
  {
    "unitid":196246,
    "name":"SUNY College at Plattsburgh",
    "state":"NY",
    "city":"Plattsburgh"
  },
  {
    "unitid":196255,
    "name":"SUNY Downstate Health Sciences University",
    "state":"NY",
    "city":"Brooklyn"
  },
  {
    "unitid":196291,
    "name":"SUNY Maritime College",
    "state":"NY",
    "city":"Throggs Neck"
  },
  {
    "unitid":196389,
    "name":"Swedish Institute a College of Health Sciences",
    "state":"NY",
    "city":"New York"
  },
  {
    "unitid":196413,
    "name":"Syracuse University",
    "state":"NY",
    "city":"Syracuse"
  },
  {
    "unitid":197151,
    "name":"School of Visual Arts",
    "state":"NY",
    "city":"New York"
  },
  {
    "unitid":197294,
    "name":"SUNY Westchester Community College",
    "state":"NY",
    "city":"Valhalla"
  },
  {
    "unitid":197850,
    "name":"South Piedmont Community College",
    "state":"NC",
    "city":"Polkton"
  },
  {
    "unitid":199582,
    "name":"Saint Augustine's University",
    "state":"NC",
    "city":"Raleigh"
  },
  {
    "unitid":199607,
    "name":"Salem College",
    "state":"NC",
    "city":"Winston-Salem"
  },
  {
    "unitid":199625,
    "name":"Sampson Community College",
    "state":"NC",
    "city":"Clinton"
  },
  {
    "unitid":199634,
    "name":"Sandhills Community College",
    "state":"NC",
    "city":"Pinehurst"
  },
  {
    "unitid":199643,
    "name":"Shaw University",
    "state":"NC",
    "city":"Raleigh"
  },
  {
    "unitid":199698,
    "name":"St. Andrews University",
    "state":"NC",
    "city":"Laurinburg"
  },
  {
    "unitid":199722,
    "name":"Southeastern Community College",
    "state":"NC",
    "city":"Whiteville"
  },
  {
    "unitid":199731,
    "name":"Southwestern Community College",
    "state":"NC",
    "city":"Sylva"
  },
  {
    "unitid":199740,
    "name":"Stanly Community College",
    "state":"NC",
    "city":"Albemarle"
  },
  {
    "unitid":199759,
    "name":"Southeastern Baptist Theological Seminary",
    "state":"NC",
    "city":"Wake Forest"
  },
  {
    "unitid":199768,
    "name":"Surry Community College",
    "state":"NC",
    "city":"Dobson"
  },
  {
    "unitid":200466,
    "name":"Sitting Bull College",
    "state":"ND",
    "city":"Fort Yates"
  },
  {
    "unitid":205443,
    "name":"Shawnee State University",
    "state":"OH",
    "city":"Portsmouth"
  },
  {
    "unitid":205470,
    "name":"Sinclair Community College",
    "state":"OH",
    "city":"Dayton"
  },
  {
    "unitid":205841,
    "name":"Stark State College",
    "state":"OH",
    "city":"North Canton"
  },
  {
    "unitid":205887,
    "name":"Stautzenberger College-Maumee",
    "state":"OH",
    "city":"Maumee"
  },
  {
    "unitid":205966,
    "name":"Southern State Community College",
    "state":"OH",
    "city":"Hillsboro"
  },
  {
    "unitid":206862,
    "name":"Southern Nazarene University",
    "state":"OK",
    "city":"Bethany"
  },
  {
    "unitid":207254,
    "name":"Spartan College of Aeronautics and Technology",
    "state":"OK",
    "city":"Tulsa"
  },
  {
    "unitid":207740,
    "name":"Seminole State College",
    "state":"OK",
    "city":"Seminole"
  },
  {
    "unitid":207786,
    "name":"Southern School of Beauty Inc",
    "state":"OK",
    "city":"Durant"
  },
  {
    "unitid":207847,
    "name":"Southeastern Oklahoma State University",
    "state":"OK",
    "city":"Durant"
  },
  {
    "unitid":207856,
    "name":"Southwestern Christian University",
    "state":"OK",
    "city":"Bethany"
  },
  {
    "unitid":207865,
    "name":"Southwestern Oklahoma State University",
    "state":"OK",
    "city":"Weatherford"
  },
  {
    "unitid":208512,
    "name":"Sumner College",
    "state":"OR",
    "city":"Portland"
  },
  {
    "unitid":209719,
    "name":"Summit Salon Academy-Portland",
    "state":"OR",
    "city":"Tigard"
  },
  {
    "unitid":210146,
    "name":"Southern Oregon University",
    "state":"OR",
    "city":"Ashland"
  },
  {
    "unitid":210155,
    "name":"Southwestern Oregon Community College",
    "state":"OR",
    "city":"Coos Bay"
  },
  {
    "unitid":214564,
    "name":"Salus University",
    "state":"PA",
    "city":"Elkins Park"
  },
  {
    "unitid":215743,
    "name":"Saint Francis University",
    "state":"PA",
    "city":"Loretto"
  },
  {
    "unitid":215770,
    "name":"Saint Joseph's University",
    "state":"PA",
    "city":"Philadelphia"
  },
  {
    "unitid":215798,
    "name":"Saint Vincent College",
    "state":"PA",
    "city":"Latrobe"
  },
  {
    "unitid":215813,
    "name":"Saint Vincent Seminary",
    "state":"PA",
    "city":"Latrobe"
  },
  {
    "unitid":215886,
    "name":"Schuylkill Technology Center",
    "state":"PA",
    "city":"Frackville"
  },
  {
    "unitid":215947,
    "name":"Seton Hill University",
    "state":"PA",
    "city":"Greensburg"
  },
  {
    "unitid":215983,
    "name":"Sharon Regional School of Nursing",
    "state":"PA",
    "city":"Sharon"
  },
  {
    "unitid":216010,
    "name":"Shippensburg University of Pennsylvania",
    "state":"PA",
    "city":"Shippensburg"
  },
  {
    "unitid":216038,
    "name":"Slippery Rock University of Pennsylvania",
    "state":"PA",
    "city":"Slippery Rock"
  },
  {
    "unitid":216047,
    "name":"Saint Charles Borromeo Seminary-Overbrook",
    "state":"PA",
    "city":"Wynnewood"
  },
  {
    "unitid":216074,
    "name":"South Hills Beauty Academy",
    "state":"PA",
    "city":"Pittsburgh"
  },
  {
    "unitid":216083,
    "name":"South Hills School of Business & Technology",
    "state":"PA",
    "city":"State College"
  },
  {
    "unitid":216162,
    "name":"St Lukes Hospital School of Nursing",
    "state":"PA",
    "city":"Bethlehem"
  },
  {
    "unitid":216278,
    "name":"Susquehanna University",
    "state":"PA",
    "city":"Selinsgrove"
  },
  {
    "unitid":216287,
    "name":"Swarthmore College",
    "state":"PA",
    "city":"Swarthmore"
  },
  {
    "unitid":217536,
    "name":"Salve Regina University",
    "state":"RI",
    "city":"Newport"
  },
  {
    "unitid":217776,
    "name":"Southern Wesleyan University",
    "state":"SC",
    "city":"Central"
  },
  {
    "unitid":218733,
    "name":"South Carolina State University",
    "state":"SC",
    "city":"Orangeburg"
  },
  {
    "unitid":218751,
    "name":"Sherman College of Chiropractic",
    "state":"SC",
    "city":"Spartanburg"
  },
  {
    "unitid":218821,
    "name":"Spartanburg Methodist College",
    "state":"SC",
    "city":"Spartanburg"
  },
  {
    "unitid":218830,
    "name":"Spartanburg Community College",
    "state":"SC",
    "city":"Spartanburg"
  },
  {
    "unitid":219347,
    "name":"South Dakota School of Mines and Technology",
    "state":"SD",
    "city":"Rapid City"
  },
  {
    "unitid":219356,
    "name":"South Dakota State University",
    "state":"SD",
    "city":"Brookings"
  },
  {
    "unitid":219374,
    "name":"Sinte Gleska University",
    "state":"SD",
    "city":"Mission"
  },
  {
    "unitid":219392,
    "name":"Sanford Medical Center",
    "state":"SD",
    "city":"Sioux Falls"
  },
  {
    "unitid":219408,
    "name":"Sisseton Wahpeton College",
    "state":"SD",
    "city":"Sisseton"
  },
  {
    "unitid":219426,
    "name":"Southeast Technical College",
    "state":"SD",
    "city":"Sioux Falls"
  },
  {
    "unitid":219453,
    "name":"Stewart School",
    "state":"SD",
    "city":"Sioux Falls"
  },
  {
    "unitid":220552,
    "name":"South College",
    "state":"TN",
    "city":"Knoxville"
  },
  {
    "unitid":221485,
    "name":"Southwest Tennessee Community College",
    "state":"TN",
    "city":"Memphis"
  },
  {
    "unitid":221661,
    "name":"Southern Adventist University",
    "state":"TN",
    "city":"Collegedale"
  },
  {
    "unitid":221670,
    "name":"Southern College of Optometry",
    "state":"TN",
    "city":"Memphis"
  },
  {
    "unitid":226903,
    "name":"Southern Careers Institute-Austin",
    "state":"TX",
    "city":"Austin"
  },
  {
    "unitid":227845,
    "name":"Saint Edward's University",
    "state":"TX",
    "city":"Austin"
  },
  {
    "unitid":227854,
    "name":"St Philip's College",
    "state":"TX",
    "city":"San Antonio"
  },
  {
    "unitid":227881,
    "name":"Sam Houston State University",
    "state":"TX",
    "city":"Huntsville"
  },
  {
    "unitid":227924,
    "name":"San Antonio College",
    "state":"TX",
    "city":"San Antonio"
  },
  {
    "unitid":227979,
    "name":"San Jacinto Community College",
    "state":"TX",
    "city":"Pasadena"
  },
  {
    "unitid":228042,
    "name":"Schreiner University",
    "state":"TX",
    "city":"Kerrville"
  },
  {
    "unitid":228088,
    "name":"Seguin Beauty School-Seguin",
    "state":"TX",
    "city":"Seguin"
  },
  {
    "unitid":228149,
    "name":"St. Mary's University",
    "state":"TX",
    "city":"San Antonio"
  },
  {
    "unitid":228158,
    "name":"South Plains College",
    "state":"TX",
    "city":"Levelland"
  },
  {
    "unitid":228185,
    "name":"South Texas Barber College Inc",
    "state":"TX",
    "city":"Corpus Christi"
  },
  {
    "unitid":228194,
    "name":"South Texas College of Law Houston",
    "state":"TX",
    "city":"Houston"
  },
  {
    "unitid":228200,
    "name":"South Texas Vocational Technical Institute-Weslaco",
    "state":"TX",
    "city":"Weslaco"
  },
  {
    "unitid":228246,
    "name":"Southern Methodist University",
    "state":"TX",
    "city":"Dallas"
  },
  {
    "unitid":228282,
    "name":"Southwest School of Business and Technical Careers-San Antonio",
    "state":"TX",
    "city":"San Antonio"
  },
  {
    "unitid":228316,
    "name":"Southwest Texas Junior College",
    "state":"TX",
    "city":"Uvalde"
  },
  {
    "unitid":228325,
    "name":"Southwestern Assemblies of God University",
    "state":"TX",
    "city":"Waxahachie"
  },
  {
    "unitid":228343,
    "name":"Southwestern University",
    "state":"TX",
    "city":"Georgetown"
  },
  {
    "unitid":228431,
    "name":"Stephen F Austin State University",
    "state":"TX",
    "city":"Nacogdoches"
  },
  {
    "unitid":228468,
    "name":"Southwestern Adventist University",
    "state":"TX",
    "city":"Keene"
  },
  {
    "unitid":228486,
    "name":"Southwestern Christian College",
    "state":"TX",
    "city":"Terrell"
  },
  {
    "unitid":228501,
    "name":"Sul Ross State University",
    "state":"TX",
    "city":"Alpine"
  },
  {
    "unitid":230597,
    "name":"Snow College",
    "state":"UT",
    "city":"Ephraim"
  },
  {
    "unitid":230603,
    "name":"Southern Utah University",
    "state":"UT",
    "city":"Cedar City"
  },
  {
    "unitid":230746,
    "name":"Salt Lake Community College",
    "state":"UT",
    "city":"Salt Lake City"
  },
  {
    "unitid":231059,
    "name":"Saint Michael's College",
    "state":"VT",
    "city":"Colchester"
  },
  {
    "unitid":231068,
    "name":"SIT Graduate Institute",
    "state":"VT",
    "city":"Brattleboro"
  },
  {
    "unitid":231095,
    "name":"Sterling College",
    "state":"VT",
    "city":"Craftsbury Common"
  },
  {
    "unitid":232724,
    "name":"Sovah School of Health Professions",
    "state":"VA",
    "city":"Danville"
  },
  {
    "unitid":232885,
    "name":"Sentara College of Health Sciences",
    "state":"VA",
    "city":"Chesapeake"
  },
  {
    "unitid":233082,
    "name":"Southside College of Health Sciences",
    "state":"VA",
    "city":"Colonial Heights"
  },
  {
    "unitid":233286,
    "name":"Sylvain Melloul International Hair Academy",
    "state":"VA",
    "city":"Lynchburg"
  },
  {
    "unitid":233541,
    "name":"Shenandoah University",
    "state":"VA",
    "city":"Winchester"
  },
  {
    "unitid":233602,
    "name":"Southeastern Free Will Baptist Bible College",
    "state":"NC",
    "city":"Wendell"
  },
  {
    "unitid":233611,
    "name":"Southern Virginia University",
    "state":"VA",
    "city":"Buena Vista"
  },
  {
    "unitid":233639,
    "name":"Southside Virginia Community College",
    "state":"VA",
    "city":"Alberta"
  },
  {
    "unitid":233648,
    "name":"Southwest Virginia Community College",
    "state":"VA",
    "city":"Cedar Bluff"
  },
  {
    "unitid":233666,
    "name":"Staunton School of Cosmetology",
    "state":"VA",
    "city":"Staunton"
  },
  {
    "unitid":233684,
    "name":"Strayer University-Virginia",
    "state":"VA",
    "city":"Arlington"
  },
  {
    "unitid":233718,
    "name":"Sweet Briar College",
    "state":"VA",
    "city":"Sweet Briar"
  },
  {
    "unitid":236452,
    "name":"Saint Martin's University",
    "state":"WA",
    "city":"Lacey"
  },
  {
    "unitid":236504,
    "name":"South Seattle College",
    "state":"WA",
    "city":"Seattle"
  },
  {
    "unitid":236513,
    "name":"Seattle Central College",
    "state":"WA",
    "city":"Seattle"
  },
  {
    "unitid":236577,
    "name":"Seattle Pacific University",
    "state":"WA",
    "city":"Seattle"
  },
  {
    "unitid":236595,
    "name":"Seattle University",
    "state":"WA",
    "city":"Seattle"
  },
  {
    "unitid":236610,
    "name":"Shoreline Community College",
    "state":"WA",
    "city":"Shoreline"
  },
  {
    "unitid":236638,
    "name":"Skagit Valley College",
    "state":"WA",
    "city":"Mount Vernon"
  },
  {
    "unitid":236656,
    "name":"South Puget Sound Community College",
    "state":"WA",
    "city":"Olympia"
  },
  {
    "unitid":236692,
    "name":"Spokane Community College",
    "state":"WA",
    "city":"Spokane"
  },
  {
    "unitid":236708,
    "name":"Spokane Falls Community College",
    "state":"WA",
    "city":"Spokane"
  },
  {
    "unitid":236744,
    "name":"Stylemaster College of Hair Design",
    "state":"WA",
    "city":"Longview"
  },
  {
    "unitid":237783,
    "name":"Salem University",
    "state":"WV",
    "city":"Salem"
  },
  {
    "unitid":237792,
    "name":"Shepherd University",
    "state":"WV",
    "city":"Shepherdstown"
  },
  {
    "unitid":237817,
    "name":"Southern West Virginia Community and Technical College",
    "state":"WV",
    "city":"Mount Gay"
  },
  {
    "unitid":239637,
    "name":"Sacred Heart Seminary and School of Theology",
    "state":"Wisconsin",
    "city":null
  },
  {
    "unitid":239716,
    "name":"Saint Norbert College",
    "state":"WI",
    "city":"De Pere"
  },
  {
    "unitid":239877,
    "name":"State College of Beauty Culture Inc",
    "state":"WI",
    "city":"Wausau"
  },
  {
    "unitid":239910,
    "name":"Southwest Wisconsin Technical College",
    "state":"WI",
    "city":"Fennimore"
  },
  {
    "unitid":242060,
    "name":"Sistema Universitario Ana G. Mendez",
    "state":"Puerto Rico",
    "city":null
  },
  {
    "unitid":243498,
    "name":"Seminario Evangelico de Puerto Rico",
    "state":"PR",
    "city":"San Juan"
  },
  {
    "unitid":243744,
    "name":"Stanford University",
    "state":"CA",
    "city":"Stanford"
  },
  {
    "unitid":245652,
    "name":"St. John's College",
    "state":"NM",
    "city":"Santa Fe"
  },
  {
    "unitid":247603,
    "name":"Sussex County Community College",
    "state":"NJ",
    "city":"Newton"
  },
  {
    "unitid":251260,
    "name":"Southern Union State Community College",
    "state":"AL",
    "city":"Wadley"
  },
  {
    "unitid":251312,
    "name":"South University-Columbia",
    "state":"SC",
    "city":"Columbia"
  },
  {
    "unitid":262031,
    "name":"St Charles Community College",
    "state":"MO",
    "city":"Cottleville"
  },
  {
    "unitid":262457,
    "name":"San Joaquin Valley College-Fresno",
    "state":"CA",
    "city":"Fresno"
  },
  {
    "unitid":365198,
    "name":"Southern Oklahoma Technology Center",
    "state":"OK",
    "city":"Ardmore"
  },
  {
    "unitid":366003,
    "name":"South Florida Bible College and Theological Seminary",
    "state":"FL",
    "city":"Deerfield Beach"
  },
  {
    "unitid":366340,
    "name":"Stone Child College",
    "state":"MT",
    "city":"Box Elder"
  },
  {
    "unitid":366395,
    "name":"Suffolk County Community College",
    "state":"NY",
    "city":"Selden"
  },
  {
    "unitid":366553,
    "name":"Southern Technical College",
    "state":"FL",
    "city":"Fort Myers"
  },
  {
    "unitid":366605,
    "name":"Southwest Acupuncture College-Santa Fe",
    "state":"NM",
    "city":"Santa Fe"
  },
  {
    "unitid":368364,
    "name":"Southwest Technology Center",
    "state":"OK",
    "city":"Altus"
  },
  {
    "unitid":368540,
    "name":"Seguin Beauty School-New Braunfels",
    "state":"TX",
    "city":"New Braunfels"
  },
  {
    "unitid":368911,
    "name":"Southeastern Technical College",
    "state":"GA",
    "city":"Vidalia"
  },
  {
    "unitid":377218,
    "name":"School of Automotive Machinists & Technology",
    "state":"TX",
    "city":"Houston"
  },
  {
    "unitid":382911,
    "name":"Southwest College for the Deaf",
    "state":"TX",
    "city":"Big Spring"
  },
  {
    "unitid":383330,
    "name":"Sandusky Career Center",
    "state":"OH",
    "city":"Sandusky"
  },
  {
    "unitid":386153,
    "name":"Seminar L'moros Bais Yaakov",
    "state":"NY",
    "city":"Brooklyn"
  },
  {
    "unitid":391759,
    "name":"Sharp's Academy of Hairstyling",
    "state":"MI",
    "city":"Grand Blanc"
  },
  {
    "unitid":392354,
    "name":"School of Professional Horticulture, New York Botanical Garden",
    "state":"NY",
    "city":"Bronx"
  },
  {
    "unitid":399212,
    "name":"Santiago Canyon College",
    "state":"CA",
    "city":"Orange"
  },
  {
    "unitid":399869,
    "name":"Southern California Institute of Technology",
    "state":"CA",
    "city":"Anaheim"
  },
  {
    "unitid":399911,
    "name":"Soka University of America",
    "state":"CA",
    "city":"Aliso Viejo"
  },
  {
    "unitid":400080,
    "name":"Summit College",
    "state":"CA",
    "city":"San Bernardino"
  },
  {
    "unitid":404338,
    "name":"Schiller International University",
    "state":"FL",
    "city":"Tampa"
  },
  {
    "unitid":405076,
    "name":"Southern Careers Institute-Corpus Christi",
    "state":"TX",
    "city":"Corpus Christi"
  },
  {
    "unitid":406149,
    "name":"Sarasota School of Massage Therapy",
    "state":"FL",
    "city":"Sarasota"
  },
  {
    "unitid":406325,
    "name":"Schuyler Steuben Chemung Tioga Allegany BOCES",
    "state":"NY",
    "city":"Elmira"
  },
  {
    "unitid":407151,
    "name":"Stage One-The Hair School",
    "state":"LA",
    "city":"Lake Charles"
  },
  {
    "unitid":407355,
    "name":"Stephanie Moss Academy",
    "state":"NE",
    "city":"Omaha"
  },
  {
    "unitid":407577,
    "name":"Scioto County Career Technical Center",
    "state":"OH",
    "city":"Lucasville"
  },
  {
    "unitid":408385,
    "name":"Southern Careers Institute-Pharr",
    "state":"TX",
    "city":"Pharr"
  },
  {
    "unitid":409315,
    "name":"South Texas College",
    "state":"TX",
    "city":"McAllen"
  },
  {
    "unitid":412535,
    "name":"Shawsheen Valley School of Practical Nursing",
    "state":"MA",
    "city":"Billerica"
  },
  {
    "unitid":412544,
    "name":"Shear Ego International School of Hair Design",
    "state":"NY",
    "city":"Rochester"
  },
  {
    "unitid":413680,
    "name":"Spartan College of Aeronautics & Technology",
    "state":"CA",
    "city":"Inglewood"
  },
  {
    "unitid":417275,
    "name":"Stratford School for Aviation Maintenance Technicians",
    "state":"CT",
    "city":"Stratford"
  },
  {
    "unitid":417637,
    "name":"Southern Missouri Technical Institute",
    "state":"MO",
    "city":"West Plains"
  },
  {
    "unitid":417646,
    "name":"Saline County Career Center",
    "state":"MO",
    "city":"Marshall"
  },
  {
    "unitid":417734,
    "name":"Southeast Missouri Hospital College of Nursing and Health Sciences",
    "state":"MO",
    "city":"Cape Girardeau"
  },
  {
    "unitid":420246,
    "name":"Sonoran University of Health Sciences",
    "state":"AZ",
    "city":"Tempe"
  },
  {
    "unitid":422020,
    "name":"San Joaquin Valley College-Trades Education Center",
    "state":"CA",
    "city":"Fresno"
  },
  {
    "unitid":428170,
    "name":"Southeastern College-West Palm Beach",
    "state":"FL",
    "city":"West Palm Beach"
  },
  {
    "unitid":428426,
    "name":"San Bernardino Community College District",
    "state":"California",
    "city":null
  },
  {
    "unitid":430184,
    "name":"Strayer University-Maryland",
    "state":"MD",
    "city":"Suitland"
  },
  {
    "unitid":430245,
    "name":"Southern Careers Institute-San Antonio",
    "state":"TX",
    "city":"San Antonio"
  },
  {
    "unitid":430564,
    "name":"Studio Jewelers",
    "state":"NY",
    "city":"New York"
  },
  {
    "unitid":430670,
    "name":"San Juan Bautista School of Medicine",
    "state":"PR",
    "city":"Caguas"
  },
  {
    "unitid":432144,
    "name":"South Orange County Community College District",
    "state":"California",
    "city":null
  },
  {
    "unitid":434061,
    "name":"South Louisiana Community College",
    "state":"LA",
    "city":"Lafayette"
  },
  {
    "unitid":434496,
    "name":"Strand College of Hair Design",
    "state":"SC",
    "city":"Myrtle Beach"
  },
  {
    "unitid":436261,
    "name":"Southwest Acupuncture College-Boulder",
    "state":"CO",
    "city":"Boulder"
  },
  {
    "unitid":439914,
    "name":"Seattle Institute of East Asian Medicine",
    "state":"WA",
    "city":"Seattle"
  },
  {
    "unitid":439932,
    "name":"Shawnee Beauty College",
    "state":"OK",
    "city":"Shawnee"
  },
  {
    "unitid":440916,
    "name":"Southern University Law Center",
    "state":"LA",
    "city":"Baton Rouge"
  },
  {
    "unitid":441070,
    "name":"Saginaw Chippewa Tribal College",
    "state":"MI",
    "city":"Mount Pleasant"
  },
  {
    "unitid":441229,
    "name":"Smith Chason College",
    "state":"CA",
    "city":"Los Angeles"
  },
  {
    "unitid":441672,
    "name":"Susquehanna County Career and Technology Center",
    "state":"PA",
    "city":"Springville"
  },
  {
    "unitid":442426,
    "name":"St Louis College of Health Careers-Fenton",
    "state":"MO",
    "city":"Fenton"
  },
  {
    "unitid":442444,
    "name":"San Joaquin Valley College-Ontario",
    "state":"CA",
    "city":"Ontario"
  },
  {
    "unitid":442879,
    "name":"Southwest Institute of Healing Arts",
    "state":"AZ",
    "city":"Tempe"
  },
  {
    "unitid":443252,
    "name":"South Florida Institute of Technology",
    "state":"FL",
    "city":"Miami"
  },
  {
    "unitid":443261,
    "name":"Southeastern College-Charleston",
    "state":"SC",
    "city":"North Charleston"
  },
  {
    "unitid":443766,
    "name":"Strayer University-Tennessee",
    "state":"TN",
    "city":"Memphis"
  },
  {
    "unitid":443784,
    "name":"Strayer University-Pennsylvania",
    "state":"PA",
    "city":"Trevose"
  },
  {
    "unitid":444529,
    "name":"Stellar Career College",
    "state":"CA",
    "city":"Modesto"
  },
  {
    "unitid":444857,
    "name":"Skinworks School of Advanced Skincare",
    "state":"UT",
    "city":"Salt Lake City"
  },
  {
    "unitid":444866,
    "name":"Southeastern College-Columbia",
    "state":"SC",
    "city":"Columbia"
  },
  {
    "unitid":445647,
    "name":"Spa Tech Institute-Westboro",
    "state":"MA",
    "city":"Westborough"
  },
  {
    "unitid":445656,
    "name":"Spa Tech Institute-Plymouth",
    "state":"MA",
    "city":"Plymouth"
  },
  {
    "unitid":445957,
    "name":"Soma Institute-The National School of Clinical Massage Therapy",
    "state":"IL",
    "city":"Chicago"
  },
  {
    "unitid":446093,
    "name":"Sutter County Career Training Center",
    "state":"CA",
    "city":"Yuba City"
  },
  {
    "unitid":446525,
    "name":"SAE Institute of Technology-Nashville",
    "state":"TN",
    "city":"Nashville"
  },
  {
    "unitid":446552,
    "name":"Southern Technical College",
    "state":"FL",
    "city":"Orlando"
  },
  {
    "unitid":446561,
    "name":"Stanbridge University",
    "state":"CA",
    "city":"Irvine"
  },
  {
    "unitid":447351,
    "name":"San Joaquin Valley College-Modesto",
    "state":"CA",
    "city":"Salida"
  },
  {
    "unitid":447953,
    "name":"SUM Bible College and Theological Seminary",
    "state":"CA",
    "city":"El Dorado Hills"
  },
  {
    "unitid":448372,
    "name":"San Joaquin Valley College-Rancho Cordova",
    "state":"CA",
    "city":"Rancho Cordova"
  },
  {
    "unitid":448381,
    "name":"San Joaquin Valley College-Central Administrative Office",
    "state":"California",
    "city":null
  },
  {
    "unitid":448600,
    "name":"Stautzenberger College-Brecksville",
    "state":"OH",
    "city":"Brecksville"
  },
  {
    "unitid":449038,
    "name":"Strayer University-Florida",
    "state":"FL",
    "city":"Tampa"
  },
  {
    "unitid":449506,
    "name":"SABER College",
    "state":"FL",
    "city":"Miami"
  },
  {
    "unitid":449807,
    "name":"Southeast Texas Career Institute",
    "state":"TX",
    "city":"Silsbee"
  },
  {
    "unitid":449816,
    "name":"Southwest Technical College",
    "state":"UT",
    "city":"Cedar City"
  },
  {
    "unitid":449898,
    "name":"South University-Tampa",
    "state":"FL",
    "city":"Tampa"
  },
  {
    "unitid":450298,
    "name":"Strayer University-Delaware",
    "state":"DE",
    "city":"Wilmington"
  },
  {
    "unitid":450377,
    "name":"Strayer University-Alabama",
    "state":"AL",
    "city":"Birmingham"
  },
  {
    "unitid":451167,
    "name":"Shear Excellence Hair Academy",
    "state":"FL",
    "city":"Tampa"
  },
  {
    "unitid":451352,
    "name":"Southeastern College-Charlotte",
    "state":"NC",
    "city":"Charlotte"
  },
  {
    "unitid":451556,
    "name":"Southwest University at El Paso",
    "state":"TX",
    "city":"El Paso"
  },
  {
    "unitid":453163,
    "name":"Strayer University-North Carolina",
    "state":"NC",
    "city":"Greensboro"
  },
  {
    "unitid":453215,
    "name":"Strayer University-New Jersey",
    "state":"NJ",
    "city":"Piscataway"
  },
  {
    "unitid":454777,
    "name":"San Francisco Institute of Esthetics & Cosmetology Inc",
    "state":"CA",
    "city":"San Francisco"
  },
  {
    "unitid":455381,
    "name":"Skin Science Institute",
    "state":"UT",
    "city":"Sandy"
  },
  {
    "unitid":455725,
    "name":"Studio Academy of Beauty",
    "state":"AZ",
    "city":"Chandler"
  },
  {
    "unitid":455974,
    "name":"South Texas Training Center",
    "state":"TX",
    "city":"San Benito"
  },
  {
    "unitid":456588,
    "name":"Salon Success Academy-Fontana",
    "state":"CA",
    "city":"Fontana"
  },
  {
    "unitid":456597,
    "name":"Salon Success Academy-Redlands",
    "state":"CA",
    "city":"Redlands"
  },
  {
    "unitid":456621,
    "name":"Strayer University-West Virginia",
    "state":"WV",
    "city":"Scott Depot"
  },
  {
    "unitid":456852,
    "name":"San Joaquin Valley College-Hesperia",
    "state":"CA",
    "city":"Hesperia"
  },
  {
    "unitid":456922,
    "name":"South Texas Vocational Technical Institute-Brownsville",
    "state":"TX",
    "city":"Brownsville"
  },
  {
    "unitid":457420,
    "name":"Summit Salon Academy",
    "state":"FL",
    "city":"Tampa"
  },
  {
    "unitid":457439,
    "name":"Summit Salon Academy-Gainesville",
    "state":"FL",
    "city":"Gainesville"
  },
  {
    "unitid":457572,
    "name":"Summit Salon Academy",
    "state":"IN",
    "city":"Anderson"
  },
  {
    "unitid":457624,
    "name":"Southern Worcester County Regional Vocational School District",
    "state":"MA",
    "city":"Charlton"
  },
  {
    "unitid":457916,
    "name":"Summit Salon Academy-Perrysburg",
    "state":"OH",
    "city":"Perrysburg"
  },
  {
    "unitid":457943,
    "name":"Somerset County Technology Center",
    "state":"PA",
    "city":"Somerset"
  },
  {
    "unitid":458885,
    "name":"Strayer University-Arkansas",
    "state":"AR",
    "city":"Little Rock"
  },
  {
    "unitid":458919,
    "name":"Strayer University-Georgia",
    "state":"GA",
    "city":"Chamblee"
  },
  {
    "unitid":458955,
    "name":"Strayer University-Mississippi",
    "state":"MS",
    "city":"Jackson"
  },
  {
    "unitid":458964,
    "name":"Strayer University-South Carolina",
    "state":"SC",
    "city":"Greenville"
  },
  {
    "unitid":458973,
    "name":"Strayer University-Texas",
    "state":"TX",
    "city":"Farmers Branch"
  },
  {
    "unitid":459259,
    "name":"South University-Richmond",
    "state":"VA",
    "city":"Glen Allen"
  },
  {
    "unitid":459268,
    "name":"South University-Virginia Beach",
    "state":"VA",
    "city":"Virginia Beach"
  },
  {
    "unitid":459499,
    "name":"Sage School of Massage & Esthetics",
    "state":"OR",
    "city":"Bend"
  },
  {
    "unitid":459532,
    "name":"Salon & Spa Institute",
    "state":"TX",
    "city":"Brownsville"
  },
  {
    "unitid":459550,
    "name":"Summit Salon Academy",
    "state":"WA",
    "city":"Tacoma"
  },
  {
    "unitid":459967,
    "name":"Southern Careers Institute-Brownsville",
    "state":"TX",
    "city":"Brownsville"
  },
  {
    "unitid":459985,
    "name":"Southern Careers Institute-Harlingen",
    "state":"TX",
    "city":"Harlingen"
  },
  {
    "unitid":459994,
    "name":"Strayer University-Global Region",
    "state":"DC",
    "city":"Washington"
  },
  {
    "unitid":460932,
    "name":"Skin Institute",
    "state":"MO",
    "city":"Saint Louis"
  },
  {
    "unitid":461485,
    "name":"Shepherds Theological Seminary",
    "state":"NC",
    "city":"Cary"
  },
  {
    "unitid":461500,
    "name":"Santa Ana Beauty Academy",
    "state":"CA",
    "city":"Santa Ana"
  },
  {
    "unitid":461759,
    "name":"Simmons College of Kentucky",
    "state":"KY",
    "city":"Louisville"
  },
  {
    "unitid":461856,
    "name":"Southern California Health Institute",
    "state":"CA",
    "city":"North Hollywood"
  },
  {
    "unitid":462017,
    "name":"Summit Salon Academy-Kokomo",
    "state":"IN",
    "city":"Kokomo"
  },
  {
    "unitid":462053,
    "name":"State Career College",
    "state":"IL",
    "city":"Gurnee"
  },
  {
    "unitid":468291,
    "name":"San Joaquin Valley College-Hanford Classroom",
    "state":"CA",
    "city":"Hanford"
  },
  {
    "unitid":475121,
    "name":"South University-Savannah Online",
    "state":"GA",
    "city":"Savannah"
  },
  {
    "unitid":475176,
    "name":"San Joaquin Valley College-Temecula",
    "state":"CA",
    "city":"Temecula"
  },
  {
    "unitid":475273,
    "name":"Springfield College-Regional, Online, and Continuing Education",
    "state":"MA",
    "city":"Springfield"
  },
  {
    "unitid":475839,
    "name":"Sessions College for Professional Design",
    "state":"AZ",
    "city":"Tempe"
  },
  {
    "unitid":476629,
    "name":"Salon Institute-Toledo Campus",
    "state":"OH",
    "city":"Toledo"
  },
  {
    "unitid":480073,
    "name":"South University-Austin",
    "state":"TX",
    "city":"Round Rock"
  },
  {
    "unitid":480727,
    "name":"School of Missionary Aviation Technology",
    "state":"MI",
    "city":"Ionia"
  },
  {
    "unitid":480842,
    "name":"Shear Finesse Beauty Academy",
    "state":"FL",
    "city":"Jacksonville"
  },
  {
    "unitid":481094,
    "name":"Sotheby's Institute of Art-NY",
    "state":"NY",
    "city":"New York"
  },
  {
    "unitid":481128,
    "name":"Santa Ana Beauty College",
    "state":"CA",
    "city":"Santa Ana"
  },
  {
    "unitid":481137,
    "name":"Shepherds College",
    "state":"WI",
    "city":"Union Grove"
  },
  {
    "unitid":481322,
    "name":"Southern Texas Careers Academy",
    "state":"TX",
    "city":"McAllen"
  },
  {
    "unitid":481331,
    "name":"Sharp Edgez Barber Institute",
    "state":"NY",
    "city":"Rochester"
  },
  {
    "unitid":481535,
    "name":"Sanford Burnham Prebys Medical Discovery Institute",
    "state":"CA",
    "city":"La Jolla"
  },
  {
    "unitid":481720,
    "name":"South University-High Point",
    "state":"NC",
    "city":"High Point"
  },
  {
    "unitid":481775,
    "name":"San Joaquin Valley College-Lancaster",
    "state":"CA",
    "city":"Lancaster"
  },
  {
    "unitid":482015,
    "name":"Southern Careers Institute-San Antonio",
    "state":"TX",
    "city":"San Antonio"
  },
  {
    "unitid":482699,
    "name":"South Georgia State College",
    "state":"GA",
    "city":"Douglas"
  },
  {
    "unitid":483814,
    "name":"Standard Healthcare Services-College of Nursing",
    "state":"VA",
    "city":"Falls Church"
  },
  {
    "unitid":485476,
    "name":"Studio Beauty School",
    "state":"WA",
    "city":"Spokane Valley"
  },
  {
    "unitid":485856,
    "name":"Studio Incamminati",
    "state":"PA",
    "city":"Philadelphia"
  },
  {
    "unitid":485874,
    "name":"Salon Boutique Academy",
    "state":"TX",
    "city":"Addison"
  },
  {
    "unitid":486239,
    "name":"San Ignacio University",
    "state":"FL",
    "city":"Doral"
  },
  {
    "unitid":486372,
    "name":"San Francisco Film School",
    "state":"CA",
    "city":"San Francisco"
  },
  {
    "unitid":486424,
    "name":"Saint Michael College of Allied Health",
    "state":"DC",
    "city":"Washington"
  },
  {
    "unitid":486442,
    "name":"Sandra Academy of Salon Services",
    "state":"TN",
    "city":"New Tazewell"
  },
  {
    "unitid":487162,
    "name":"Southern Regional Technical College",
    "state":"GA",
    "city":"Thomasville"
  },
  {
    "unitid":488077,
    "name":"Sonoran Desert Institute",
    "state":"AZ",
    "city":"Tempe"
  },
  {
    "unitid":488448,
    "name":"Seattle Film Institute",
    "state":"WA",
    "city":"Seattle"
  },
  {
    "unitid":488891,
    "name":"South Dade Technical College-South Dade Skills Center Campus",
    "state":"FL",
    "city":"HOMESTEAD"
  },
  {
    "unitid":489371,
    "name":"Spartan College of Aeronautics and Technology",
    "state":"CA",
    "city":"Riverside"
  },
  {
    "unitid":490160,
    "name":"Sacramento Ultrasound Institute",
    "state":"CA",
    "city":"Sacramento"
  },
  {
    "unitid":491066,
    "name":"Strand Institute of Beauty & Esthetics",
    "state":"TX",
    "city":"Portland"
  },
  {
    "unitid":491543,
    "name":"San Bernardino Beauty College",
    "state":"CA",
    "city":"San Bernardino"
  },
  {
    "unitid":491792,
    "name":"Stacey James Institute",
    "state":"CO",
    "city":"Parker"
  },
  {
    "unitid":491817,
    "name":"Seminary Bnos Chaim",
    "state":"NJ",
    "city":"Lakewood"
  },
  {
    "unitid":491835,
    "name":"Salon Professional Academy of San Antonio",
    "state":"TX",
    "city":"San Antonio"
  },
  {
    "unitid":491923,
    "name":"Southeastern Esthetics Institute",
    "state":"SC",
    "city":"Columbia"
  },
  {
    "unitid":492953,
    "name":"Salon Success Academy-West Covina",
    "state":"CA",
    "city":"West Covina"
  },
  {
    "unitid":493512,
    "name":"San Diego Global Knowledge University",
    "state":"CA",
    "city":"San Diego"
  },
  {
    "unitid":493637,
    "name":"South Eastern Beauty Academy",
    "state":"KY",
    "city":"Paintsville"
  },
  {
    "unitid":493895,
    "name":"SANS Technology Institute",
    "state":"MD",
    "city":"North Bethesda"
  },
  {
    "unitid":493992,
    "name":"Southern Careers Institute-Waco",
    "state":"TX",
    "city":"Waco"
  },
  {
    "unitid":494542,
    "name":"Sattler College",
    "state":"Massachusetts",
    "city":null
  },
  {
    "unitid":494852,
    "name":"Stautzenberger College-Rockford Career College",
    "state":"IL",
    "city":"Rockford"
  },
  {
    "unitid":495226,
    "name":"St. Louis Med Tech",
    "state":"MO",
    "city":"St. Louis"
  },
  {
    "unitid":495925,
    "name":"San Joaquin Valley College-Madera",
    "state":"CA",
    "city":"Madera"
  },
  {
    "unitid":495934,
    "name":"San Joaquin Valley College-Delano",
    "state":"CA",
    "city":"Delano"
  },
  {
    "unitid":495943,
    "name":"San Joaquin Valley College-Atascadero",
    "state":"CA",
    "city":"Atascadero"
  },
  {
    "unitid":495952,
    "name":"San Joaquin Valley College-Rancho Mirage",
    "state":"CA",
    "city":"Rancho Mirage"
  },
  {
    "unitid":495961,
    "name":"San Joaquin Valley College-Santa Maria",
    "state":"CA",
    "city":"Santa Maria"
  },
  {
    "unitid":495998,
    "name":"San Joaquin Valley College-Porterville",
    "state":"CA",
    "city":"Porterville"
  },
  {
    "unitid":496654,
    "name":"Sri Sai Krish Institute",
    "state":"CA",
    "city":"Stanton"
  },
  {
    "unitid":496733,
    "name":"Sierra Academy of Style",
    "state":"NV",
    "city":"Carson City"
  },
  {
    "unitid":497222,
    "name":"Salon Professional Academy-Elevate Salon Institute",
    "state":"FL",
    "city":"Miami Beach"
  },
  {
    "unitid":497426,
    "name":"Salon Professional Academy",
    "state":"NJ",
    "city":"Howell"
  },
  {
    "unitid":497435,
    "name":"Southern California College of Barber and Beauty",
    "state":"CA",
    "city":"Escondido"
  },
  {
    "unitid":497684,
    "name":"Sweetwater Institute of Cosmetology",
    "state":"TN",
    "city":"Sweetwater"
  },
  {
    "unitid":497888,
    "name":"Spa Tech Institute-North Andover",
    "state":"MA",
    "city":"North Andover"
  },
  {
    "unitid":497903,
    "name":"Shawnee Beauty College-Academy of Cosmetology & Barbering",
    "state":"OK",
    "city":"Bixby"
  },
  {
    "unitid":498331,
    "name":"San Francisco School of Massage & Bodywork",
    "state":"CA",
    "city":"San Francisco"
  },
  {
    "unitid":498368,
    "name":"Studio 75 Hair Academy",
    "state":"TN",
    "city":"Millington"
  },
  {
    "unitid":498553,
    "name":"Stellar Career College",
    "state":"IL",
    "city":"Chicago"
  },
  {
    "unitid":498766,
    "name":"Sami Halaseh Institute",
    "state":"Kansas",
    "city":null
  },
  {
    "unitid":499680,
    "name":"Stellar Career College-Crown Point",
    "state":"Indiana",
    "city":null
  }
]