[
  {
    "unitid":100751,
    "name":"The University of Alabama",
    "state":"AL",
    "city":"Tuscaloosa"
  },
  {
    "unitid":102298,
    "name":"Talladega College",
    "state":"AL",
    "city":"Talladega"
  },
  {
    "unitid":102368,
    "name":"Troy University",
    "state":"AL",
    "city":"Troy"
  },
  {
    "unitid":102377,
    "name":"Tuskegee University",
    "state":"AL",
    "city":"Tuskegee"
  },
  {
    "unitid":104665,
    "name":"The School of Architecture",
    "state":"AZ",
    "city":"Paradise Valley"
  },
  {
    "unitid":117751,
    "name":"The Master's University and Seminary",
    "state":"CA",
    "city":"Santa Clarita"
  },
  {
    "unitid":123448,
    "name":"Trinity Law School",
    "state":"CA",
    "city":"Santa Ana"
  },
  {
    "unitid":124113,
    "name":"Taft College",
    "state":"CA",
    "city":"Taft"
  },
  {
    "unitid":124292,
    "name":"Thomas Aquinas College",
    "state":"CA",
    "city":"Santa Paula"
  },
  {
    "unitid":125037,
    "name":"The Colleges of Law at Ventura",
    "state":"CA",
    "city":"Ventura"
  },
  {
    "unitid":126012,
    "name":"The Wright Institute",
    "state":"CA",
    "city":"Berkeley"
  },
  {
    "unitid":126049,
    "name":"Thomas Jefferson School of Law",
    "state":"CA",
    "city":"San Diego"
  },
  {
    "unitid":126915,
    "name":"Technical College of the Rockies",
    "state":"CO",
    "city":"Delta"
  },
  {
    "unitid":128258,
    "name":"Trinidad State College",
    "state":"CO",
    "city":"Trinidad"
  },
  {
    "unitid":129808,
    "name":"Three Rivers Community College",
    "state":"CT",
    "city":"Norwich"
  },
  {
    "unitid":130590,
    "name":"Trinity College",
    "state":"CT",
    "city":"Hartford"
  },
  {
    "unitid":131283,
    "name":"The Catholic University of America",
    "state":"DC",
    "city":"Washington"
  },
  {
    "unitid":131876,
    "name":"Trinity Washington University",
    "state":"DC",
    "city":"Washington"
  },
  {
    "unitid":133960,
    "name":"The College of the Florida Keys",
    "state":"FL",
    "city":"Key West"
  },
  {
    "unitid":135522,
    "name":"Traviss Technical College",
    "state":"FL",
    "city":"Lakeland"
  },
  {
    "unitid":135610,
    "name":"Trinity International University-Florida",
    "state":"FL",
    "city":"Miami"
  },
  {
    "unitid":137759,
    "name":"Tallahassee Community College",
    "state":"FL",
    "city":"Tallahassee"
  },
  {
    "unitid":137777,
    "name":"Talmudic College of Florida",
    "state":"FL",
    "city":"Miami Beach"
  },
  {
    "unitid":137847,
    "name":"The University of Tampa",
    "state":"FL",
    "city":"Tampa"
  },
  {
    "unitid":137865,
    "name":"Tom P. Haney Technical College",
    "state":"FL",
    "city":"Panama City"
  },
  {
    "unitid":137953,
    "name":"Trinity Baptist College",
    "state":"FL",
    "city":"Jacksonville"
  },
  {
    "unitid":137962,
    "name":"Trinity College of Florida",
    "state":"FL",
    "city":"Trinity"
  },
  {
    "unitid":138813,
    "name":"The Art Institute of Atlanta",
    "state":"GA",
    "city":"Atlanta"
  },
  {
    "unitid":141167,
    "name":"Thomas University",
    "state":"GA",
    "city":"Thomasville"
  },
  {
    "unitid":141185,
    "name":"Toccoa Falls College",
    "state":"GA",
    "city":"Toccoa Falls"
  },
  {
    "unitid":141237,
    "name":"Truett McConnell University",
    "state":"GA",
    "city":"Cleveland"
  },
  {
    "unitid":142294,
    "name":"The College of Idaho",
    "state":"ID",
    "city":"Caldwell"
  },
  {
    "unitid":143978,
    "name":"The Chicago School at Chicago",
    "state":"IL",
    "city":"Chicago"
  },
  {
    "unitid":144573,
    "name":"Tricoci University of Beauty Culture",
    "state":"IL",
    "city":"Urbana"
  },
  {
    "unitid":146755,
    "name":"Trinity College of Nursing & Health Sciences",
    "state":"IL",
    "city":"Rock Island"
  },
  {
    "unitid":149310,
    "name":"Taylor Business Institute",
    "state":"IL",
    "city":"Chicago"
  },
  {
    "unitid":149329,
    "name":"Telshe Yeshiva-Chicago",
    "state":"IL",
    "city":"Chicago"
  },
  {
    "unitid":149505,
    "name":"Trinity Christian College",
    "state":"IL",
    "city":"Palos Heights"
  },
  {
    "unitid":149514,
    "name":"Trinity International University-Illinois",
    "state":"IL",
    "city":"Deerfield"
  },
  {
    "unitid":149532,
    "name":"Triton College",
    "state":"IL",
    "city":"River Grove"
  },
  {
    "unitid":150303,
    "name":"Tricoci University of Beauty Culture-Highland",
    "state":"IN",
    "city":"Highland"
  },
  {
    "unitid":151564,
    "name":"Taylor Institute of Cosmetology II",
    "state":"IN",
    "city":"Knox"
  },
  {
    "unitid":151607,
    "name":"Tricoci University of Beauty Culture-Lafayette",
    "state":"IN",
    "city":"Lafayette"
  },
  {
    "unitid":152530,
    "name":"Taylor University",
    "state":"IN",
    "city":"Upland"
  },
  {
    "unitid":152567,
    "name":"Trine University",
    "state":"IN",
    "city":"Angola"
  },
  {
    "unitid":154545,
    "name":"The Salon Professional Academy-Cedar Falls",
    "state":"IA",
    "city":"Cedar Falls"
  },
  {
    "unitid":155973,
    "name":"Tabor College",
    "state":"KS",
    "city":"Hillsboro"
  },
  {
    "unitid":157748,
    "name":"The Southern Baptist Theological Seminary",
    "state":"KY",
    "city":"Louisville"
  },
  {
    "unitid":157809,
    "name":"Thomas More University",
    "state":"KY",
    "city":"Crestview Hills"
  },
  {
    "unitid":157818,
    "name":"Transylvania University",
    "state":"KY",
    "city":"Lexington"
  },
  {
    "unitid":160755,
    "name":"Tulane University of Louisiana",
    "state":"LA",
    "city":"New Orleans"
  },
  {
    "unitid":161208,
    "name":"The Landing School",
    "state":"ME",
    "city":"Arundel"
  },
  {
    "unitid":161563,
    "name":"Thomas College",
    "state":"ME",
    "city":"Waterville"
  },
  {
    "unitid":164076,
    "name":"Towson University",
    "state":"MD",
    "city":"Towson"
  },
  {
    "unitid":167057,
    "name":"The New England Conservatory of Music",
    "state":"MA",
    "city":"Boston"
  },
  {
    "unitid":168148,
    "name":"Tufts University",
    "state":"MA",
    "city":"Medford"
  },
  {
    "unitid":171012,
    "name":"The Michigan Barber School",
    "state":"MI",
    "city":"Detroit"
  },
  {
    "unitid":171599,
    "name":"The University of Olivet",
    "state":"MI",
    "city":"Olivet"
  },
  {
    "unitid":172477,
    "name":"Thomas M Cooley Law School",
    "state":"MI",
    "city":"Lansing"
  },
  {
    "unitid":172495,
    "name":"Twin City Beauty College",
    "state":"MI",
    "city":"Saint Joseph"
  },
  {
    "unitid":174899,
    "name":"The College of Saint Scholastica",
    "state":"MN",
    "city":"Duluth"
  },
  {
    "unitid":176406,
    "name":"Tougaloo College",
    "state":"MS",
    "city":"Tougaloo"
  },
  {
    "unitid":178615,
    "name":"Truman State University",
    "state":"MO",
    "city":"Kirksville"
  },
  {
    "unitid":179645,
    "name":"Three Rivers College",
    "state":"MO",
    "city":"Poplar Bluff"
  },
  {
    "unitid":180489,
    "name":"The University of Montana",
    "state":"MT",
    "city":"Missoula"
  },
  {
    "unitid":180692,
    "name":"The University of Montana-Western",
    "state":"MT",
    "city":"Dillon"
  },
  {
    "unitid":182500,
    "name":"Truckee Meadows Community College",
    "state":"NV",
    "city":"Reno"
  },
  {
    "unitid":183275,
    "name":"Thomas More College of Liberal Arts",
    "state":"NH",
    "city":"Merrimack"
  },
  {
    "unitid":186900,
    "name":"Talmudical Academy-New Jersey",
    "state":"NJ",
    "city":"Adelphia"
  },
  {
    "unitid":187046,
    "name":"Thomas Edison State University",
    "state":"NJ",
    "city":"Trenton"
  },
  {
    "unitid":187134,
    "name":"The College of New Jersey",
    "state":"NJ",
    "city":"Ewing"
  },
  {
    "unitid":188669,
    "name":"The Ailey School",
    "state":"NY",
    "city":"New York"
  },
  {
    "unitid":190372,
    "name":"The Cooper Union for the Advancement of Science and Art",
    "state":"NY",
    "city":"New York"
  },
  {
    "unitid":192110,
    "name":"The Juilliard School",
    "state":"NY",
    "city":"New York"
  },
  {
    "unitid":193654,
    "name":"The New School",
    "state":"NY",
    "city":"New York"
  },
  {
    "unitid":195049,
    "name":"The Rockefeller University",
    "state":"NY",
    "city":"New York"
  },
  {
    "unitid":195234,
    "name":"The College of Saint Rose",
    "state":"NY",
    "city":"Albany"
  },
  {
    "unitid":196431,
    "name":"Talmudical Seminary Oholei Torah",
    "state":"NY",
    "city":"Brooklyn"
  },
  {
    "unitid":196440,
    "name":"Talmudical Institute of Upstate New York",
    "state":"NY",
    "city":"Rochester"
  },
  {
    "unitid":196468,
    "name":"Teachers College at Columbia University",
    "state":"NY",
    "city":"New York"
  },
  {
    "unitid":196565,
    "name":"Tompkins Cortland Community College",
    "state":"NY",
    "city":"Dryden"
  },
  {
    "unitid":196583,
    "name":"Torah Temimah Talmudical Seminary",
    "state":"NY",
    "city":"Staten Island"
  },
  {
    "unitid":196592,
    "name":"Touro University",
    "state":"NY",
    "city":"New York"
  },
  {
    "unitid":196653,
    "name":"Trocaire College",
    "state":"NY",
    "city":"Buffalo"
  },
  {
    "unitid":197285,
    "name":"The College of Westchester",
    "state":"NY",
    "city":"White Plains"
  },
  {
    "unitid":199795,
    "name":"Tri-County Community College",
    "state":"NC",
    "city":"Murphy"
  },
  {
    "unitid":200484,
    "name":"Trinity Bible College and Graduate School",
    "state":"ND",
    "city":"Ellendale"
  },
  {
    "unitid":200527,
    "name":"Turtle Mountain Community College",
    "state":"ND",
    "city":"Belcourt"
  },
  {
    "unitid":201821,
    "name":"The Christ College of Nursing and Health Sciences",
    "state":"OH",
    "city":"Cincinnati"
  },
  {
    "unitid":202763,
    "name":"The University of Findlay",
    "state":"OH",
    "city":"Findlay"
  },
  {
    "unitid":204459,
    "name":"Toledo Public Schools Adult and Continuing Education",
    "state":"OH",
    "city":"Toledo"
  },
  {
    "unitid":204769,
    "name":"The Spa School",
    "state":"OH",
    "city":"Columbus"
  },
  {
    "unitid":204893,
    "name":"Trinity Health System School of Nursing",
    "state":"OH",
    "city":"Steubenville"
  },
  {
    "unitid":205391,
    "name":"The Modern College of Design",
    "state":"OH",
    "city":"Kettering"
  },
  {
    "unitid":206011,
    "name":"Terra State Community College",
    "state":"OH",
    "city":"Fremont"
  },
  {
    "unitid":206039,
    "name":"Tiffin Academy of Hair Design",
    "state":"OH",
    "city":"Tiffin"
  },
  {
    "unitid":206048,
    "name":"Tiffin University",
    "state":"OH",
    "city":"Tiffin"
  },
  {
    "unitid":206154,
    "name":"Tri-State Bible College",
    "state":"OH",
    "city":"South Point"
  },
  {
    "unitid":206172,
    "name":"Tri-County Adult Career Center",
    "state":"OH",
    "city":"Nelsonville"
  },
  {
    "unitid":206181,
    "name":"Tri-Rivers Career Center",
    "state":"OH",
    "city":"Marion"
  },
  {
    "unitid":206394,
    "name":"The North Coast College",
    "state":"OH",
    "city":"Lakewood"
  },
  {
    "unitid":206589,
    "name":"The College of Wooster",
    "state":"OH",
    "city":"Wooster"
  },
  {
    "unitid":207935,
    "name":"Tulsa Community College",
    "state":"OK",
    "city":"Tulsa"
  },
  {
    "unitid":207962,
    "name":"Tulsa Welding School-Tulsa",
    "state":"OK",
    "city":"Tulsa"
  },
  {
    "unitid":210234,
    "name":"Treasure Valley Community College",
    "state":"OR",
    "city":"Ontario"
  },
  {
    "unitid":210711,
    "name":"The  Beauty Institute",
    "state":"PA",
    "city":"Whitehall"
  },
  {
    "unitid":210784,
    "name":"The Beauty Institute-Ambler",
    "state":"PA",
    "city":"Ambler"
  },
  {
    "unitid":215530,
    "name":"The Salon Professional Academy-Altoona",
    "state":"PA",
    "city":"Altoona"
  },
  {
    "unitid":216223,
    "name":"The Beauty Institute",
    "state":"PA",
    "city":"Stroudsburg"
  },
  {
    "unitid":216296,
    "name":"Thaddeus Stevens College of Technology",
    "state":"PA",
    "city":"Lancaster"
  },
  {
    "unitid":216311,
    "name":"Talmudical Yeshiva of Philadelphia",
    "state":"PA",
    "city":"Philadelphia"
  },
  {
    "unitid":216339,
    "name":"Temple University",
    "state":"PA",
    "city":"Philadelphia"
  },
  {
    "unitid":216348,
    "name":"Theological Seminary of the Reformed Episcopal Church",
    "state":"PA",
    "city":"Blue Bell"
  },
  {
    "unitid":216357,
    "name":"Thiel College",
    "state":"PA",
    "city":"Greenville"
  },
  {
    "unitid":216366,
    "name":"Thomas Jefferson University",
    "state":"PA",
    "city":"Philadelphia"
  },
  {
    "unitid":216436,
    "name":"Triangle Tech Inc-Pittsburgh",
    "state":"PA",
    "city":"Pittsburgh"
  },
  {
    "unitid":216445,
    "name":"Triangle Tech Inc-Greensburg",
    "state":"PA",
    "city":"Greensburg"
  },
  {
    "unitid":216454,
    "name":"Triangle Tech Inc-Dubois",
    "state":"PA",
    "city":"Falls Creek"
  },
  {
    "unitid":216463,
    "name":"Trinity Episcopal School for Ministry",
    "state":"PA",
    "city":"Ambridge"
  },
  {
    "unitid":217712,
    "name":"Technical College of the Lowcountry",
    "state":"SC",
    "city":"Beaufort"
  },
  {
    "unitid":218885,
    "name":"Tri-County Technical College",
    "state":"SC",
    "city":"Pendleton"
  },
  {
    "unitid":218894,
    "name":"Trident Technical College",
    "state":"SC",
    "city":"Charleston"
  },
  {
    "unitid":219037,
    "name":"The Salon Professional Academy",
    "state":"SD",
    "city":"Rapid City"
  },
  {
    "unitid":219596,
    "name":"Tennessee College of Applied Technology-Athens",
    "state":"TN",
    "city":"Athens"
  },
  {
    "unitid":219921,
    "name":"Tennessee College of Applied Technology-Covington",
    "state":"TN",
    "city":"Covington"
  },
  {
    "unitid":219994,
    "name":"Tennessee College of Applied Technology-Dickson",
    "state":"TN",
    "city":"Dickson"
  },
  {
    "unitid":220127,
    "name":"Tennessee College of Applied Technology-Elizabethton",
    "state":"TN",
    "city":"Elizabethton"
  },
  {
    "unitid":220163,
    "name":"The Hair Academy LLC",
    "state":"TN",
    "city":"Fayetteville"
  },
  {
    "unitid":220251,
    "name":"Tennessee College of Applied Technology-Harriman",
    "state":"TN",
    "city":"Harriman"
  },
  {
    "unitid":220279,
    "name":"Tennessee College of Applied Technology-Hartsville",
    "state":"TN",
    "city":"Hartsville"
  },
  {
    "unitid":220321,
    "name":"Tennessee College of Applied Technology-Hohenwald",
    "state":"TN",
    "city":"Hohenwald"
  },
  {
    "unitid":220394,
    "name":"Tennessee College of Applied Technology-Jacksboro",
    "state":"TN",
    "city":"Jacksboro"
  },
  {
    "unitid":220640,
    "name":"Tennessee College of Applied Technology-Livingston",
    "state":"TN",
    "city":"Livingston"
  },
  {
    "unitid":220701,
    "name":"The University of Tennessee Southern",
    "state":"TN",
    "city":"Pulaski"
  },
  {
    "unitid":220756,
    "name":"Tennessee College of Applied Technology-McKenzie",
    "state":"TN",
    "city":"McKenzie"
  },
  {
    "unitid":220853,
    "name":"Tennessee College of Applied Technology-Memphis",
    "state":"TN",
    "city":"Memphis"
  },
  {
    "unitid":221050,
    "name":"Tennessee College of Applied Technology-Morristown",
    "state":"TN",
    "city":"Morristown"
  },
  {
    "unitid":221102,
    "name":"Tennessee College of Applied Technology-Murfreesboro",
    "state":"TN",
    "city":"Murfreesboro"
  },
  {
    "unitid":221236,
    "name":"Tennessee College of Applied Technology Northwest",
    "state":"TN",
    "city":"Newbern"
  },
  {
    "unitid":221281,
    "name":"Tennessee College of Applied Technology-Henry\/Carroll",
    "state":"TN",
    "city":"Paris"
  },
  {
    "unitid":221333,
    "name":"Tennessee College of Applied Technology-Pulaski",
    "state":"TN",
    "city":"Pulaski"
  },
  {
    "unitid":221388,
    "name":"Tennessee College of Applied Technology-Ripley",
    "state":"TN",
    "city":"Ripley"
  },
  {
    "unitid":221430,
    "name":"Tennessee College of Applied Technology-Crump",
    "state":"TN",
    "city":"Crump"
  },
  {
    "unitid":221494,
    "name":"Tennessee College of Applied Technology-Shelbyville",
    "state":"TN",
    "city":"Shelbyville"
  },
  {
    "unitid":221519,
    "name":"The University of the South",
    "state":"TN",
    "city":"Sewanee"
  },
  {
    "unitid":221582,
    "name":"Tennessee College of Applied Technology-Oneida-Huntsville",
    "state":"TN",
    "city":"Huntsville"
  },
  {
    "unitid":221591,
    "name":"Tennessee College of Applied Technology-Crossville",
    "state":"TN",
    "city":"Crossville"
  },
  {
    "unitid":221607,
    "name":"Tennessee College of Applied Technology-McMinnville",
    "state":"TN",
    "city":"McMinnville"
  },
  {
    "unitid":221616,
    "name":"Tennessee College of Applied Technology-Jackson",
    "state":"TN",
    "city":"Jackson"
  },
  {
    "unitid":221625,
    "name":"Tennessee College of Applied Technology-Knoxville",
    "state":"TN",
    "city":"Knoxville"
  },
  {
    "unitid":221731,
    "name":"Tennessee Wesleyan University",
    "state":"TN",
    "city":"Athens"
  },
  {
    "unitid":221740,
    "name":"The University of Tennessee-Chattanooga",
    "state":"TN",
    "city":"Chattanooga"
  },
  {
    "unitid":221759,
    "name":"The University of Tennessee-Knoxville",
    "state":"TN",
    "city":"Knoxville"
  },
  {
    "unitid":221768,
    "name":"The University of Tennessee-Martin",
    "state":"TN",
    "city":"Martin"
  },
  {
    "unitid":221829,
    "name":"Tennessee School of Beauty of Knoxville Inc",
    "state":"TN",
    "city":"Knoxville"
  },
  {
    "unitid":221838,
    "name":"Tennessee State University",
    "state":"TN",
    "city":"Nashville"
  },
  {
    "unitid":221847,
    "name":"Tennessee Technological University",
    "state":"TN",
    "city":"Cookeville"
  },
  {
    "unitid":221892,
    "name":"Trevecca Nazarene University",
    "state":"TN",
    "city":"Nashville"
  },
  {
    "unitid":221953,
    "name":"Tusculum University",
    "state":"TN",
    "city":"Greeneville"
  },
  {
    "unitid":222938,
    "name":"The Art Institute of Houston",
    "state":"TX",
    "city":"Houston"
  },
  {
    "unitid":224147,
    "name":"Texas A & M University-Corpus Christi",
    "state":"TX",
    "city":"Corpus Christi"
  },
  {
    "unitid":224545,
    "name":"Texas A&M University-Texarkana",
    "state":"TX",
    "city":"Texarkana"
  },
  {
    "unitid":224554,
    "name":"Texas A & M University-Commerce",
    "state":"TX",
    "city":"Commerce"
  },
  {
    "unitid":225308,
    "name":"Trinity Valley Community College",
    "state":"TX",
    "city":"Athens"
  },
  {
    "unitid":226152,
    "name":"Texas A & M International University",
    "state":"TX",
    "city":"Laredo"
  },
  {
    "unitid":227058,
    "name":"Tint School of Makeup & Cosmetology",
    "state":"TX",
    "city":"Irving"
  },
  {
    "unitid":227368,
    "name":"The University of Texas Rio Grande Valley",
    "state":"TX",
    "city":"Edinburg"
  },
  {
    "unitid":227377,
    "name":"Texas Southmost College",
    "state":"TX",
    "city":"Brownsville"
  },
  {
    "unitid":228459,
    "name":"Texas State University",
    "state":"TX",
    "city":"San Marcos"
  },
  {
    "unitid":228529,
    "name":"Tarleton State University",
    "state":"TX",
    "city":"Stephenville"
  },
  {
    "unitid":228547,
    "name":"Tarrant County College District",
    "state":"TX",
    "city":"Fort Worth"
  },
  {
    "unitid":228608,
    "name":"Temple College",
    "state":"TX",
    "city":"Temple"
  },
  {
    "unitid":228644,
    "name":"The University of Texas Health Science Center at San Antonio",
    "state":"TX",
    "city":"San Antonio"
  },
  {
    "unitid":228653,
    "name":"The University of Texas Medical Branch at Galveston",
    "state":"TX",
    "city":"Galveston"
  },
  {
    "unitid":228699,
    "name":"Texarkana College",
    "state":"TX",
    "city":"Texarkana"
  },
  {
    "unitid":228705,
    "name":"Texas A & M University-Kingsville",
    "state":"TX",
    "city":"Kingsville"
  },
  {
    "unitid":228723,
    "name":"Texas A & M University-College Station",
    "state":"TX",
    "city":"College Station"
  },
  {
    "unitid":228732,
    "name":"Texas A & M University-System Office",
    "state":"Texas",
    "city":null
  },
  {
    "unitid":228769,
    "name":"The University of Texas at Arlington",
    "state":"TX",
    "city":"Arlington"
  },
  {
    "unitid":228778,
    "name":"The University of Texas at Austin",
    "state":"TX",
    "city":"Austin"
  },
  {
    "unitid":228787,
    "name":"The University of Texas at Dallas",
    "state":"TX",
    "city":"Richardson"
  },
  {
    "unitid":228796,
    "name":"The University of Texas at El Paso",
    "state":"TX",
    "city":"El Paso"
  },
  {
    "unitid":228802,
    "name":"The University of Texas at Tyler",
    "state":"TX",
    "city":"Tyler"
  },
  {
    "unitid":228866,
    "name":"Texas Chiropractic College Foundation Inc",
    "state":"TX",
    "city":"Pasadena"
  },
  {
    "unitid":228875,
    "name":"Texas Christian University",
    "state":"TX",
    "city":"Fort Worth"
  },
  {
    "unitid":228884,
    "name":"Texas College",
    "state":"TX",
    "city":"Tyler"
  },
  {
    "unitid":228981,
    "name":"Texas Lutheran University",
    "state":"TX",
    "city":"Seguin"
  },
  {
    "unitid":229018,
    "name":"The University of Texas Permian Basin",
    "state":"TX",
    "city":"Odessa"
  },
  {
    "unitid":229027,
    "name":"The University of Texas at San Antonio",
    "state":"TX",
    "city":"San Antonio"
  },
  {
    "unitid":229063,
    "name":"Texas Southern University",
    "state":"TX",
    "city":"Houston"
  },
  {
    "unitid":229090,
    "name":"The University of Texas System Office",
    "state":"Texas",
    "city":null
  },
  {
    "unitid":229115,
    "name":"Texas Tech University",
    "state":"TX",
    "city":"Lubbock"
  },
  {
    "unitid":229160,
    "name":"Texas Wesleyan University",
    "state":"TX",
    "city":"Fort Worth"
  },
  {
    "unitid":229179,
    "name":"Texas Woman's University",
    "state":"TX",
    "city":"Denton"
  },
  {
    "unitid":229267,
    "name":"Trinity University",
    "state":"TX",
    "city":"San Antonio"
  },
  {
    "unitid":229300,
    "name":"The University of Texas Health Science Center at Houston",
    "state":"TX",
    "city":"Houston"
  },
  {
    "unitid":229337,
    "name":"Texas Tech University Health Sciences Center",
    "state":"TX",
    "city":"Lubbock"
  },
  {
    "unitid":229355,
    "name":"Tyler Junior College",
    "state":"TX",
    "city":"Tyler"
  },
  {
    "unitid":232919,
    "name":"Tidewater Tech-Trades",
    "state":"VA",
    "city":"Norfolk"
  },
  {
    "unitid":233772,
    "name":"Tidewater Community College",
    "state":"VA",
    "city":"Norfolk"
  },
  {
    "unitid":235167,
    "name":"The Evergreen State College",
    "state":"WA",
    "city":"Olympia"
  },
  {
    "unitid":235352,
    "name":"Toni & Guy Hairdressing Academy-Shoreline",
    "state":"WA",
    "city":"Shoreline"
  },
  {
    "unitid":236753,
    "name":"Tacoma Community College",
    "state":"WA",
    "city":"Tacoma"
  },
  {
    "unitid":238810,
    "name":"The Professional Hair Design Academy",
    "state":"WI",
    "city":"Eau Claire"
  },
  {
    "unitid":245281,
    "name":"Traxlers School of Hair",
    "state":"MS",
    "city":"Jackson"
  },
  {
    "unitid":247047,
    "name":"The Salon Professional Academy-Nampa",
    "state":"ID",
    "city":"Nampa"
  },
  {
    "unitid":248925,
    "name":"Tennessee College of Applied Technology Nashville",
    "state":"TN",
    "city":"Nashville"
  },
  {
    "unitid":367088,
    "name":"Tricoci University of Beauty Culture LLC-Bloomington",
    "state":"IN",
    "city":"Bloomington"
  },
  {
    "unitid":368832,
    "name":"Thanh Le College School of Cosmetology",
    "state":"CA",
    "city":"Garden Grove"
  },
  {
    "unitid":375540,
    "name":"Toledo Academy of Beauty Culture-East",
    "state":"OH",
    "city":"OREGON"
  },
  {
    "unitid":377315,
    "name":"Texas College of Cosmetology-Abilene",
    "state":"TX",
    "city":"Abilene"
  },
  {
    "unitid":385132,
    "name":"The Salon Professional Academy-Melbourne",
    "state":"FL",
    "city":"Melbourne"
  },
  {
    "unitid":392257,
    "name":"The College of Health Care Professions-Northwest",
    "state":"TX",
    "city":"Houston"
  },
  {
    "unitid":402800,
    "name":"Tri-State Cosmetology Institute",
    "state":"TX",
    "city":"El Paso"
  },
  {
    "unitid":407595,
    "name":"Trumbull Career & Technical Center",
    "state":"OH",
    "city":"Warren"
  },
  {
    "unitid":409379,
    "name":"Tennessee Board of Regents",
    "state":"Tennessee",
    "city":null
  },
  {
    "unitid":414869,
    "name":"Tricoci University of Beauty Culture-Indianapolis",
    "state":"IN",
    "city":"Indianapolis"
  },
  {
    "unitid":414878,
    "name":"Trine University-Regional\/Non-Traditional Campuses",
    "state":"IN",
    "city":"Angola"
  },
  {
    "unitid":416801,
    "name":"The University of Texas MD Anderson Cancer Center",
    "state":"TX",
    "city":"Houston"
  },
  {
    "unitid":418968,
    "name":"Tint School of Makeup and Cosmetology-Dallas",
    "state":"TX",
    "city":"Grand Prairie"
  },
  {
    "unitid":419633,
    "name":"Texas College of Cosmetology-San Angelo",
    "state":"TX",
    "city":"San Angelo"
  },
  {
    "unitid":420723,
    "name":"Tillamook Bay Community College",
    "state":"OR",
    "city":"Tillamook"
  },
  {
    "unitid":430704,
    "name":"Texas Health and Science University",
    "state":"TX",
    "city":"Austin"
  },
  {
    "unitid":434344,
    "name":"Toni & Guy Hairdressing Academy-Worcester",
    "state":"MA",
    "city":"Worcester"
  },
  {
    "unitid":436775,
    "name":"Toni & Guy Hairdressing Academy-Plano",
    "state":"TX",
    "city":"Plano"
  },
  {
    "unitid":437635,
    "name":"The College of Health Care Professions-Austin",
    "state":"TX",
    "city":"Austin"
  },
  {
    "unitid":437732,
    "name":"The Chicago School-College of Nursing",
    "state":"TX",
    "city":"Richardson"
  },
  {
    "unitid":438674,
    "name":"The Academy of Hair Design Six",
    "state":"MS",
    "city":"Hattiesburg"
  },
  {
    "unitid":439154,
    "name":"Texas Tech University System Administration",
    "state":"Texas",
    "city":null
  },
  {
    "unitid":439701,
    "name":"The King's University",
    "state":"TX",
    "city":"Southlake"
  },
  {
    "unitid":440989,
    "name":"Texas Barber College",
    "state":"TX",
    "city":"Houston"
  },
  {
    "unitid":441131,
    "name":"The Seattle School of Theology & Psychology",
    "state":"WA",
    "city":"Seattle"
  },
  {
    "unitid":441487,
    "name":"Texas County Technical College",
    "state":"MO",
    "city":"Houston"
  },
  {
    "unitid":442329,
    "name":"Tulsa Welding School-Jacksonville",
    "state":"FL",
    "city":"Jacksonville"
  },
  {
    "unitid":442781,
    "name":"Tohono O'Odham Community College",
    "state":"AZ",
    "city":"Sells"
  },
  {
    "unitid":443289,
    "name":"Tigi Hairdressing Academy-Colorado Springs",
    "state":"CO",
    "city":"Colorado Springs"
  },
  {
    "unitid":443298,
    "name":"Trend Barber College",
    "state":"TX",
    "city":"Houston"
  },
  {
    "unitid":443377,
    "name":"Triangle Tech Inc-Sunbury",
    "state":"PA",
    "city":"Sunbury"
  },
  {
    "unitid":444404,
    "name":"The Beauty Institute",
    "state":"FL",
    "city":"West  Palm Beach"
  },
  {
    "unitid":444936,
    "name":"Turning Point Beauty College",
    "state":"AZ",
    "city":"Casa Grande"
  },
  {
    "unitid":445054,
    "name":"Toyota Technological Institute at Chicago",
    "state":"IL",
    "city":"Chicago"
  },
  {
    "unitid":447591,
    "name":"The College of Health Care Professions-Southwest Houston",
    "state":"TX",
    "city":"Houston"
  },
  {
    "unitid":447704,
    "name":"Tucson College of Beauty",
    "state":"AZ",
    "city":"Tucson"
  },
  {
    "unitid":447865,
    "name":"Trendsetters School of Beauty & Barbering",
    "state":"FL",
    "city":"Jacksonville"
  },
  {
    "unitid":448026,
    "name":"The Salon Professional Academy-Fargo",
    "state":"ND",
    "city":"Fargo"
  },
  {
    "unitid":448196,
    "name":"Texas Health School",
    "state":"TX",
    "city":"Houston"
  },
  {
    "unitid":448859,
    "name":"Triangle Tech Inc-Bethlehem",
    "state":"PA",
    "city":"Bethlehem"
  },
  {
    "unitid":449250,
    "name":"The College of Health Care Professions-San Antonio",
    "state":"TX",
    "city":"San Antonio"
  },
  {
    "unitid":449524,
    "name":"Taylor College",
    "state":"FL",
    "city":"Belleview"
  },
  {
    "unitid":450650,
    "name":"The Institute of Beauty and Wellness",
    "state":"WI",
    "city":"Milwaukee"
  },
  {
    "unitid":450711,
    "name":"Trend Barber College",
    "state":"TX",
    "city":"Houston"
  },
  {
    "unitid":451307,
    "name":"The Salon Professional Academy-Battle Creek",
    "state":"MI",
    "city":"Battle Creek"
  },
  {
    "unitid":451316,
    "name":"Trend Setters School",
    "state":"MO",
    "city":"Cape Girardeau"
  },
  {
    "unitid":451404,
    "name":"Talmudical Seminary of Bobov",
    "state":"NY",
    "city":"Brooklyn"
  },
  {
    "unitid":451820,
    "name":"The Art Institute of Austin",
    "state":"TX",
    "city":"Bastrop"
  },
  {
    "unitid":451918,
    "name":"TC Beauty",
    "state":"TN",
    "city":"Johnson City"
  },
  {
    "unitid":452009,
    "name":"The Hair Academy",
    "state":"ND",
    "city":"Bismarck"
  },
  {
    "unitid":454184,
    "name":"The King's College",
    "state":"NY",
    "city":"New York"
  },
  {
    "unitid":454537,
    "name":"The Salon Professional Academy-Appleton",
    "state":"WI",
    "city":"Appleton"
  },
  {
    "unitid":454689,
    "name":"Taft University System",
    "state":"CO",
    "city":"Lakewood"
  },
  {
    "unitid":454962,
    "name":"The University of Aesthetics & Cosmetology",
    "state":"IL",
    "city":"Downers Grove"
  },
  {
    "unitid":454971,
    "name":"Tricoci University of Beauty Culture-Chicago NW",
    "state":"IL",
    "city":"Chicago"
  },
  {
    "unitid":454980,
    "name":"Tricoci University of Beauty Culture-Glendale Heights",
    "state":"IL",
    "city":"Glendale Heights"
  },
  {
    "unitid":454999,
    "name":"Tricoci University of Beauty Culture-Peoria",
    "state":"IL",
    "city":"Peoria"
  },
  {
    "unitid":455008,
    "name":"Tricoci University of Beauty Culture-Rockford",
    "state":"IL",
    "city":"Rockford"
  },
  {
    "unitid":455187,
    "name":"Total Image Beauty Academy",
    "state":"NJ",
    "city":"Union City"
  },
  {
    "unitid":455433,
    "name":"The Chicago School at Anaheim",
    "state":"CA",
    "city":"Anaheim"
  },
  {
    "unitid":455664,
    "name":"The Chicago School at Los Angeles",
    "state":"CA",
    "city":"Los Angeles"
  },
  {
    "unitid":455886,
    "name":"Tricoci University of Beauty Culture-Libertyville",
    "state":"IL",
    "city":"Libertyville"
  },
  {
    "unitid":455895,
    "name":"Tricoci University of Beauty Culture-Bridgeview",
    "state":"IL",
    "city":"Bridgeview"
  },
  {
    "unitid":455901,
    "name":"The Temple-A Paul Mitchell Partner School",
    "state":"MD",
    "city":"Frederick"
  },
  {
    "unitid":455929,
    "name":"The Academy of Hair Design LLC",
    "state":"OK",
    "city":"Oklahoma City"
  },
  {
    "unitid":455965,
    "name":"Toni & Guy Hairdressing Academy-Cranston",
    "state":"RI",
    "city":"Cranston"
  },
  {
    "unitid":457332,
    "name":"TIGI Hairdressing Academy Guilford",
    "state":"CT",
    "city":"Guilford"
  },
  {
    "unitid":457448,
    "name":"Tenaj Salon Institute",
    "state":"FL",
    "city":"The Villages"
  },
  {
    "unitid":457837,
    "name":"The Salon Professional Academy-Tonawanda",
    "state":"NY",
    "city":"Tonawanda"
  },
  {
    "unitid":458061,
    "name":"Texas Beauty College",
    "state":"TX",
    "city":"Haltom city"
  },
  {
    "unitid":458098,
    "name":"The Salon Professional Academy-Lewisville",
    "state":"TX",
    "city":"Lewisville"
  },
  {
    "unitid":458168,
    "name":"The Salon Professional Academy-Onalaska",
    "state":"WI",
    "city":"Onalaska"
  },
  {
    "unitid":458496,
    "name":"The Art Institute of Virginia Beach",
    "state":"VA",
    "city":"Virginia Beach"
  },
  {
    "unitid":458982,
    "name":"The Art Institute of San Antonio",
    "state":"TX",
    "city":"San Antonio"
  },
  {
    "unitid":459295,
    "name":"The Salon Professional Academy-Colorado Springs",
    "state":"CO",
    "city":"Colorado Springs"
  },
  {
    "unitid":459347,
    "name":"The Salon Professional Academy-Ft Myers",
    "state":"FL",
    "city":"Fort Myers"
  },
  {
    "unitid":459392,
    "name":"The Salon Professional Academy-Evansville",
    "state":"IN",
    "city":"Evansville"
  },
  {
    "unitid":459408,
    "name":"Tri County Regional Vocational Technical High School",
    "state":"MA",
    "city":"Franklin"
  },
  {
    "unitid":459727,
    "name":"Touro University Worldwide",
    "state":"CA",
    "city":"Los Alamitos"
  },
  {
    "unitid":459736,
    "name":"Touro University California",
    "state":"CA",
    "city":"Vallejo"
  },
  {
    "unitid":459745,
    "name":"The Chicago School at Washington DC",
    "state":"DC",
    "city":"Washington"
  },
  {
    "unitid":459824,
    "name":"Touro University Nevada",
    "state":"NV",
    "city":"Henderson"
  },
  {
    "unitid":459949,
    "name":"Texas A&M University-San Antonio",
    "state":"TX",
    "city":"San Antonio"
  },
  {
    "unitid":460987,
    "name":"The Salon Professional Academy",
    "state":"AR",
    "city":"Sherwood"
  },
  {
    "unitid":460996,
    "name":"The Salon Professional Academy-St Charles",
    "state":"MO",
    "city":"St. Charles"
  },
  {
    "unitid":461494,
    "name":"Taylor Andrews Academy of Hair Design-West Jordan",
    "state":"UT",
    "city":"West Jordan"
  },
  {
    "unitid":461908,
    "name":"The Salon Professional Academy-Kenosha",
    "state":"WI",
    "city":"Kenosha"
  },
  {
    "unitid":461926,
    "name":"Taylor Andrews Academy-St George",
    "state":"UT",
    "city":"St. George"
  },
  {
    "unitid":462345,
    "name":"The Salon Professional Academy",
    "state":"IL",
    "city":"Plainfield"
  },
  {
    "unitid":470393,
    "name":"Tricoci University of Beauty Culture-Chicago NE",
    "state":"IL",
    "city":"Chicago"
  },
  {
    "unitid":475228,
    "name":"The Colleges of Law at Santa Barbara",
    "state":"CA",
    "city":"Santa Barbara"
  },
  {
    "unitid":475237,
    "name":"The University of America",
    "state":"California",
    "city":null
  },
  {
    "unitid":475723,
    "name":"Tooele Technical College",
    "state":"UT",
    "city":"Tooele"
  },
  {
    "unitid":476063,
    "name":"Tulsa Welding School-Jacksonville",
    "state":"FL",
    "city":"Jacksonville"
  },
  {
    "unitid":476568,
    "name":"Tomorrow's Image Barber And Beauty Academy of Virginia",
    "state":"VA",
    "city":"Newport News"
  },
  {
    "unitid":476708,
    "name":"The Barber School",
    "state":"UT",
    "city":"Midvale"
  },
  {
    "unitid":480824,
    "name":"The College of Health Care Professions-Dallas",
    "state":"TX",
    "city":"Dallas"
  },
  {
    "unitid":480833,
    "name":"The College of Health Care Professions-Fort Worth",
    "state":"TX",
    "city":"Fort Worth"
  },
  {
    "unitid":480976,
    "name":"The Salon Professional Academy-Huntsville",
    "state":"AL",
    "city":"Huntsville"
  },
  {
    "unitid":481100,
    "name":"Top Nails & Hair Beauty School",
    "state":"UT",
    "city":"Taylorsville"
  },
  {
    "unitid":481340,
    "name":"The Salon Professional Academy-Nashville",
    "state":"TN",
    "city":"Nashville"
  },
  {
    "unitid":481526,
    "name":"The Chrysm Institute of Esthetics",
    "state":"VA",
    "city":"Virginia Beach"
  },
  {
    "unitid":482167,
    "name":"Trenz Beauty Academy",
    "state":"IL",
    "city":"Calumet City"
  },
  {
    "unitid":483036,
    "name":"Texas A&M University-Central Texas",
    "state":"TX",
    "city":"Killeen"
  },
  {
    "unitid":483230,
    "name":"The Fab School",
    "state":"CA",
    "city":"Rancho Cucamonga"
  },
  {
    "unitid":483735,
    "name":"Total Transformation Institute of Cosmetology",
    "state":"TX",
    "city":"San Marcos"
  },
  {
    "unitid":484127,
    "name":"TIGI Hairdressing Academy Newtown",
    "state":"CT",
    "city":"Newtown"
  },
  {
    "unitid":484206,
    "name":"The Salon Professional Academy-San Jose",
    "state":"CA",
    "city":"San Jose"
  },
  {
    "unitid":484233,
    "name":"Tri-Community Adult Education",
    "state":"CA",
    "city":"Covina"
  },
  {
    "unitid":484394,
    "name":"Taylor Andrews Academy of Hair Design-Provo",
    "state":"UT",
    "city":"Provo"
  },
  {
    "unitid":485360,
    "name":"The Vocational Nursing Institute Inc",
    "state":"TX",
    "city":"Houston"
  },
  {
    "unitid":485953,
    "name":"The Recording Conservatory of Austin",
    "state":"TX",
    "city":"Austin"
  },
  {
    "unitid":486123,
    "name":"Theatre of Arts",
    "state":"CA",
    "city":"Hollywood"
  },
  {
    "unitid":486150,
    "name":"Treasure Coast Technical College",
    "state":"FL",
    "city":"Vero Beach"
  },
  {
    "unitid":486798,
    "name":"Tulsa Welding School-Houston",
    "state":"TX",
    "city":"Houston"
  },
  {
    "unitid":487010,
    "name":"The University of Tennessee Health Science Center",
    "state":"TN",
    "city":"Memphis"
  },
  {
    "unitid":487153,
    "name":"The Chicago School at Xavier University of Louisiana",
    "state":"LA",
    "city":"New Orleans"
  },
  {
    "unitid":487232,
    "name":"Texas College of Cosmetology-Lubbock",
    "state":"TX",
    "city":"Lubbock"
  },
  {
    "unitid":487320,
    "name":"Texas State Technical College",
    "state":"TX",
    "city":"Waco"
  },
  {
    "unitid":487533,
    "name":"Tricoci University of Beauty Culture-Elgin",
    "state":"IL",
    "city":"Elgin"
  },
  {
    "unitid":487676,
    "name":"The Temple Annapolis-A Paul Mitchell Partner School",
    "state":"MD",
    "city":"Annapolis"
  },
  {
    "unitid":487807,
    "name":"Top of the Line Barber College",
    "state":"SC",
    "city":"Charleston"
  },
  {
    "unitid":488129,
    "name":"Textures Institute of Cosmetology",
    "state":"IN",
    "city":"Indianapolis"
  },
  {
    "unitid":488800,
    "name":"Teachers College of San Joaquin",
    "state":"CA",
    "city":"Stockton"
  },
  {
    "unitid":488934,
    "name":"Tulsa Technology Center",
    "state":"OK",
    "city":"Tulsa"
  },
  {
    "unitid":489283,
    "name":"The College of Health Care Professions-McAllen Campus",
    "state":"TX",
    "city":"McAllen"
  },
  {
    "unitid":490443,
    "name":"The Esthetic Institute",
    "state":"VA",
    "city":"Vienna"
  },
  {
    "unitid":491190,
    "name":"The Chicago School at San Diego",
    "state":"CA",
    "city":"San Diego"
  },
  {
    "unitid":491224,
    "name":"Tricoci University of Beauty Culture-Janesville",
    "state":"WI",
    "city":"Janesville"
  },
  {
    "unitid":491251,
    "name":"The Culinary School of Fort Worth",
    "state":"TX",
    "city":"Fort Worth"
  },
  {
    "unitid":491774,
    "name":"Transitions Career Institute School of Nursing",
    "state":"NY",
    "city":"Flushing"
  },
  {
    "unitid":491996,
    "name":"The Salon Professional Academy-Georgetown",
    "state":"TX",
    "city":"Georgetown"
  },
  {
    "unitid":492087,
    "name":"The Continents States University",
    "state":"Missouri",
    "city":null
  },
  {
    "unitid":492263,
    "name":"The University of Tennessee System Office",
    "state":"Tennessee",
    "city":null
  },
  {
    "unitid":492360,
    "name":"The Salon Professional Academy-Delray Beach",
    "state":"FL",
    "city":"Delray Beach"
  },
  {
    "unitid":492607,
    "name":"The Chicago School at Dallas",
    "state":"TX",
    "city":"Richardson"
  },
  {
    "unitid":492689,
    "name":"Texas Tech University Health Sciences Center-El Paso",
    "state":"TX",
    "city":"El Paso"
  },
  {
    "unitid":492722,
    "name":"The College of Health Care Professions-South San Antonio",
    "state":"TX",
    "city":"San Antonio"
  },
  {
    "unitid":493910,
    "name":"Tuana European Beauty Academy",
    "state":"CO",
    "city":"Fort Collins"
  },
  {
    "unitid":494232,
    "name":"The Salon Professional Academy-Washington DC",
    "state":"DC",
    "city":"Washington"
  },
  {
    "unitid":494603,
    "name":"The Southwestern Baptist Theological Seminary",
    "state":"TX",
    "city":"Fort Worth"
  },
  {
    "unitid":494694,
    "name":"Texas Healthtech Institute",
    "state":"TX",
    "city":"Beaumont"
  },
  {
    "unitid":494719,
    "name":"Tonsorial Arts Barber College",
    "state":"TX",
    "city":"Texarkana"
  },
  {
    "unitid":495235,
    "name":"Total Beauty Institute",
    "state":"FL",
    "city":"Jacksonville"
  },
  {
    "unitid":495305,
    "name":"The Professional Cosmetology Academy",
    "state":"TX",
    "city":"Laredo"
  },
  {
    "unitid":495341,
    "name":"Taylor Andrews Academy of Hair Design-Hair Lab Detroit Barber School",
    "state":"MI",
    "city":"Southgate"
  },
  {
    "unitid":495730,
    "name":"Tricoci University of Beauty Culture-Normal",
    "state":"IL",
    "city":"Normal"
  },
  {
    "unitid":496265,
    "name":"Triangle Tech-Chambersburg",
    "state":"PA",
    "city":"Chambersburg"
  },
  {
    "unitid":496539,
    "name":"The  Salon Professional Academy of Holland",
    "state":"MI",
    "city":"Holland"
  },
  {
    "unitid":497189,
    "name":"The Rapha School",
    "state":"PA",
    "city":"Home"
  },
  {
    "unitid":497392,
    "name":"Top of the Line Barber School",
    "state":"TX",
    "city":"San Antonio"
  },
  {
    "unitid":497499,
    "name":"Technology Learning Center",
    "state":"MA",
    "city":"Oxford"
  },
  {
    "unitid":498298,
    "name":"The Salon Professional Academy Maplewood",
    "state":"Minnesota",
    "city":null
  },
  {
    "unitid":498359,
    "name":"The Salon Professional Academy",
    "state":"PA",
    "city":"Collegeville"
  },
  {
    "unitid":498836,
    "name":"The Nurse Academy",
    "state":"California",
    "city":null
  },
  {
    "unitid":499705,
    "name":"Tulsa Welding School-Dallas Campus",
    "state":"Texas",
    "city":null
  }
]